-- phpMyAdmin SQL Dump
-- version 4.9.2
-- https://www.phpmyadmin.net/
--
-- Host: 127.0.0.1
-- Generation Time: Dec 17, 2021 at 12:22 PM
-- Server version: 10.4.11-MariaDB
-- PHP Version: 7.4.1

SET SQL_MODE = "NO_AUTO_VALUE_ON_ZERO";
SET AUTOCOMMIT = 0;
START TRANSACTION;
SET time_zone = "+00:00";


/*!40101 SET @OLD_CHARACTER_SET_CLIENT=@@CHARACTER_SET_CLIENT */;
/*!40101 SET @OLD_CHARACTER_SET_RESULTS=@@CHARACTER_SET_RESULTS */;
/*!40101 SET @OLD_COLLATION_CONNECTION=@@COLLATION_CONNECTION */;
/*!40101 SET NAMES utf8mb4 */;

--
-- Database: `onelm`
--

-- --------------------------------------------------------

--
-- Table structure for table `attachments`
--

CREATE TABLE `attachments` (
  `id` int(11) NOT NULL,
  `created_at` datetime(6) NOT NULL DEFAULT current_timestamp(6),
  `updated_at` datetime(6) NOT NULL DEFAULT current_timestamp(6) ON UPDATE current_timestamp(6),
  `deleted_at` datetime(6) DEFAULT NULL,
  `target_type` varchar(20) NOT NULL,
  `file_id` int(11) NOT NULL,
  `target_id` int(11) NOT NULL,
  `user_id` int(11) NOT NULL
) ENGINE=InnoDB DEFAULT CHARSET=latin1;

--
-- Dumping data for table `attachments`
--

INSERT INTO `attachments` (`id`, `created_at`, `updated_at`, `deleted_at`, `target_type`, `file_id`, `target_id`, `user_id`) VALUES
(1, '2021-07-12 17:04:38.173805', '2021-07-15 22:33:39.000000', '2021-07-15 22:33:39.000000', 'WOR', 1, 1, 1),
(2, '2021-07-15 20:20:56.005835', '2021-07-15 20:21:12.000000', '2021-07-15 20:21:12.000000', 'EMP', 2, 10, 2),
(3, '2021-07-15 22:33:31.845866', '2021-07-15 22:33:31.845866', NULL, 'WOR', 3, 1, 1),
(4, '2021-07-26 00:58:12.809596', '2021-07-26 00:58:12.809596', NULL, 'EMP', 5, 2, 2),
(5, '2021-08-10 23:28:25.834100', '2021-08-10 23:30:20.000000', '2021-08-10 23:30:20.000000', 'ORG', 6, 80, 1),
(6, '2021-08-10 23:29:48.818464', '2021-08-10 23:30:22.000000', '2021-08-10 23:30:22.000000', 'ORG', 7, 80, 1),
(7, '2021-08-10 23:32:49.334249', '2021-08-10 23:32:49.334249', NULL, 'WOR', 8, 9, 1),
(8, '2021-08-10 23:32:57.985058', '2021-08-10 23:32:57.985058', NULL, 'WOR', 9, 9, 1),
(9, '2021-09-01 19:13:05.501172', '2021-09-01 19:13:05.501172', NULL, 'PEN', 11, 23, 0),
(10, '2021-09-28 21:28:06.653961', '2021-09-28 21:32:12.000000', '2021-09-28 21:32:12.000000', 'PEN', 14, 31, 0),
(11, '2021-09-28 21:32:12.497947', '2021-12-17 02:04:09.624907', '2021-10-01 19:48:32.000000', 'PEN', 15, 31, 0),
(12, '2021-10-13 20:32:50.266018', '2021-10-13 20:32:50.266018', NULL, 'WOR', 16, 17, 1),
(13, '2021-10-13 20:32:55.896707', '2021-10-13 20:32:55.896707', NULL, 'WOR', 17, 17, 1),
(14, '2021-10-31 17:52:12.257752', '2021-10-31 17:52:12.257752', NULL, 'PEN', 18, 43, 0),
(15, '2021-10-31 17:52:12.333900', '2021-10-31 17:52:12.333900', NULL, 'PEN', 19, 43, 0),
(16, '2021-10-31 17:52:12.409641', '2021-10-31 17:52:12.409641', NULL, 'PEN', 20, 43, 0),
(17, '2021-10-31 21:03:41.068984', '2021-10-31 21:03:41.068984', NULL, 'PEN', 21, 41, 0),
(18, '2021-10-31 23:10:42.120689', '2021-10-31 23:10:42.120689', NULL, 'PEN', 22, 47, 0),
(19, '2021-11-03 23:00:05.794216', '2021-11-03 23:00:05.794216', NULL, 'PEN', 23, 45, 0),
(20, '2021-11-07 20:02:56.986628', '2021-11-07 20:02:56.986628', NULL, 'emp', 24, 1, 1),
(21, '2021-11-07 20:03:53.383978', '2021-11-07 20:03:53.383978', NULL, 'emp', 25, 1, 1),
(22, '2021-11-08 20:27:51.169589', '2021-11-09 21:43:46.000000', '2021-11-09 21:43:46.000000', 'emp', 26, 12, 12),
(23, '2021-11-30 01:00:13.279304', '2021-11-30 01:00:13.279304', NULL, 'WOR', 27, 12, 1),
(24, '2021-11-30 01:00:14.148104', '2021-11-30 01:00:14.148104', NULL, 'WOR', 28, 12, 1),
(25, '2021-11-30 01:01:01.025012', '2021-11-30 01:01:01.025012', NULL, 'WOR', 29, 12, 1),
(26, '2021-12-02 17:32:53.027838', '2021-12-02 17:32:53.027838', NULL, 'WOR', 30, 25, 1),
(27, '2021-12-02 19:24:10.562203', '2021-12-02 19:24:10.562203', NULL, 'PEN', 31, 58, 8);

-- --------------------------------------------------------

--
-- Table structure for table `bank_accounts`
--

CREATE TABLE `bank_accounts` (
  `id` int(11) NOT NULL,
  `created_at` datetime(6) NOT NULL DEFAULT current_timestamp(6),
  `updated_at` datetime(6) NOT NULL DEFAULT current_timestamp(6) ON UPDATE current_timestamp(6),
  `deleted_at` datetime(6) DEFAULT NULL,
  `name` varchar(255) NOT NULL,
  `account_no` varchar(255) NOT NULL,
  `bsb` varchar(255) NOT NULL,
  `organization_id` int(11) DEFAULT NULL,
  `employee_id` int(11) DEFAULT NULL
) ENGINE=InnoDB DEFAULT CHARSET=latin1;

--
-- Dumping data for table `bank_accounts`
--

INSERT INTO `bank_accounts` (`id`, `created_at`, `updated_at`, `deleted_at`, `name`, `account_no`, `bsb`, `organization_id`, `employee_id`) VALUES
(1, '2021-07-03 00:28:47.052677', '2021-07-04 01:56:00.000000', NULL, '1LM Pty Ltd', '786942007', '082902', 1, NULL),
(2, '2021-07-03 00:28:48.258909', '2021-07-03 00:28:48.258909', NULL, '', '', '', NULL, 1),
(3, '2021-07-03 18:49:06.463822', '2021-07-03 18:49:06.463822', NULL, '', '', '', NULL, 2),
(4, '2021-07-04 01:48:09.504086', '2021-07-04 01:48:09.504086', NULL, '', '', '', 2, NULL),
(5, '2021-07-04 02:01:52.514392', '2021-07-04 02:09:04.000000', NULL, 'Castiel Consulting', '10250310', '062575', 3, NULL),
(6, '2021-07-04 19:13:42.747501', '2021-07-04 19:13:42.747501', NULL, '', '', '', NULL, 7),
(7, '2021-07-05 19:25:05.481460', '2021-07-05 19:25:05.481460', NULL, '', '', '', 4, NULL),
(8, '2021-07-12 04:29:20.743409', '2021-07-12 04:29:20.743409', NULL, '', '', '', NULL, 9),
(9, '2021-07-12 04:46:13.017383', '2021-07-12 04:46:13.017383', NULL, '', '', '', NULL, 10),
(10, '2021-07-12 04:56:00.175303', '2021-07-12 04:56:00.175303', NULL, '', '', '', NULL, 11),
(11, '2021-07-12 05:07:21.970736', '2021-07-12 05:07:21.970736', NULL, '', '', '', NULL, 12),
(12, '2021-07-12 05:14:44.695736', '2021-07-12 05:14:44.695736', NULL, '', '', '', NULL, 13),
(13, '2021-07-12 05:21:52.981112', '2021-07-12 05:21:52.981112', NULL, '', '', '', NULL, 14),
(14, '2021-07-12 05:28:03.585502', '2021-07-12 05:28:03.585502', NULL, '', '', '', NULL, 15),
(15, '2021-07-13 00:27:12.995684', '2021-07-13 00:27:12.995684', NULL, '', '', '', 5, NULL),
(16, '2021-07-13 00:28:38.673659', '2021-07-13 00:28:38.673659', NULL, '', '', '', 6, NULL),
(17, '2021-07-13 00:29:25.310692', '2021-07-13 00:29:25.310692', NULL, '', '', '', 7, NULL),
(18, '2021-07-13 00:31:44.963040', '2021-07-13 00:31:44.963040', NULL, '', '', '', 8, NULL),
(19, '2021-07-13 00:32:26.575069', '2021-07-13 00:32:26.575069', NULL, '', '', '', 9, NULL),
(20, '2021-07-13 00:32:53.549626', '2021-07-13 00:32:53.549626', NULL, '', '', '', 10, NULL),
(21, '2021-07-13 00:39:59.596236', '2021-07-13 00:39:59.596236', NULL, '', '', '', 11, NULL),
(22, '2021-07-13 02:52:37.197822', '2021-07-13 02:52:37.197822', NULL, '', '', '', 12, NULL),
(23, '2021-07-13 03:35:43.766263', '2021-07-13 03:35:43.766263', NULL, '', '', '', 13, NULL),
(24, '2021-07-13 20:25:46.139212', '2021-07-13 20:25:46.139212', NULL, '', '', '', 14, NULL),
(25, '2021-07-13 20:27:23.590089', '2021-07-13 20:27:23.590089', NULL, '', '', '', 15, NULL),
(26, '2021-07-13 20:31:22.341566', '2021-07-13 20:31:22.341566', NULL, '', '', '', 16, NULL),
(27, '2021-07-13 20:34:49.797707', '2021-07-13 20:34:49.797707', NULL, '', '', '', 17, NULL),
(28, '2021-07-13 20:35:22.268098', '2021-07-13 20:35:22.268098', NULL, '', '', '', 18, NULL),
(29, '2021-07-13 20:36:13.141866', '2021-07-13 20:36:13.141866', NULL, '', '', '', 19, NULL),
(30, '2021-07-13 20:37:15.681330', '2021-07-13 20:37:15.681330', NULL, '', '', '', 20, NULL),
(31, '2021-07-13 20:40:09.990599', '2021-07-13 20:40:09.990599', NULL, '', '', '', 21, NULL),
(32, '2021-07-13 20:42:04.477118', '2021-07-13 20:42:04.477118', NULL, '', '', '', 22, NULL),
(33, '2021-07-13 20:43:30.712292', '2021-07-13 20:43:30.712292', NULL, '', '', '', 23, NULL),
(34, '2021-07-13 20:44:15.815682', '2021-07-13 20:44:15.815682', NULL, '', '', '', 24, NULL),
(35, '2021-07-13 20:44:49.240151', '2021-07-13 20:44:49.240151', NULL, '', '', '', 25, NULL),
(36, '2021-07-13 20:45:35.222556', '2021-07-13 20:45:35.222556', NULL, '', '', '', 26, NULL),
(37, '2021-07-13 20:46:22.833002', '2021-07-13 20:46:22.833002', NULL, '', '', '', 27, NULL),
(38, '2021-07-13 20:46:59.204303', '2021-07-13 20:46:59.204303', NULL, '', '', '', 28, NULL),
(39, '2021-07-13 20:52:19.104234', '2021-07-13 20:52:19.104234', NULL, '', '', '', 29, NULL),
(40, '2021-07-13 20:55:01.198575', '2021-07-13 20:55:01.198575', NULL, '', '', '', 30, NULL),
(41, '2021-07-13 20:55:46.159276', '2021-07-13 20:55:46.159276', NULL, '', '', '', 31, NULL),
(42, '2021-07-13 20:56:24.047643', '2021-07-13 20:56:24.047643', NULL, '', '', '', 32, NULL),
(43, '2021-07-13 20:58:41.764314', '2021-07-13 20:58:41.764314', NULL, '', '', '', 33, NULL),
(44, '2021-07-13 21:00:30.432299', '2021-07-13 21:00:30.432299', NULL, '', '', '', 34, NULL),
(45, '2021-07-13 21:01:17.476778', '2021-07-13 21:01:17.476778', NULL, '', '', '', 35, NULL),
(46, '2021-07-13 21:02:01.153352', '2021-07-13 21:02:01.153352', NULL, '', '', '', 36, NULL),
(47, '2021-07-13 21:02:30.412723', '2021-07-13 21:02:30.412723', NULL, '', '', '', 37, NULL),
(48, '2021-07-13 21:10:24.620773', '2021-07-13 21:10:24.620773', NULL, '', '', '', 38, NULL),
(49, '2021-07-13 21:11:01.713534', '2021-07-13 21:11:01.713534', NULL, '', '', '', 39, NULL),
(50, '2021-07-13 21:11:36.017593', '2021-07-13 21:11:36.017593', NULL, '', '', '', 40, NULL),
(51, '2021-07-13 21:12:06.448657', '2021-07-13 21:12:06.448657', NULL, '', '', '', 41, NULL),
(52, '2021-07-13 21:14:15.387626', '2021-07-13 21:14:15.387626', NULL, '', '', '', 42, NULL),
(53, '2021-07-13 21:14:49.951661', '2021-07-13 21:14:49.951661', NULL, '', '', '', 43, NULL),
(54, '2021-07-13 21:18:32.390083', '2021-07-13 21:18:32.390083', NULL, '', '', '', 44, NULL),
(55, '2021-07-13 21:19:15.133610', '2021-07-13 21:19:15.133610', NULL, '', '', '', 45, NULL),
(56, '2021-07-13 21:20:01.168088', '2021-07-13 21:20:01.168088', NULL, '', '', '', 46, NULL),
(57, '2021-07-13 21:21:08.067144', '2021-07-13 21:21:08.067144', NULL, '', '', '', 47, NULL),
(58, '2021-07-13 21:22:02.238568', '2021-07-13 21:22:02.238568', NULL, '', '', '', 48, NULL),
(59, '2021-07-13 21:28:55.996197', '2021-07-13 21:28:55.996197', NULL, '', '', '', 49, NULL),
(60, '2021-07-13 21:49:58.983086', '2021-07-13 21:49:58.983086', NULL, '', '', '', 50, NULL),
(61, '2021-07-13 21:52:55.708580', '2021-07-13 21:52:55.708580', NULL, '', '', '', 51, NULL),
(62, '2021-07-13 21:53:38.792650', '2021-07-13 21:53:38.792650', NULL, '', '', '', 52, NULL),
(63, '2021-07-13 21:54:34.111924', '2021-07-13 21:54:34.111924', NULL, '', '', '', 53, NULL),
(64, '2021-07-13 21:55:54.637338', '2021-07-13 21:55:54.637338', NULL, '', '', '', 54, NULL),
(65, '2021-07-13 21:56:59.289019', '2021-07-13 21:56:59.289019', NULL, '', '', '', 55, NULL),
(66, '2021-07-13 21:57:38.368975', '2021-07-13 21:57:38.368975', NULL, '', '', '', 56, NULL),
(67, '2021-07-13 21:58:25.855177', '2021-07-13 21:58:25.855177', NULL, '', '', '', 57, NULL),
(68, '2021-07-14 00:17:38.637043', '2021-07-14 00:17:38.637043', NULL, '', '', '', 58, NULL),
(69, '2021-07-14 00:18:24.539811', '2021-07-14 00:18:24.539811', NULL, '', '', '', 59, NULL),
(70, '2021-07-14 00:19:18.875858', '2021-07-14 00:19:18.875858', NULL, '', '', '', 60, NULL),
(71, '2021-07-14 00:21:20.660301', '2021-07-14 00:21:20.660301', NULL, '', '', '', 61, NULL),
(72, '2021-07-14 00:34:00.475215', '2021-07-14 00:34:00.475215', NULL, '', '', '', 62, NULL),
(73, '2021-07-14 00:36:35.128106', '2021-07-14 00:36:35.128106', NULL, '', '', '', 63, NULL),
(74, '2021-07-14 00:38:07.759722', '2021-07-14 00:38:07.759722', NULL, '', '', '', 64, NULL),
(75, '2021-07-14 00:39:39.398681', '2021-07-14 00:39:39.398681', NULL, '', '', '', 65, NULL),
(76, '2021-07-14 00:41:33.542815', '2021-07-14 00:41:33.542815', NULL, '', '', '', 66, NULL),
(77, '2021-07-14 00:45:54.061139', '2021-07-14 00:45:54.061139', NULL, '', '', '', 67, NULL),
(78, '2021-07-14 00:47:52.096762', '2021-07-14 00:47:52.096762', NULL, '', '', '', 68, NULL),
(79, '2021-07-14 00:49:01.842072', '2021-07-14 00:49:01.842072', NULL, '', '', '', 69, NULL),
(80, '2021-07-14 00:50:30.010308', '2021-07-14 00:50:30.010308', NULL, '', '', '', 70, NULL),
(81, '2021-07-23 02:13:43.969718', '2021-07-23 02:13:43.969718', NULL, '', '', '', 71, NULL),
(82, '2021-07-23 02:14:34.939468', '2021-07-23 02:14:34.939468', NULL, '', '', '', 72, NULL),
(83, '2021-07-23 02:15:08.208486', '2021-07-23 02:15:08.208486', NULL, '', '', '', 73, NULL),
(84, '2021-07-23 02:15:58.505398', '2021-07-23 02:15:58.505398', NULL, '', '', '', 74, NULL),
(85, '2021-07-23 02:17:18.035812', '2021-07-23 02:17:18.035812', NULL, '', '', '', 75, NULL),
(86, '2021-07-23 02:20:22.202279', '2021-07-23 02:20:22.202279', NULL, '', '', '', 76, NULL),
(87, '2021-07-23 02:21:35.979295', '2021-07-23 02:21:35.979295', NULL, '', '', '', 77, NULL),
(88, '2021-07-23 02:23:24.712036', '2021-07-23 02:23:24.712036', NULL, '', '', '', 78, NULL),
(89, '2021-07-23 02:58:11.463075', '2021-07-23 02:58:11.463075', NULL, '', '', '', 79, NULL),
(90, '2021-07-28 02:17:57.118052', '2021-07-28 02:17:57.118052', NULL, '', '', '', NULL, 16),
(91, '2021-08-10 23:26:12.462436', '2021-08-10 23:26:12.462436', NULL, '', '', '', 80, NULL),
(92, '2021-08-10 23:47:18.855212', '2021-08-10 23:47:18.855212', NULL, '', '', '', 81, NULL),
(93, '2021-11-29 18:52:49.134329', '2021-11-29 18:52:49.134329', NULL, '', '', '', 82, NULL),
(94, '2021-11-29 18:55:44.698353', '2021-11-29 18:55:44.698353', NULL, '', '', '', 83, NULL),
(95, '2021-11-29 18:57:34.467589', '2021-11-29 18:57:34.467589', NULL, '', '', '', 84, NULL),
(96, '2021-11-29 19:17:20.020314', '2021-11-29 19:17:20.020314', NULL, '', '', '', 85, NULL),
(97, '2021-12-01 22:02:05.309567', '2021-12-01 22:02:05.309567', NULL, '', '', '', 86, NULL);

-- --------------------------------------------------------

--
-- Table structure for table `calendars`
--

CREATE TABLE `calendars` (
  `id` int(11) NOT NULL,
  `created_at` datetime(6) NOT NULL DEFAULT current_timestamp(6),
  `updated_at` datetime(6) NOT NULL DEFAULT current_timestamp(6) ON UPDATE current_timestamp(6),
  `deleted_at` datetime(6) DEFAULT NULL,
  `label` varchar(255) NOT NULL,
  `is_active` tinyint(4) NOT NULL
) ENGINE=InnoDB DEFAULT CHARSET=latin1;

-- --------------------------------------------------------

--
-- Table structure for table `calendar_holidays`
--

CREATE TABLE `calendar_holidays` (
  `id` int(11) NOT NULL,
  `created_at` datetime(6) NOT NULL DEFAULT current_timestamp(6),
  `updated_at` datetime(6) NOT NULL DEFAULT current_timestamp(6) ON UPDATE current_timestamp(6),
  `deleted_at` datetime(6) DEFAULT NULL,
  `calendar_id` int(11) DEFAULT NULL,
  `holiday_type_id` int(11) DEFAULT NULL,
  `date` datetime NOT NULL
) ENGINE=InnoDB DEFAULT CHARSET=latin1;

-- --------------------------------------------------------

--
-- Table structure for table `comments`
--

CREATE TABLE `comments` (
  `id` int(11) NOT NULL,
  `created_at` datetime(6) NOT NULL DEFAULT current_timestamp(6),
  `updated_at` datetime(6) NOT NULL DEFAULT current_timestamp(6) ON UPDATE current_timestamp(6),
  `deleted_at` datetime(6) DEFAULT NULL,
  `content` varchar(255) NOT NULL,
  `target_type` varchar(20) NOT NULL,
  `target_id` int(11) NOT NULL,
  `user_id` int(11) NOT NULL
) ENGINE=InnoDB DEFAULT CHARSET=latin1;

--
-- Dumping data for table `comments`
--

INSERT INTO `comments` (`id`, `created_at`, `updated_at`, `deleted_at`, `content`, `target_type`, `target_id`, `user_id`) VALUES
(1, '2021-07-04 19:27:44.635553', '2021-07-04 19:27:44.635553', NULL, 'MS 05/07/21 - All set up until opportunity level work well. Now I am converting this opportunity to project.', 'WOR', 1, 1),
(2, '2021-07-05 19:11:26.651557', '2021-07-05 19:11:26.651557', NULL, 'Profit & Loss calculation is not correct.', 'WOR', 2, 1),
(3, '2021-07-07 19:29:06.043929', '2021-07-07 19:29:06.043929', NULL, 'abc', 'WOR', 2, 1),
(4, '2021-07-19 00:55:53.632872', '2021-07-19 00:55:53.632872', NULL, 'Unlikely to drop until mid-Aug', 'WOR', 7, 2),
(5, '2021-07-19 00:58:14.405348', '2021-07-19 00:58:14.405348', NULL, 'Revised GO% from 90 to 50', 'WOR', 7, 2),
(6, '2021-07-21 02:53:33.230731', '2021-07-21 02:53:33.230731', NULL, 'test comment', 'WOR', 6, 2),
(7, '2021-10-13 20:32:07.251323', '2021-10-13 20:32:07.251323', NULL, '22 Sep 21 - Approved WO received from SA. No need to submit invoices to SA as it is RCTI basis per Adiba Ahmed SA email dated 22/09/21.', 'WOR', 17, 1),
(8, '2021-10-13 21:07:58.264070', '2021-10-13 21:07:58.264070', NULL, '22 Sep 21 - WO No. D325033953 - Contract option for further period up to 12 months.', 'WOR', 17, 1),
(9, '2021-10-13 21:10:23.777314', '2021-10-13 21:51:01.000000', '2021-10-13 21:51:01.000000', '22 Sep 21 - Work Expenses should be invoiced to DHS.electronicinvoicing@servicesaustralia.gov.au.', 'WOR', 17, 1);

-- --------------------------------------------------------

--
-- Table structure for table `contact_persons`
--

CREATE TABLE `contact_persons` (
  `id` int(11) NOT NULL,
  `created_at` datetime(6) NOT NULL DEFAULT current_timestamp(6),
  `updated_at` datetime(6) NOT NULL DEFAULT current_timestamp(6) ON UPDATE current_timestamp(6),
  `deleted_at` datetime(6) DEFAULT NULL,
  `first_name` varchar(255) NOT NULL,
  `last_name` varchar(255) NOT NULL,
  `gender` enum('M','F','O') NOT NULL,
  `date_of_birth` datetime DEFAULT NULL,
  `phone_number` varchar(255) DEFAULT NULL,
  `email` varchar(255) DEFAULT NULL,
  `address` varchar(255) DEFAULT NULL,
  `state_id` int(11) DEFAULT NULL,
  `clearance_level` enum('BV','NV1','NV2','PV','NC') DEFAULT NULL,
  `clearance_granted_date` datetime DEFAULT NULL,
  `clearance_expiry_date` datetime DEFAULT NULL,
  `clearance_sponsor_id` int(11) DEFAULT NULL
) ENGINE=InnoDB DEFAULT CHARSET=latin1;

--
-- Dumping data for table `contact_persons`
--

INSERT INTO `contact_persons` (`id`, `created_at`, `updated_at`, `deleted_at`, `first_name`, `last_name`, `gender`, `date_of_birth`, `phone_number`, `email`, `address`, `state_id`, `clearance_level`, `clearance_granted_date`, `clearance_expiry_date`, `clearance_sponsor_id`) VALUES
(1, '2021-07-03 00:28:47.432439', '2021-07-04 05:43:54.000000', NULL, 'Mustafa', 'Syed', 'M', NULL, '0425 753 523', 'mustafa.syed@1lm.com.au', '92 Burrumarra Avenue Ngunnawal ACT 2913 ', 5, 'BV', '2020-12-21 01:06:18', '2020-12-21 01:07:58', 1),
(3, '2021-07-03 18:47:13.853366', '2021-07-04 05:50:05.000000', NULL, 'Troy', 'Huckstepp', 'M', NULL, '0422 262 820', 'troy.huckstepp@1lm.com.au', NULL, 5, 'NV2', '2020-06-30 14:00:00', '2022-06-29 14:00:00', 1),
(5, '2021-07-04 02:25:26.731292', '2021-07-04 04:55:43.000000', NULL, 'Tony', 'Chung', 'M', NULL, NULL, 'tony.chung@gmail.com', 'PO Box 108 Moruya NSW 2537', 7, 'PV', '2020-08-31 14:00:00', '2022-06-29 14:00:00', 3),
(6, '2021-07-04 05:43:30.165582', '2021-07-12 04:29:20.000000', NULL, 'Joel', 'Deans', 'M', '1974-09-18 14:00:00', '0434 034 635', 'joeldeans@outlook.com', '11 Elimatta Street Reid ACT 2612', 5, NULL, NULL, NULL, NULL),
(7, '2021-07-04 05:48:56.036056', '2021-07-12 04:46:12.000000', NULL, 'Septimus', 'Boshoff', 'M', '1982-11-01 13:00:00', '0420 592 550', 'sjboshoff@gmail.com', '64 Turbayne Crescent Forde ACT 2914', 5, NULL, NULL, NULL, NULL),
(9, '2021-07-04 05:57:41.798295', '2021-07-04 05:57:41.798295', NULL, 'Scott', 'Urbaniak', 'M', NULL, '0430 207 128', 'scott.urbaniak@callida.com.au', '28 National Circuit Forrest ACT 2603', 5, NULL, NULL, NULL, NULL),
(10, '2021-07-04 19:11:21.933890', '2021-07-04 19:11:21.933890', NULL, 'Saman', 'Syed', 'F', NULL, '', 'saman.syed@1lm.com.au', 'Pakistan', 5, NULL, NULL, NULL, NULL),
(11, '2021-07-11 23:08:03.486144', '2021-07-12 04:55:59.000000', NULL, 'Nicholas', 'Wynne', 'M', '1994-09-21 14:00:00', '0417 390 790', 'nswynne@gmail.com', '2 / 5 David Street O\'Connor ACT 2602', 5, NULL, NULL, NULL, NULL),
(12, '2021-07-11 23:18:07.037251', '2021-07-12 05:07:21.000000', NULL, 'Victoria', 'Ter Kuile', 'F', '1995-08-28 14:00:00', '0449 545 947', 'victoria.terkuile@gmail.com', '2 / 5 David Street O’Connor ACT 2602', 5, NULL, NULL, NULL, NULL),
(13, '2021-07-11 23:21:11.288793', '2021-07-12 05:14:44.000000', NULL, 'Kaven', 'Wong', 'M', '1980-03-29 14:00:00', '0418 248 545', 'milliandkaven@live.com', '7 / 317 Goyder Street Narrabundah ACT 2604', 5, NULL, NULL, NULL, NULL),
(14, '2021-07-11 23:23:46.687688', '2021-07-12 05:21:52.000000', NULL, 'Rebecca', 'Flynn', 'F', '1984-08-14 14:00:00', '0439 344 415', 'jon@jonshirley.com.au', '65 Hilder Street Weston ACT 2611', 5, NULL, NULL, NULL, NULL),
(15, '2021-07-11 23:27:43.549406', '2021-07-12 05:28:03.000000', NULL, 'David', 'Mannion', 'M', '1979-01-20 13:00:00', '0431 365 227', 'mannion_david@hotmail.com', '199 Dog Trap Road Marchmont NSW 2582', 7, NULL, NULL, NULL, NULL),
(16, '2021-07-13 22:03:22.323425', '2021-07-13 22:03:22.323425', NULL, 'MAJ GEN Simon', 'Stuart', 'M', NULL, '', '', '', 5, NULL, NULL, NULL, NULL),
(18, '2021-07-13 22:06:30.064648', '2021-07-13 22:06:30.064648', NULL, 'BRIG Ian', 'Langford', 'M', NULL, NULL, NULL, NULL, 5, NULL, NULL, NULL, NULL),
(19, '2021-07-13 22:10:49.316433', '2021-07-13 22:10:49.316433', NULL, 'COL Robin', 'Smith', 'M', NULL, '(02) 6265 1452', 'robin.smith7@defence.gov.au', NULL, 5, NULL, NULL, NULL, NULL),
(20, '2021-07-13 22:12:12.544187', '2021-07-13 22:12:12.544187', NULL, 'MAJ Rachel', 'Ayoub', 'F', NULL, '02 6266 0138', 'rachel.ayoub@defence.gov.au', NULL, 5, NULL, NULL, NULL, NULL),
(21, '2021-07-13 22:13:47.211992', '2021-07-13 22:13:47.211992', NULL, 'Stephen', 'Pearson', 'M', NULL, NULL, NULL, NULL, 5, NULL, NULL, NULL, NULL),
(22, '2021-07-13 22:15:16.690987', '2021-07-13 22:15:16.690987', NULL, 'Tony', 'Fraser', 'M', NULL, NULL, NULL, NULL, 5, NULL, NULL, NULL, NULL),
(23, '2021-07-13 22:16:40.663937', '2021-07-13 22:16:40.663937', NULL, 'VADM Jonathon', 'Mead', 'M', NULL, NULL, NULL, NULL, 5, NULL, NULL, NULL, NULL),
(24, '2021-07-13 22:18:06.642865', '2021-07-13 22:18:06.642865', NULL, 'COL Deane', 'Limmer', 'M', NULL, '0477 376 155', 'deane.limmer@defence.gov.au', NULL, 5, NULL, NULL, NULL, NULL),
(25, '2021-07-13 22:19:27.680561', '2021-07-13 22:19:27.680561', NULL, 'AIRCDRE Leon', 'Phillips', 'M', NULL, NULL, NULL, NULL, 5, NULL, NULL, NULL, NULL),
(26, '2021-07-13 22:20:19.525236', '2021-07-13 22:20:19.525236', NULL, 'BRIG Jeremy', 'King', 'M', NULL, NULL, NULL, NULL, 5, NULL, NULL, NULL, NULL),
(27, '2021-07-13 22:21:07.896952', '2021-07-13 22:21:07.896952', NULL, 'COL Paul', 'Graham', 'M', NULL, NULL, NULL, NULL, 5, NULL, NULL, NULL, NULL),
(28, '2021-07-13 22:21:45.807453', '2021-07-13 22:21:45.807453', NULL, 'COL Josh', 'Gillman', 'M', NULL, NULL, NULL, NULL, 5, NULL, NULL, NULL, NULL),
(29, '2021-07-13 22:22:23.080799', '2021-07-13 22:22:23.080799', NULL, 'COL Colin', 'Bassett', 'M', NULL, NULL, NULL, NULL, 5, NULL, NULL, NULL, NULL),
(30, '2021-07-13 22:23:05.093826', '2021-07-13 22:23:05.093826', NULL, 'BRIG Joanne', 'Whittaker', 'F', NULL, NULL, NULL, NULL, 5, NULL, NULL, NULL, NULL),
(31, '2021-07-13 22:23:50.024724', '2021-07-13 22:23:50.024724', NULL, 'BRIG Warren', 'Gould', 'M', NULL, NULL, NULL, NULL, 5, NULL, NULL, NULL, NULL),
(32, '2021-07-13 22:24:37.737042', '2021-07-13 22:24:37.737042', NULL, 'COL Pinghan', 'Chua', 'M', NULL, NULL, NULL, NULL, 5, NULL, NULL, NULL, NULL),
(33, '2021-07-13 22:26:06.746369', '2021-07-13 22:26:06.746369', NULL, 'COL Piers', 'Cambridge', 'M', NULL, NULL, NULL, NULL, 5, NULL, NULL, NULL, NULL),
(34, '2021-07-13 22:27:14.261911', '2021-07-13 22:27:14.261911', NULL, 'COL Damian', 'McLachlan', 'M', NULL, NULL, NULL, NULL, 5, NULL, NULL, NULL, NULL),
(35, '2021-07-13 22:28:15.207930', '2021-07-13 22:28:15.207930', NULL, 'LTCOL John', 'Van\'t Hof', 'M', NULL, NULL, NULL, NULL, 5, NULL, NULL, NULL, NULL),
(36, '2021-07-13 22:28:54.903588', '2021-07-13 22:28:54.903588', NULL, 'Justin', 'Keefe', 'M', NULL, NULL, NULL, NULL, 5, NULL, NULL, NULL, NULL),
(37, '2021-07-13 22:29:51.650595', '2021-07-13 22:29:51.650595', NULL, 'Lisa', 'Yourmann', 'F', NULL, NULL, NULL, NULL, 5, NULL, NULL, NULL, NULL),
(38, '2021-07-13 22:30:30.869432', '2021-07-13 22:30:30.869432', NULL, 'Rob', 'Doughty', 'M', NULL, NULL, NULL, NULL, 5, NULL, NULL, NULL, NULL),
(39, '2021-07-13 22:31:18.433336', '2021-07-13 22:31:18.433336', NULL, 'COL Kirk', 'Johnstone', 'M', NULL, NULL, NULL, NULL, 5, NULL, NULL, NULL, NULL),
(40, '2021-07-13 22:32:11.265567', '2021-07-13 22:32:11.265567', NULL, 'Dean', 'Welsh', 'M', NULL, NULL, NULL, NULL, 5, NULL, NULL, NULL, NULL),
(41, '2021-07-13 22:34:04.867117', '2021-07-13 22:34:04.867117', NULL, 'Amabel', 'Tielu', 'F', NULL, NULL, NULL, NULL, 5, NULL, NULL, NULL, NULL),
(42, '2021-07-13 22:34:36.094441', '2021-07-13 22:34:36.094441', NULL, 'Helen', 'Thomsett', 'F', NULL, NULL, NULL, NULL, 5, NULL, NULL, NULL, NULL),
(43, '2021-07-13 22:35:11.232425', '2021-07-13 22:35:11.232425', NULL, 'Kate', 'Dann', 'F', NULL, NULL, NULL, NULL, 5, NULL, NULL, NULL, NULL),
(44, '2021-07-13 22:35:50.741743', '2021-07-13 22:35:50.741743', NULL, 'Yvette', 'Larter', 'F', NULL, NULL, NULL, NULL, 5, NULL, NULL, NULL, NULL),
(45, '2021-07-13 22:36:55.710014', '2021-07-13 22:36:55.710014', NULL, 'MAJGEN Murray', 'Thompson', 'M', NULL, NULL, NULL, NULL, 5, NULL, NULL, NULL, NULL),
(46, '2021-07-13 23:13:27.395046', '2021-07-13 23:13:27.395046', NULL, 'Chris', 'Dale', 'M', NULL, NULL, NULL, NULL, 5, NULL, NULL, NULL, NULL),
(47, '2021-07-13 23:14:05.640543', '2021-07-13 23:14:05.640543', NULL, 'BRIG Greg', 'Novak', 'M', NULL, NULL, NULL, NULL, 5, NULL, NULL, NULL, NULL),
(48, '2021-07-13 23:14:31.696954', '2021-07-13 23:14:31.696954', NULL, 'Steve', 'Fievez', 'M', NULL, NULL, NULL, NULL, 5, NULL, NULL, NULL, NULL),
(49, '2021-07-13 23:15:02.652913', '2021-07-13 23:15:02.652913', NULL, 'Jon', 'Dean', 'M', NULL, NULL, NULL, NULL, 5, NULL, NULL, NULL, NULL),
(50, '2021-07-13 23:15:59.850453', '2021-07-13 23:15:59.850453', NULL, 'CAPT Malcolm', 'Strachan', 'M', NULL, NULL, NULL, NULL, 5, NULL, NULL, NULL, NULL),
(51, '2021-07-13 23:16:58.241628', '2021-07-13 23:16:58.241628', NULL, 'Jeff', 'Goedecke', 'M', NULL, NULL, NULL, NULL, 5, NULL, NULL, NULL, NULL),
(52, '2021-07-13 23:17:52.852794', '2021-07-13 23:17:52.852794', NULL, 'Petrina', 'Evans', 'F', NULL, NULL, NULL, NULL, 5, NULL, NULL, NULL, NULL),
(53, '2021-07-13 23:18:28.751779', '2021-07-13 23:18:28.751779', NULL, 'Theresa', 'Coxon', 'F', NULL, NULL, NULL, NULL, 5, NULL, NULL, NULL, NULL),
(54, '2021-07-13 23:19:31.656543', '2021-07-13 23:19:31.656543', NULL, 'Aidan', 'Dalgliesh', 'M', NULL, NULL, NULL, NULL, 5, NULL, NULL, NULL, NULL),
(55, '2021-07-13 23:25:12.268821', '2021-07-13 23:25:12.268821', NULL, 'Cary', 'Farmer', 'M', NULL, NULL, NULL, NULL, 5, NULL, NULL, NULL, NULL),
(56, '2021-07-13 23:49:57.680360', '2021-07-13 23:49:57.680360', NULL, 'MAJGEN Susan', 'Coyle', 'F', NULL, NULL, NULL, NULL, 5, NULL, NULL, NULL, NULL),
(57, '2021-07-13 23:50:54.657886', '2021-07-13 23:50:54.657886', NULL, 'BRIG Robert \'Doc\'', 'Watson', 'M', NULL, NULL, NULL, NULL, 5, NULL, NULL, NULL, NULL),
(58, '2021-07-13 23:51:39.838071', '2021-07-13 23:51:39.838071', NULL, 'CAPT Paul', 'Scott', 'M', NULL, NULL, NULL, NULL, 5, NULL, NULL, NULL, NULL),
(59, '2021-07-14 00:03:28.180203', '2021-07-14 00:03:28.180203', NULL, 'AIRCDRE Jason', 'Begley', 'M', NULL, NULL, NULL, NULL, 5, NULL, NULL, NULL, NULL),
(60, '2021-07-14 00:05:28.385217', '2021-07-14 00:05:28.385217', NULL, 'Scotty', 'Palmer', 'M', NULL, NULL, NULL, NULL, 5, NULL, NULL, NULL, NULL),
(61, '2021-07-14 00:07:41.803593', '2021-07-14 00:07:41.803593', NULL, 'GPCAPT Grant', 'Fifield', 'M', NULL, NULL, NULL, NULL, 5, NULL, NULL, NULL, NULL),
(62, '2021-07-14 00:09:17.165638', '2021-07-14 00:09:17.165638', NULL, 'GPCAPT Jerome', 'Reid', 'M', NULL, NULL, NULL, NULL, 5, NULL, NULL, NULL, NULL),
(63, '2021-07-14 00:13:41.995583', '2021-07-14 00:13:41.995583', NULL, 'Dr Lachlan', 'Pender', 'M', NULL, NULL, NULL, NULL, 5, NULL, NULL, NULL, NULL),
(64, '2021-07-14 00:14:20.206855', '2021-07-14 00:14:20.206855', NULL, 'LTCOL Adam', 'Strickland', 'M', NULL, NULL, NULL, NULL, 5, NULL, NULL, NULL, NULL),
(65, '2021-07-14 00:19:55.706806', '2021-07-14 00:19:55.706806', NULL, 'Sheldon', 'Kidd', 'M', NULL, NULL, NULL, NULL, 5, NULL, NULL, NULL, NULL),
(66, '2021-07-14 00:21:50.754765', '2021-07-14 00:21:50.754765', NULL, 'Luke', 'Brown', 'M', NULL, NULL, NULL, NULL, 5, NULL, NULL, NULL, NULL),
(67, '2021-07-14 00:34:54.088883', '2021-07-14 00:34:54.088883', NULL, 'Gavin', 'Rawlins', 'M', NULL, NULL, NULL, NULL, 5, NULL, NULL, NULL, NULL),
(68, '2021-07-14 00:37:08.306580', '2021-07-14 00:37:08.306580', NULL, 'Michael', 'Apperley', 'M', NULL, NULL, NULL, NULL, 5, NULL, NULL, NULL, NULL),
(69, '2021-07-14 00:38:41.424626', '2021-07-14 00:38:41.424626', NULL, 'Tom', 'Brennan', 'M', NULL, NULL, NULL, NULL, 5, NULL, NULL, NULL, NULL),
(70, '2021-07-14 00:40:11.225817', '2021-07-14 00:40:11.225817', NULL, 'Rosemary', 'Gauci', 'F', NULL, NULL, NULL, NULL, 5, NULL, NULL, NULL, NULL),
(71, '2021-07-14 00:42:29.705772', '2021-07-14 00:42:29.705772', NULL, 'Myra', 'Sefton', 'F', NULL, NULL, NULL, NULL, 5, NULL, NULL, NULL, NULL),
(72, '2021-07-14 00:46:14.160419', '2021-07-14 00:46:14.160419', NULL, 'RADM Wendy', 'Malcolm', 'F', NULL, NULL, NULL, NULL, 5, NULL, NULL, NULL, NULL),
(73, '2021-07-14 00:48:23.643077', '2021-07-14 00:48:23.643077', NULL, 'MAJGEN Andrew', 'Bottrell', 'M', NULL, NULL, NULL, NULL, 5, NULL, NULL, NULL, NULL),
(74, '2021-07-14 00:49:40.489345', '2021-07-14 00:49:40.489345', NULL, 'MAJGEN David', 'Coghlan', 'M', NULL, NULL, NULL, NULL, 1, NULL, NULL, NULL, NULL),
(75, '2021-07-14 00:50:58.502957', '2021-07-14 00:50:58.502957', NULL, 'AVM Greg', 'Hoffmann', 'M', NULL, NULL, NULL, NULL, 5, NULL, NULL, NULL, NULL),
(76, '2021-07-23 02:25:39.802547', '2021-07-23 02:25:39.802547', NULL, 'Elaine', 'Ninham', 'F', NULL, NULL, NULL, NULL, 5, NULL, NULL, NULL, NULL),
(77, '2021-07-23 02:26:32.238492', '2021-07-23 02:26:32.238492', NULL, 'David', 'Lang', 'M', NULL, NULL, NULL, NULL, 5, NULL, NULL, NULL, NULL),
(78, '2021-07-23 02:29:10.452694', '2021-07-23 02:29:10.452694', NULL, 'Lisiane', 'Barao Macleod', 'F', NULL, NULL, NULL, NULL, 5, NULL, NULL, NULL, NULL),
(79, '2021-07-23 02:59:26.299902', '2021-07-23 02:59:26.299902', NULL, 'Andrew', 'Harvey', 'M', NULL, NULL, NULL, NULL, 5, NULL, NULL, NULL, NULL),
(80, '2021-07-28 01:42:15.835875', '2021-07-28 01:42:15.835875', NULL, 'Adam', 'Witanowski', 'M', NULL, NULL, NULL, NULL, 5, NULL, NULL, NULL, NULL),
(81, '2021-11-29 19:02:56.679699', '2021-11-29 19:02:56.679699', NULL, 'WGCDR Richard', 'Poole', 'M', NULL, '02 6268 7224', 'richard.poole@defence.gov.au', 'F3-2-089 Scherger Drive Canberra Airport ACT 2609', 5, NULL, NULL, NULL, NULL),
(82, '2021-11-29 19:25:44.198591', '2021-11-29 19:25:44.198591', NULL, 'David', 'Vincent', 'M', NULL, '0400 332 728', 'david.vincent@dmv.com.au', 'PO Box 909 Jamison ACT 2614', 5, NULL, NULL, NULL, NULL),
(83, '2021-12-01 18:15:09.247568', '2021-12-01 18:15:09.247568', NULL, 'Rowan', 'McKay', 'M', NULL, '0405 506 813', 'loftyone1@bigpond.com', NULL, 5, NULL, NULL, NULL, NULL);

-- --------------------------------------------------------

--
-- Table structure for table `contact_person_organizations`
--

CREATE TABLE `contact_person_organizations` (
  `id` int(11) NOT NULL,
  `created_at` datetime(6) NOT NULL DEFAULT current_timestamp(6),
  `updated_at` datetime(6) NOT NULL DEFAULT current_timestamp(6) ON UPDATE current_timestamp(6),
  `deleted_at` datetime(6) DEFAULT NULL,
  `start_date` datetime NOT NULL,
  `end_date` datetime DEFAULT NULL,
  `designation` varchar(255) NOT NULL,
  `organization_id` int(11) DEFAULT NULL,
  `contact_person_id` int(11) DEFAULT NULL,
  `status` tinyint(4) NOT NULL DEFAULT 0
) ENGINE=InnoDB DEFAULT CHARSET=latin1;

--
-- Dumping data for table `contact_person_organizations`
--

INSERT INTO `contact_person_organizations` (`id`, `created_at`, `updated_at`, `deleted_at`, `start_date`, `end_date`, `designation`, `organization_id`, `contact_person_id`, `status`) VALUES
(1, '2021-07-03 00:28:47.536719', '2021-07-04 05:45:06.000000', NULL, '2020-04-16 14:00:00', NULL, 'Chief Financial Officer', 1, 1, 1),
(2, '2021-07-03 18:47:13.960373', '2021-07-04 05:44:51.000000', NULL, '2020-04-16 14:00:00', NULL, 'Director', 1, 3, 1),
(3, '2021-07-04 04:54:37.581671', '2021-07-04 19:20:26.000000', NULL, '2020-08-31 14:00:00', NULL, 'Chief Executive Officer', 3, 5, 1),
(4, '2021-07-04 05:43:30.270388', '2021-07-12 04:29:20.000000', NULL, '2020-04-16 14:00:00', NULL, 'Chief Executive Officer', 1, 6, 1),
(5, '2021-07-04 05:48:56.140673', '2021-07-12 04:46:12.000000', NULL, '2021-03-31 13:00:00', NULL, 'Chief Operating Officer', 1, 7, 1),
(6, '2021-07-04 05:58:24.451701', '2021-07-04 05:58:24.451701', NULL, '2020-06-30 14:00:00', NULL, 'Partner', 2, 9, 0),
(7, '2021-07-04 19:11:22.038897', '2021-07-04 19:13:42.000000', NULL, '2020-09-30 14:00:00', NULL, 'IT', 1, 10, 1),
(8, '2021-07-11 23:08:03.593356', '2021-07-12 04:55:59.000000', NULL, '2021-01-17 13:00:00', NULL, 'Manager', 1, 11, 1),
(9, '2021-07-11 23:18:07.174799', '2021-07-12 05:07:21.000000', NULL, '2021-04-11 14:00:00', NULL, 'Senior Consultant', 1, 12, 1),
(10, '2021-07-11 23:21:11.395600', '2021-07-12 05:14:44.000000', NULL, '2021-04-18 14:00:00', NULL, 'Principal', 1, 13, 1),
(11, '2021-07-11 23:23:46.791313', '2021-07-12 05:21:52.000000', NULL, '2021-05-16 14:00:00', NULL, 'Principal', 1, 14, 1),
(12, '2021-07-11 23:27:43.666080', '2021-07-12 05:28:03.000000', NULL, '2021-05-23 14:00:00', NULL, 'Principal', 1, 15, 1),
(13, '2021-07-13 22:03:22.438790', '2021-07-13 22:03:22.438790', NULL, '2021-07-14 02:02:39', NULL, 'Head Land Capability (HLC)', 6, 16, 0),
(14, '2021-07-13 22:06:30.180259', '2021-07-13 22:06:30.180259', NULL, '2021-07-14 02:06:22', NULL, 'DGFLW', 14, 18, 0),
(15, '2021-07-13 22:10:49.432045', '2021-07-13 22:10:49.432045', NULL, '2021-07-14 02:10:42', NULL, 'Director', 15, 19, 0),
(16, '2021-07-13 22:12:12.660198', '2021-07-13 22:12:12.660198', NULL, '2021-07-14 02:12:05', NULL, 'SO2 Technology Development', 15, 20, 0),
(17, '2021-07-13 22:13:47.331576', '2021-07-13 22:13:47.331576', NULL, '2021-07-14 02:13:40', NULL, 'CIO', 7, 21, 0),
(18, '2021-07-13 22:15:16.806811', '2021-07-13 22:15:16.806811', NULL, '2021-07-14 02:15:10', NULL, 'DEPSEC CAS', 9, 22, 0),
(19, '2021-07-13 22:16:40.780610', '2021-07-13 22:16:40.780610', NULL, '2021-07-14 02:16:33', NULL, 'CJC', 10, 23, 0),
(20, '2021-07-13 22:18:06.760962', '2021-07-13 22:18:06.760962', NULL, '2021-07-14 02:17:58', NULL, 'DLC4', 11, 24, 0),
(21, '2021-07-13 22:19:27.794670', '2021-07-13 22:19:27.794670', NULL, '2021-07-14 02:19:17', NULL, 'Director', 12, 25, 0),
(22, '2021-07-13 22:20:19.641991', '2021-07-13 22:20:19.641991', NULL, '2021-07-14 02:20:12', NULL, 'DGPLATS-A', 16, 26, 0),
(23, '2021-07-13 22:21:08.013149', '2021-07-13 22:21:08.013149', NULL, '2021-07-14 02:20:58', NULL, 'DLCV', 17, 27, 0),
(24, '2021-07-13 22:21:45.921133', '2021-07-13 22:21:45.921133', NULL, '2021-07-14 02:21:39', NULL, 'DLTC', 19, 28, 0),
(25, '2021-07-13 22:22:23.200078', '2021-07-13 22:22:23.200078', NULL, '2021-07-14 02:22:14', NULL, 'DLM&S', 20, 29, 0),
(26, '2021-07-13 22:23:05.240532', '2021-07-13 22:23:05.240532', NULL, '2021-07-14 02:22:58', NULL, 'DGSOMOD', 21, 30, 0),
(27, '2021-07-13 22:23:50.155208', '2021-07-13 22:23:50.155208', NULL, '2021-07-14 02:23:43', NULL, 'DGSI', 22, 31, 0),
(28, '2021-07-13 22:24:37.851196', '2021-07-13 22:24:37.851196', NULL, '2021-07-14 02:24:28', NULL, 'DLISREW', 23, 32, 0),
(29, '2021-07-13 22:26:06.869826', '2021-07-13 22:26:06.869826', NULL, '2021-07-14 02:26:00', NULL, 'DBICTD', 26, 33, 0),
(30, '2021-07-13 22:27:14.379014', '2021-07-13 22:27:14.379014', NULL, '2021-07-14 02:27:08', NULL, 'DTP&SE', 27, 34, 0),
(31, '2021-07-13 22:28:15.321490', '2021-07-13 22:28:15.321490', NULL, '2021-07-14 02:28:09', NULL, 'SO1 Minors & Innovation', 28, 35, 0),
(32, '2021-07-13 22:28:55.039858', '2021-07-13 22:28:55.039858', NULL, '2021-07-14 02:28:48', NULL, 'CTOD', 29, 36, 0),
(33, '2021-07-13 22:29:51.764404', '2021-07-13 22:29:51.764404', NULL, '2021-07-14 02:29:44', NULL, 'DG ICTSRB', 30, 37, 0),
(34, '2021-07-13 22:30:30.983874', '2021-07-13 22:30:30.983874', NULL, '2021-07-14 02:30:24', NULL, 'DG ICTAB', 31, 38, 0),
(35, '2021-07-13 22:31:18.548713', '2021-07-13 22:31:18.548713', NULL, '2021-07-14 02:31:12', NULL, 'Program Director EIM', 32, 39, 0),
(36, '2021-07-13 22:32:11.380181', '2021-07-13 22:32:11.380181', NULL, '2021-07-14 02:32:05', NULL, 'DG ICTDD', 33, 40, 0),
(37, '2021-07-13 22:34:04.982621', '2021-07-13 23:23:02.000000', NULL, '2021-07-14 02:33:58', NULL, 'DGI&AD', 34, 41, 0),
(38, '2021-07-13 22:34:36.209512', '2021-07-13 23:22:53.000000', NULL, '2021-07-14 02:34:29', NULL, 'DGS&IDB', 35, 42, 0),
(39, '2021-07-13 22:35:11.345997', '2021-07-13 23:23:13.000000', NULL, '2021-07-14 02:35:04', NULL, 'DGC&LD', 36, 43, 0),
(40, '2021-07-13 22:35:50.855918', '2021-07-13 23:23:23.000000', NULL, '2021-07-14 02:35:44', NULL, 'DGIID', 37, 44, 0),
(41, '2021-07-13 22:36:55.823750', '2021-07-13 23:21:27.000000', NULL, '2021-07-14 02:36:49', NULL, 'HICTO', 38, 45, 0),
(42, '2021-07-13 23:13:27.507902', '2021-07-13 23:21:43.000000', NULL, '2021-07-14 03:13:21', NULL, 'DG ETOB', 39, 46, 0),
(43, '2021-07-13 23:14:05.754396', '2021-07-13 23:14:05.754396', NULL, '2021-07-14 03:13:50', NULL, 'DDSCB', 40, 47, 0),
(44, '2021-07-13 23:14:31.810997', '2021-07-13 23:14:31.810997', NULL, '2021-07-14 03:14:25', NULL, 'DSMB', 41, 48, 0),
(45, '2021-07-13 23:15:02.769885', '2021-07-13 23:15:02.769885', NULL, '2021-07-14 03:14:55', NULL, 'DICTSB', 42, 49, 0),
(46, '2021-07-13 23:15:59.963648', '2021-07-13 23:20:44.000000', NULL, '2021-07-14 03:15:53', NULL, 'DG J6OS', 43, 50, 0),
(47, '2021-07-13 23:16:58.355467', '2021-07-13 23:21:04.000000', NULL, '2021-07-14 03:16:51', NULL, 'HICTSDRD', 44, 51, 0),
(48, '2021-07-13 23:17:52.967894', '2021-07-13 23:19:51.000000', NULL, '2021-07-14 03:17:45', NULL, 'DG ICTCBS', 45, 52, 0),
(49, '2021-07-13 23:18:28.865412', '2021-07-13 23:20:03.000000', NULL, '2021-07-14 03:18:22', NULL, 'DG BRMO', 46, 53, 0),
(50, '2021-07-13 23:19:31.771365', '2021-07-13 23:19:31.771365', NULL, '2021-07-14 03:19:25', NULL, 'DG ICTG&TB', 47, 54, 0),
(51, '2021-07-13 23:25:12.383597', '2021-07-13 23:25:12.383597', NULL, '2021-07-14 03:24:39', NULL, 'Program Director DERP', 48, 55, 0),
(52, '2021-07-13 23:49:57.794395', '2021-07-13 23:49:57.794395', NULL, '2021-07-14 03:49:47', NULL, 'HIW', 49, 56, 0),
(53, '2021-07-13 23:50:54.770641', '2021-07-13 23:50:54.770641', NULL, '2021-07-14 03:50:46', NULL, 'DGJIW', 54, 57, 0),
(54, '2021-07-13 23:51:39.952524', '2021-07-13 23:51:39.952524', NULL, '2021-07-14 03:51:32', NULL, 'DJC', 55, 58, 0),
(55, '2021-07-14 00:03:28.294850', '2021-07-14 00:03:28.294850', NULL, '2021-07-14 04:03:22', NULL, 'DGJC4', 50, 59, 0),
(56, '2021-07-14 00:05:28.499892', '2021-07-14 00:05:28.499892', NULL, '2021-07-14 04:04:50', NULL, 'DJC4', 51, 60, 0),
(57, '2021-07-14 00:07:41.919489', '2021-07-14 00:07:41.919489', NULL, '2021-07-14 04:07:35', NULL, 'DJC2', 52, 61, 0),
(58, '2021-07-14 00:09:17.280255', '2021-07-14 00:09:17.280255', NULL, '2021-07-14 04:09:10', NULL, 'DDAIC', 53, 62, 0),
(59, '2021-07-14 00:13:42.110888', '2021-07-14 00:13:42.110888', NULL, '2021-07-14 04:13:35', NULL, 'DJEW', 56, 63, 0),
(60, '2021-07-14 00:14:20.320940', '2021-07-14 00:14:20.320940', NULL, '2021-07-14 04:14:13', NULL, 'DJIA', 57, 64, 0),
(61, '2021-07-14 00:19:55.820807', '2021-07-14 00:19:55.820807', NULL, '2021-07-14 04:19:49', NULL, 'DSTAHKD', 60, 65, 0),
(62, '2021-07-14 00:21:50.870161', '2021-07-14 00:21:50.870161', NULL, '2021-07-14 04:21:44', NULL, 'AS JSSB', 61, 66, 0),
(63, '2021-07-14 00:34:54.206618', '2021-07-14 00:34:54.206618', NULL, '2021-07-14 04:34:46', NULL, 'FAS JS', 62, 67, 0),
(64, '2021-07-14 00:37:08.422246', '2021-07-14 00:37:08.422246', NULL, '2021-07-14 04:37:01', NULL, 'AS ISREW', 63, 68, 0),
(65, '2021-07-14 00:38:41.537504', '2021-07-14 00:38:41.537504', NULL, '2021-07-14 04:38:29', NULL, 'AS JC4S', 64, 69, 0),
(66, '2021-07-14 00:40:11.340270', '2021-07-14 00:40:11.340270', NULL, '2021-07-14 04:40:04', NULL, 'AS LC4S', 65, 70, 0),
(67, '2021-07-14 00:42:29.821216', '2021-07-14 00:42:29.821216', NULL, '2021-07-14 04:42:23', NULL, 'AS SPACE', 66, 71, 0),
(68, '2021-07-14 00:46:52.937265', '2021-07-14 00:46:52.937265', NULL, '2021-07-14 04:46:45', NULL, 'HMSD', 67, 72, 0),
(69, '2021-07-14 00:48:23.757419', '2021-07-14 00:48:23.757419', NULL, '2021-07-14 04:48:17', NULL, 'HLSD', 68, 73, 0),
(70, '2021-07-14 00:49:40.603132', '2021-07-14 00:49:40.603132', NULL, '2021-07-14 04:49:34', NULL, 'HAVD', 69, 74, 0),
(71, '2021-07-14 00:51:17.994667', '2021-07-14 00:51:17.994667', NULL, '2021-07-14 04:51:10', NULL, 'HASD', 70, 75, 0),
(72, '2021-07-23 02:25:39.917830', '2021-07-23 02:25:39.917830', NULL, '2021-07-23 06:25:35', NULL, 'NM PDS', 72, 76, 0),
(73, '2021-07-23 02:26:57.991809', '2021-07-23 02:26:57.991809', NULL, '2021-07-23 06:26:54', NULL, 'NM CSP', 76, 77, 0),
(74, '2021-07-23 02:29:10.567541', '2021-07-23 02:29:10.567541', NULL, '2021-07-23 06:29:06', NULL, 'GM DAP', 77, 78, 0),
(75, '2021-07-23 02:59:26.415660', '2021-07-23 02:59:26.415660', NULL, '2021-07-23 06:59:22', NULL, 'CFO', 79, 79, 0),
(76, '2021-07-28 01:44:42.354022', '2021-07-28 02:17:56.000000', NULL, '2021-07-28 05:44:34', NULL, '', 1, 80, 1),
(77, '2021-11-29 19:02:56.796087', '2021-11-29 19:02:56.796087', NULL, '2021-06-30 14:00:00', NULL, 'XO Jericho', 84, 81, 0),
(78, '2021-11-29 19:25:44.316135', '2021-11-29 19:25:44.316135', NULL, '2004-02-18 13:00:00', NULL, 'Chief Security Officer', 85, 82, 0);

-- --------------------------------------------------------

--
-- Table structure for table `contact_person_standard_skill_standard_level`
--

CREATE TABLE `contact_person_standard_skill_standard_level` (
  `contactPersonsId` int(11) NOT NULL,
  `standardSkillStandardLevelsId` int(11) NOT NULL
) ENGINE=InnoDB DEFAULT CHARSET=latin1;

--
-- Dumping data for table `contact_person_standard_skill_standard_level`
--

INSERT INTO `contact_person_standard_skill_standard_level` (`contactPersonsId`, `standardSkillStandardLevelsId`) VALUES
(1, 41),
(1, 52),
(3, 3),
(3, 5),
(3, 30),
(3, 42),
(3, 52),
(5, 18),
(5, 21),
(5, 36),
(5, 52),
(6, 2),
(6, 6),
(6, 30),
(6, 33),
(6, 42),
(6, 52),
(7, 6),
(7, 33),
(7, 42),
(7, 44),
(7, 52),
(10, 40),
(10, 52),
(11, 5),
(11, 7),
(11, 13),
(11, 28),
(11, 40),
(11, 52),
(12, 4),
(12, 13),
(12, 37),
(12, 52),
(13, 2),
(13, 6),
(13, 15),
(13, 17),
(13, 39),
(13, 52),
(14, 5),
(14, 14),
(14, 30),
(14, 52),
(15, 2),
(15, 5),
(15, 14),
(15, 18),
(15, 45),
(15, 52),
(15, 53),
(83, 5);

-- --------------------------------------------------------

--
-- Table structure for table `employees`
--

CREATE TABLE `employees` (
  `id` int(11) NOT NULL,
  `created_at` datetime(6) NOT NULL DEFAULT current_timestamp(6),
  `updated_at` datetime(6) NOT NULL DEFAULT current_timestamp(6) ON UPDATE current_timestamp(6),
  `deleted_at` datetime(6) DEFAULT NULL,
  `contact_person_organization_id` int(11) NOT NULL,
  `username` varchar(255) NOT NULL,
  `password` varchar(255) NOT NULL,
  `next_of_kin_name` varchar(255) DEFAULT NULL,
  `next_of_kin_phone_number` varchar(255) DEFAULT NULL,
  `next_of_kin_email` varchar(255) DEFAULT NULL,
  `next_of_kin_relation` varchar(255) DEFAULT NULL,
  `tfn` varchar(255) DEFAULT NULL,
  `tax_free_threshold` tinyint(4) DEFAULT NULL,
  `help_hecs` tinyint(4) DEFAULT NULL,
  `superannuation_name` varchar(255) DEFAULT NULL,
  `superannuation_type` enum('P','S') DEFAULT NULL,
  `superannuation_bank_name` varchar(255) DEFAULT NULL,
  `superannuation_bank_account_or_membership_number` varchar(255) DEFAULT NULL,
  `superannuation_abn_or_usi` varchar(255) DEFAULT NULL,
  `superannuation_bank_bsb` varchar(255) DEFAULT NULL,
  `superannuation_address` varchar(255) DEFAULT NULL,
  `training` varchar(255) DEFAULT NULL,
  `role_id` int(11) NOT NULL
) ENGINE=InnoDB DEFAULT CHARSET=latin1;

--
-- Dumping data for table `employees`
--

INSERT INTO `employees` (`id`, `created_at`, `updated_at`, `deleted_at`, `contact_person_organization_id`, `username`, `password`, `next_of_kin_name`, `next_of_kin_phone_number`, `next_of_kin_email`, `next_of_kin_relation`, `tfn`, `tax_free_threshold`, `help_hecs`, `superannuation_name`, `superannuation_type`, `superannuation_bank_name`, `superannuation_bank_account_or_membership_number`, `superannuation_abn_or_usi`, `superannuation_bank_bsb`, `superannuation_address`, `training`, `role_id`) VALUES
(1, '2021-07-03 00:28:48.121442', '2021-07-25 03:21:42.000000', NULL, 1, 'mustafa.syed@1lm.com.au', '$2a$08$eb0nrvd7hOZGczVp7enLlOTlIVvJOiL6hY6SkqJF7j0sY6UYSe7fy', '', '', '', '', '', NULL, NULL, '', NULL, '', '', '', '', '', '', 1),
(2, '2021-07-03 18:49:06.321157', '2021-07-03 18:49:06.321157', NULL, 2, 'troy.huckstepp@1lm.com.au', '$2a$08$KSah67AAJCV4LfockxwCnuIdssYV9IylkMkm5bBHecVOw/OXh2Gi6', NULL, NULL, NULL, NULL, '', 0, 0, NULL, NULL, NULL, NULL, NULL, NULL, NULL, NULL, 1),
(7, '2021-07-04 19:13:42.607618', '2021-07-12 03:54:44.000000', NULL, 7, 'saman.syed@1lm.com.au', '$2a$08$bqtJFYlbh.fJngYyaZsUvOgZWacLX48BhX51kjymMBeTi6MCbtVRm', '', NULL, '', 'Parent', '', 0, 0, '', 'S', NULL, NULL, NULL, NULL, NULL, NULL, 2),
(8, '2021-07-04 19:20:27.107905', '2021-08-29 18:44:13.000000', NULL, 3, 'tony.chung@1lm.com.au', '$2a$08$avwSuS1qMpD8A6rQgx3yJ.a8y9q0f0etGDVSK7uuVcPZ69l9LcFUm', NULL, NULL, NULL, NULL, NULL, NULL, NULL, NULL, NULL, NULL, NULL, NULL, NULL, NULL, NULL, 3),
(9, '2021-07-12 04:29:20.604453', '2021-08-17 21:21:13.000000', NULL, 4, 'joel.deans@1lm.com.au', '$2a$08$wtjfdTA0VsqAKUBtmqXtLuKkxs9LZEnHh8/ELtUr0LQH5QmZnSjl2', NULL, NULL, NULL, NULL, '', 0, 0, NULL, NULL, NULL, NULL, NULL, NULL, NULL, NULL, 1),
(10, '2021-07-12 04:46:12.882256', '2021-07-15 18:27:56.000000', NULL, 5, 'sep.boshoff@1lm.com.au', '$2a$08$o7dZQ.bEfnNMS.G.4dNDNuH9OEaByZYQecG/wI/pERzFy7doMO//i', NULL, NULL, NULL, NULL, '', 0, 0, NULL, NULL, NULL, NULL, NULL, NULL, NULL, NULL, 1),
(11, '2021-07-12 04:56:00.039532', '2021-07-19 02:01:26.000000', NULL, 8, 'nick.wynne@1lm.com.au', '$2a$08$kQpePHaRJRUtoMkJwBLxsuJeiHdNf0C1PiuAzBczSK0v7naWD0MTO', 'John Wynne', '0419694203', 'jwyn60', 'Parent', '801143188', 1, 1, 'Australian Super', 'S', NULL, NULL, NULL, NULL, NULL, NULL, 2),
(12, '2021-07-12 05:07:21.835099', '2021-07-16 01:30:37.000000', NULL, 9, 'victoria.terkuile@1lm.com.au', '$2a$08$oarfQW5KN0HZ7iY9VvKgF.ThwIjtYrJZhhSpqAVvRDrG7RLPAWtci', 'Tracy ter Kuile', '0406230262', NULL, 'Parent', '408236712', 0, 1, 'AustralianSuper', 'P', NULL, '1072447585', 'STA0100AU', NULL, NULL, NULL, 2),
(13, '2021-07-12 05:14:44.556406', '2021-07-12 05:14:44.556406', NULL, 10, 'kaven.wong@1lm.com.au', '$2a$08$o5tk4ncas0nRrT6qV5xVl.M2ThFGeBmRAM1QIKK5FqSqmo8rOPK.u', NULL, NULL, NULL, NULL, '', 0, 0, NULL, NULL, NULL, NULL, NULL, NULL, NULL, NULL, 2),
(14, '2021-07-12 05:21:52.843624', '2021-07-12 05:21:52.843624', NULL, 11, 'rebecca.flynn@1lm.com.au', '$2a$08$Qq9blfR6p9PPEi2O.4IxmOgOPEkwwf.cXCnHhDbohxk6EGhgK1hiu', NULL, NULL, NULL, NULL, '', 0, 0, NULL, NULL, NULL, NULL, NULL, NULL, NULL, NULL, 2),
(15, '2021-07-12 05:28:03.445589', '2021-07-15 19:24:13.000000', NULL, 12, 'david.mannion@1lm.com.au', '$2a$08$2298VlW2E2bmrNHM3M88qewS.VvgxogOjKS/C.iwYUoKrPxRHWTEy', 'Kate Mannion', '0423 356 596', 'kate.mannion@hotmai.com', NULL, '', 0, 0, NULL, 'S', NULL, NULL, NULL, NULL, NULL, NULL, 2),
(16, '2021-07-28 02:17:56.966208', '2021-07-28 02:17:56.966208', NULL, 76, 'adam@kingandcrown.org', '$2a$08$bb3H1cnDfrBOjBRP0pFcP..TR1kRt9cL4VSMh/Fns1iJnu5xQN6F2', NULL, NULL, NULL, NULL, '', 0, 0, NULL, NULL, NULL, NULL, NULL, NULL, NULL, NULL, 1);

-- --------------------------------------------------------

--
-- Table structure for table `employment_contracts`
--

CREATE TABLE `employment_contracts` (
  `id` int(11) NOT NULL,
  `created_at` datetime(6) NOT NULL DEFAULT current_timestamp(6),
  `updated_at` datetime(6) NOT NULL DEFAULT current_timestamp(6) ON UPDATE current_timestamp(6),
  `deleted_at` datetime(6) DEFAULT NULL,
  `payslip_email` varchar(255) DEFAULT NULL,
  `comments` varchar(255) DEFAULT NULL,
  `pay_frequency` enum('1','2','3','4','5','6','7') NOT NULL,
  `start_date` datetime NOT NULL,
  `end_date` datetime DEFAULT NULL,
  `type` enum('1','2','3') NOT NULL,
  `no_of_hours` int(11) DEFAULT NULL,
  `no_of_hours_per` enum('1','2','3','4','5','6','7') NOT NULL,
  `remuneration_amount` int(11) NOT NULL,
  `remuneration_amount_per` enum('1','2','3','4','5','6','7') NOT NULL,
  `employee_id` int(11) DEFAULT NULL,
  `file_id` int(11) DEFAULT NULL
) ENGINE=InnoDB DEFAULT CHARSET=latin1;

--
-- Dumping data for table `employment_contracts`
--

INSERT INTO `employment_contracts` (`id`, `created_at`, `updated_at`, `deleted_at`, `payslip_email`, `comments`, `pay_frequency`, `start_date`, `end_date`, `type`, `no_of_hours`, `no_of_hours_per`, `remuneration_amount`, `remuneration_amount_per`, `employee_id`, `file_id`) VALUES
(1, '2021-07-03 00:28:48.190030', '2021-07-11 04:32:55.000000', NULL, 'mustafa.syed@1lm.com.au', '', '1', '2021-07-03 04:28:47', NULL, '1', 8, '2', 1200, '1', 1, NULL),
(2, '2021-07-03 18:49:06.392760', '2021-07-03 18:49:06.392760', NULL, 'troy.huckstepp@1lm.com.au', NULL, '5', '2020-06-30 14:00:00', NULL, '1', 8, '2', 250, '1', 2, NULL),
(3, '2021-07-04 19:13:42.677508', '2021-07-04 19:13:42.677508', NULL, 'saman.syed@1lm.com.au', NULL, '5', '2020-09-30 14:00:00', NULL, '1', 8, '2', 25, '1', 7, NULL),
(4, '2021-07-04 19:20:27.176967', '2021-07-04 19:20:27.176967', NULL, NULL, NULL, '1', '2021-06-15 14:00:00', '2022-06-14 14:00:00', '1', 8, '2', 200, '1', 8, NULL),
(5, '2021-07-12 04:29:20.673281', '2021-07-12 04:32:27.000000', NULL, 'joel.deans@1lm.com.au', 'Salary will be reviewed on 30 Sep 2021.', '5', '2021-02-28 13:00:00', NULL, '3', 38, '3', 50000, '7', 9, NULL),
(6, '2021-07-12 04:46:12.949608', '2021-07-12 04:46:12.949608', NULL, 'sep.boshoff@1lm.com.au', NULL, '5', '2021-03-31 13:00:00', NULL, '3', 38, '3', 160000, '7', 10, NULL),
(7, '2021-07-12 04:56:00.108034', '2021-07-12 04:56:00.108034', NULL, 'nswynne@gmail.com', NULL, '5', '2021-01-17 13:00:00', NULL, '3', 38, '3', 151000, '7', 11, NULL),
(8, '2021-07-12 05:07:21.903186', '2021-07-12 05:07:21.903186', NULL, 'victoria.terkuile@gmail.com', NULL, '5', '2021-04-11 14:00:00', NULL, '3', 38, '3', 138000, '7', 12, NULL),
(9, '2021-07-12 05:14:44.626013', '2021-07-12 05:14:44.626013', NULL, 'milliandkaven@live.com', NULL, '5', '2021-04-18 14:00:00', NULL, '3', 38, '3', 240000, '7', 13, NULL),
(10, '2021-07-12 05:21:52.912807', '2021-07-12 05:21:52.912807', NULL, 'rebecca.flynn@1lm.com.au', NULL, '5', '2021-05-16 14:00:00', NULL, '2', 38, '3', 190400, '7', 14, NULL),
(11, '2021-07-12 05:28:03.515866', '2021-07-12 05:28:03.515866', NULL, 'mannion_david@hotmail.com', NULL, '5', '2021-05-23 14:00:00', NULL, '3', 38, '3', 230000, '7', 15, NULL),
(12, '2021-07-28 02:17:57.042164', '2021-07-28 02:17:57.042164', NULL, NULL, NULL, '5', '2021-07-28 06:17:37', NULL, '1', 1, '2', 1, '1', 16, NULL);

-- --------------------------------------------------------

--
-- Table structure for table `files`
--

CREATE TABLE `files` (
  `id` int(11) NOT NULL,
  `created_at` datetime(6) NOT NULL DEFAULT current_timestamp(6),
  `updated_at` datetime(6) NOT NULL DEFAULT current_timestamp(6) ON UPDATE current_timestamp(6),
  `deleted_at` datetime(6) DEFAULT NULL,
  `unique_name` varchar(255) NOT NULL,
  `original_name` varchar(255) NOT NULL,
  `type` varchar(255) NOT NULL,
  `user_id` int(11) NOT NULL
) ENGINE=InnoDB DEFAULT CHARSET=latin1;

--
-- Dumping data for table `files`
--

INSERT INTO `files` (`id`, `created_at`, `updated_at`, `deleted_at`, `unique_name`, `original_name`, `type`, `user_id`) VALUES
(1, '2021-07-12 17:04:37.368350', '2021-07-12 17:04:37.368350', NULL, '1626123876861279994.pdf', 'Get_Started_With_Smallpdf.pdf', 'pdf', 1),
(2, '2021-07-15 20:20:55.013101', '2021-07-15 20:20:55.013101', NULL, '1626394854135789042.jpg', 'OT Logo Full Colour on Black Background.jpg', 'jpg', 2),
(3, '2021-07-15 22:33:31.054413', '2021-07-15 22:33:31.054413', NULL, '1626402808447631684.pdf', 'NMP 19551 EIM Technical Writers - Work Order - Witness Signed.pdf', 'pdf', 1),
(4, '2021-07-20 20:45:49.886824', '2021-07-20 20:45:49.886824', NULL, '1626828349787301401.xlsx', 'Rebecca Flynn - timesheet.xlsx', 'xlsx', 14),
(5, '2021-07-26 00:58:12.013493', '2021-07-26 00:58:12.013493', NULL, '1627275491339720559.docx', '1LM CV - Troy Huckstepp.docx', 'docx', 2),
(6, '2021-08-10 23:28:25.032630', '2021-08-10 23:28:25.032630', NULL, '1628652503892745576.pdf', 'CON_SCA_001_2021_Schedule 1_Subcontractor Services_1LM Consulting Pty Ltd_29 Jul 21_Fully Executed.pdf', 'pdf', 1),
(7, '2021-08-10 23:29:47.980498', '2021-08-10 23:29:47.980498', NULL, '1628652587021466210.pdf', 'PTF027 - Employment Agency Contracts Chain of on-hire Declaration_1LM_Tony Chung_31 July 2021.pdf', 'pdf', 1),
(8, '2021-08-10 23:32:48.524243', '2021-08-10 23:32:48.524243', NULL, '1628652767187597133.pdf', 'CON_SCA_001_2021_Schedule 1_Subcontractor Services_1LM Consulting Pty Ltd_29 Jul 21_Fully Executed.pdf', 'pdf', 1),
(9, '2021-08-10 23:32:57.198013', '2021-08-10 23:32:57.198013', NULL, '1628652776033521670.pdf', 'PTF027 - Employment Agency Contracts Chain of on-hire Declaration_1LM_Tony Chung_31 July 2021.pdf', 'pdf', 1),
(10, '2021-08-17 21:48:39.026569', '2021-08-17 21:48:39.026569', NULL, '1629251318579963932.jpg', '1LM Logo.jpg', 'jpg', 9),
(11, '2021-09-01 19:12:59.635437', '2021-09-01 19:12:59.635437', NULL, '1630537970281860465.pdf', 'Omni_Montly timesheet_2021_08_Tony Chung_signed.pdf', 'pdf', 8),
(12, '2021-09-01 19:13:05.999248', '2021-09-01 19:13:05.999248', NULL, '1630537981311140790.pdf', 'Omni_Montly timesheet_2021_08_Tony Chung_signed.pdf', 'pdf', 8),
(13, '2021-09-28 21:27:21.880738', '2021-09-28 21:27:21.880738', NULL, '1632878841425781387.xlsx', 'FORM 001 1LM Timesheet Template v1.0.xlsx', 'xlsx', 1),
(14, '2021-09-28 21:27:58.597226', '2021-09-28 21:27:58.597226', NULL, '1632878877760590897.pdf', 'Timesheet Joel Deans Aug 2021 AHQ Land 135 - approved.pdf', 'pdf', 1),
(15, '2021-09-28 21:31:50.834022', '2021-09-28 21:31:50.834022', NULL, '1632879109985556676.pdf', 'Timesheet Joel Deans Aug 2021 AHQ Land 135 - approved.pdf', 'pdf', 1),
(16, '2021-10-13 20:32:49.538749', '2021-10-13 20:32:49.538749', NULL, '1634171567842298082.msg', '22 Sep 21 - RE CYBER RFQDM21-254 For your countersignature (1LM) Project Coordinator - Kaven Wong SECUNOFFICIAL.msg', 'msg', 1),
(17, '2021-10-13 20:32:55.170505', '2021-10-13 20:32:55.170505', NULL, '1634171567834659620.pdf', 'RFQDM21-254-Cyber-CybGov-1LM - WO - D325033953 signed.pdf', 'pdf', 1),
(18, '2021-10-31 17:49:32.708647', '2021-10-31 17:49:32.708647', NULL, '1635716972463345234.pdf', 'timesheet - mannion david - dod (18.10.2021)-145 (2).pdf', 'pdf', 15),
(19, '2021-10-31 17:52:06.083527', '2021-10-31 17:52:06.083527', NULL, '1635717125818369279.pdf', 'timesheet - mannion, david - dod (4.10.2021)-145 (3).pdf', 'pdf', 15),
(20, '2021-10-31 17:52:09.716078', '2021-10-31 17:52:09.716078', NULL, '1635717129616366759.pdf', 'timesheet - mannion, david - dod (20.9.2021)-145 (4).pdf', 'pdf', 15),
(21, '2021-10-31 21:03:37.173538', '2021-10-31 21:03:37.173538', NULL, '1635728615967953188.pdf', 'Timesheet - October 21 - Victoria ter Kuile Land 135 clientsigned.pdf', 'pdf', 12),
(22, '2021-10-31 23:10:38.318492', '2021-10-31 23:10:38.318492', NULL, '1635736235997174923.pdf', 'Omni_Montly timesheet_2021_10_Tony Chung_signed.pdf', 'pdf', 8),
(23, '2021-11-03 23:00:02.999213', '2021-11-03 23:00:02.999213', NULL, '1635994802767580674.xlsx', 'Nick Wynne October.xlsx', 'xlsx', 11),
(24, '2021-11-07 20:02:56.199925', '2021-11-07 20:02:56.199925', NULL, '1636333375230411436.pdf', '$10.10 - Gus Palace 02 Nov 21.pdf', 'pdf', 1),
(25, '2021-11-07 20:03:52.582463', '2021-11-07 20:03:52.582463', NULL, '1636333431407822727.pdf', '$52.00 - Mr. Papa 25 Oct 21.pdf', 'pdf', 1),
(26, '2021-11-08 20:27:50.406380', '2021-11-08 20:27:50.406380', NULL, '1636421270147124086.xlsx', 'Sep Timesheet - Joel Deans.xlsx', 'xlsx', 12),
(27, '2021-11-30 01:00:12.549664', '2021-11-30 01:00:12.549664', NULL, '1638252011900464902.doc', 'RFQTS 8084.doc', 'doc', 1),
(28, '2021-11-30 01:00:12.711373', '2021-11-30 01:00:12.711373', NULL, '1638252011892164921.doc', 'Quotation.doc', 'doc', 1),
(29, '2021-11-30 01:01:00.209259', '2021-11-30 01:01:00.209259', NULL, '1638252059568841853.doc', '211014-RFQTS 8084 - AHQ-RICO-RFQTS Document Writing Specialist - Land 135 extension.doc', 'doc', 1),
(30, '2021-12-02 17:32:52.287178', '2021-12-02 17:32:52.287178', NULL, '1638484369821955912.pdf', 'Signed RFQDM21-518s-EDS 1LM WO D325034265.pdf', 'pdf', 1),
(31, '2021-12-02 19:23:59.488769', '2021-12-02 19:23:59.488769', NULL, '1638491037165316215.pdf', 'Omni_Montly timesheet_2021_11_Tony Chung_signed.pdf', 'pdf', 8);

-- --------------------------------------------------------

--
-- Table structure for table `global_settings`
--

CREATE TABLE `global_settings` (
  `id` int(11) NOT NULL,
  `created_at` datetime(6) NOT NULL DEFAULT current_timestamp(6),
  `updated_at` datetime(6) NOT NULL DEFAULT current_timestamp(6) ON UPDATE current_timestamp(6),
  `deleted_at` datetime(6) DEFAULT NULL,
  `key_label` varchar(255) NOT NULL,
  `key_value` varchar(255) NOT NULL,
  `data_type` varchar(255) NOT NULL
) ENGINE=InnoDB DEFAULT CHARSET=latin1;

--
-- Dumping data for table `global_settings`
--

INSERT INTO `global_settings` (`id`, `created_at`, `updated_at`, `deleted_at`, `key_label`, `key_value`, `data_type`) VALUES
(1, '2021-07-03 00:28:46.534842', '2021-07-03 00:28:46.534842', NULL, 'fromEmail', 'test1@email.com', 'string'),
(2, '2021-07-03 00:28:46.602594', '2021-07-03 12:10:10.000000', NULL, 'recordsPerPage', '15', 'string'),
(3, '2021-07-03 00:28:46.670262', '2021-07-03 00:28:46.670262', NULL, 'timeZone', 'gmt+5', 'string'),
(4, '2021-07-03 00:28:46.737960', '2021-07-03 00:28:46.737960', NULL, 'displayEmail', 'test2@email.com', 'string');

-- --------------------------------------------------------

--
-- Table structure for table `global_variable_labels`
--

CREATE TABLE `global_variable_labels` (
  `id` int(11) NOT NULL,
  `created_at` datetime(6) NOT NULL DEFAULT current_timestamp(6),
  `updated_at` datetime(6) NOT NULL DEFAULT current_timestamp(6) ON UPDATE current_timestamp(6),
  `deleted_at` datetime(6) DEFAULT NULL,
  `name` varchar(255) NOT NULL,
  `state_id` int(11) DEFAULT NULL
) ENGINE=InnoDB DEFAULT CHARSET=latin1;

-- --------------------------------------------------------

--
-- Table structure for table `global_variable_values`
--

CREATE TABLE `global_variable_values` (
  `id` int(11) NOT NULL,
  `created_at` datetime(6) NOT NULL DEFAULT current_timestamp(6),
  `updated_at` datetime(6) NOT NULL DEFAULT current_timestamp(6) ON UPDATE current_timestamp(6),
  `deleted_at` datetime(6) DEFAULT NULL,
  `global_variable_id` int(11) NOT NULL,
  `value` int(11) NOT NULL,
  `start_date` datetime NOT NULL,
  `end_date` datetime NOT NULL
) ENGINE=InnoDB DEFAULT CHARSET=latin1;

-- --------------------------------------------------------

--
-- Table structure for table `holiday_types`
--

CREATE TABLE `holiday_types` (
  `id` int(11) NOT NULL,
  `created_at` datetime(6) NOT NULL DEFAULT current_timestamp(6),
  `updated_at` datetime(6) NOT NULL DEFAULT current_timestamp(6) ON UPDATE current_timestamp(6),
  `deleted_at` datetime(6) DEFAULT NULL,
  `label` varchar(255) NOT NULL
) ENGINE=InnoDB DEFAULT CHARSET=latin1;

-- --------------------------------------------------------

--
-- Table structure for table `leases`
--

CREATE TABLE `leases` (
  `id` int(11) NOT NULL,
  `created_at` datetime(6) NOT NULL DEFAULT current_timestamp(6),
  `updated_at` datetime(6) NOT NULL DEFAULT current_timestamp(6) ON UPDATE current_timestamp(6),
  `deleted_at` datetime(6) DEFAULT NULL,
  `company_name` varchar(255) NOT NULL,
  `vehicle_registration_no` varchar(255) NOT NULL,
  `vehicle_make_model` varchar(255) NOT NULL,
  `start_date` datetime NOT NULL,
  `end_date` datetime DEFAULT NULL,
  `financed_amount` int(11) NOT NULL,
  `installment_frequency` enum('1','2','3','4','5','6','7') NOT NULL,
  `pre_tax_deduction_amount` int(11) NOT NULL,
  `post_tax_deduction_amount` int(11) NOT NULL,
  `financer_name` varchar(255) NOT NULL,
  `employee_id` int(11) NOT NULL
) ENGINE=InnoDB DEFAULT CHARSET=latin1;

-- --------------------------------------------------------

--
-- Table structure for table `migrations`
--

CREATE TABLE `migrations` (
  `id` int(11) NOT NULL,
  `timestamp` bigint(20) NOT NULL,
  `name` varchar(255) NOT NULL
) ENGINE=InnoDB DEFAULT CHARSET=latin1;

--
-- Dumping data for table `migrations`
--

INSERT INTO `migrations` (`id`, `timestamp`, `name`) VALUES
(1, 1625278731130, 'init1625278731130'),
(2, 1625560497646, 'delegateContactPersonId1625560497646'),
(3, 1636317314583, 'Onelm1636317314583');

-- --------------------------------------------------------

--
-- Table structure for table `milestones`
--

CREATE TABLE `milestones` (
  `id` int(11) NOT NULL,
  `created_at` datetime(6) NOT NULL DEFAULT current_timestamp(6),
  `updated_at` datetime(6) NOT NULL DEFAULT current_timestamp(6) ON UPDATE current_timestamp(6),
  `deleted_at` datetime(6) DEFAULT NULL,
  `title` varchar(255) NOT NULL,
  `description` varchar(255) DEFAULT NULL,
  `%completed` int(11) NOT NULL DEFAULT 0,
  `is_approved` tinyint(4) NOT NULL DEFAULT 0,
  `project_id` int(11) NOT NULL,
  `start_date` datetime DEFAULT NULL,
  `end_date` datetime DEFAULT NULL
) ENGINE=InnoDB DEFAULT CHARSET=latin1;

--
-- Dumping data for table `milestones`
--

INSERT INTO `milestones` (`id`, `created_at`, `updated_at`, `deleted_at`, `title`, `description`, `%completed`, `is_approved`, `project_id`, `start_date`, `end_date`) VALUES
(1, '2021-07-04 04:58:43.117000', '2021-12-05 05:04:09.762636', NULL, 'Default Milestone', '-', 0, 0, 1, '2021-06-16 08:57:53', '2021-07-31 01:14:36'),
(2, '2021-07-05 19:08:51.148000', '2021-12-05 05:04:09.765896', NULL, 'Default Milestone', '-', 0, 0, 2, '2021-04-11 14:00:00', '2021-10-31 13:00:00'),
(3, '2021-07-11 04:27:59.942000', '2021-12-05 05:04:09.767616', NULL, 'Default Milestone', '-', 0, 0, 3, '2021-07-01 08:27:39', '2022-06-29 14:00:00'),
(4, '2021-07-11 21:16:36.346000', '2021-12-05 05:04:09.770904', NULL, 'Default Milestone', '-', 0, 0, 4, '2021-07-05 01:08:44', '2021-09-24 01:08:48'),
(5, '2021-07-11 22:52:04.931000', '2021-12-05 05:04:09.772614', NULL, 'Default Milestone', '-', 0, 0, 5, '2020-11-10 13:00:00', '2021-11-10 13:00:00'),
(6, '2021-07-12 20:34:11.911000', '2021-12-05 05:04:09.774091', '2021-08-09 21:13:41.000000', 'Default Milestone', '-', 0, 0, 6, '2021-07-14 00:32:06', '2021-11-26 23:32:08'),
(7, '2021-07-14 02:21:43.669000', '2021-12-05 05:04:09.775270', '2021-08-09 21:15:44.000000', 'Default Milestone', '-', 0, 0, 7, '2021-08-17 14:00:00', '2022-06-30 06:20:06'),
(8, '2021-07-14 02:23:36.142000', '2021-12-05 05:04:09.776415', NULL, 'Default Milestone', '-', 0, 0, 8, '2021-10-01 06:22:41', '2022-06-30 06:22:48'),
(9, '2021-07-14 02:39:29.549000', '2021-12-05 05:04:09.777778', NULL, 'Default Milestone', '-', 0, 0, 9, '2021-08-02 06:24:25', '2022-01-20 05:38:41'),
(10, '2021-07-14 03:00:52.483000', '2021-12-05 05:04:09.779081', '2021-08-09 21:16:35.000000', 'Default Milestone', '-', 0, 0, 10, '2021-09-01 06:59:54', '2022-06-30 07:00:02'),
(11, '2021-07-14 03:02:20.018000', '2021-12-05 05:04:09.780170', NULL, 'Default Milestone', '-', 0, 0, 11, '2021-11-01 00:18:21', '2022-06-30 07:01:37'),
(12, '2021-07-14 03:13:16.174000', '2021-12-05 05:04:09.781336', NULL, 'Default Milestone', '-', 0, 0, 12, '2021-11-02 06:12:21', '2022-12-15 04:19:07'),
(13, '2021-07-14 03:21:17.722000', '2021-12-05 05:04:09.782545', NULL, 'Default Milestone', '-', 0, 0, 13, '2022-09-01 07:20:22', '2021-06-30 07:20:32'),
(14, '2021-07-14 03:22:40.607000', '2021-12-05 05:04:09.783790', '2021-08-09 21:31:56.000000', 'Default Milestone', '-', 0, 0, 14, '2021-08-01 07:21:42', '2021-06-30 07:21:49'),
(15, '2021-07-14 23:47:37.284000', '2021-12-05 05:04:09.784924', NULL, 'Default Milestone', '-', 0, 0, 15, '2021-07-01 03:47:14', NULL),
(16, '2021-07-19 23:11:59.379000', '2021-12-05 05:04:09.786099', NULL, 'Default Milestone', '-', 0, 0, 16, '2021-07-01 03:11:25', '2022-07-31 03:11:28'),
(17, '2021-07-23 02:32:58.722000', '2021-12-05 05:04:09.787301', NULL, 'Default Milestone', '-', 0, 0, 17, '2021-10-05 00:24:48', '2021-12-31 05:30:36'),
(18, '2021-07-23 02:36:30.609000', '2021-12-05 05:04:09.788563', NULL, 'Default Milestone', '-', 0, 0, 18, '2021-07-16 06:34:46', '2021-08-31 06:34:48'),
(19, '2021-07-23 02:46:40.483000', '2021-12-05 05:04:09.789800', NULL, 'Default Milestone', '-', 0, 0, 19, '2021-10-15 05:42:36', '2022-06-30 06:42:53'),
(20, '2021-07-23 02:51:47.752000', '2021-12-05 05:04:09.790977', NULL, 'Default Milestone', '-', 0, 0, 20, '2021-11-22 13:00:00', '2022-03-30 13:00:00'),
(21, '2021-07-23 03:10:37.651000', '2021-12-05 05:04:09.792298', NULL, 'Default Milestone', '-', 0, 0, 21, '2021-08-09 07:00:01', '2022-06-29 14:00:00'),
(22, '2021-08-09 20:50:20.543000', '2021-12-05 05:04:09.793601', NULL, 'Default Milestone', '-', 0, 0, 22, '2021-08-13 00:48:31', '2022-02-10 23:48:37'),
(23, '2021-08-10 23:54:44.292000', '2021-12-05 05:04:09.794821', NULL, 'Default Milestone', '-', 0, 0, 23, '2021-08-02 03:50:37', '2021-12-31 02:50:40'),
(24, '2021-11-28 23:50:29.741000', '2021-12-05 05:04:09.795938', NULL, 'Default Milestone', '-', 0, 0, 24, '2021-11-28 04:50:10', '2022-06-30 05:50:13'),
(25, '2021-12-02 01:37:51.032000', '2021-12-05 05:04:09.797044', NULL, 'Default Milestone', '-', 0, 0, 25, '2021-11-29 06:37:13', '2022-09-29 14:00:00');

-- --------------------------------------------------------

--
-- Table structure for table `opportunities`
--

CREATE TABLE `opportunities` (
  `id` int(11) NOT NULL,
  `created_at` datetime(6) NOT NULL DEFAULT current_timestamp(6),
  `updated_at` datetime(6) NOT NULL DEFAULT current_timestamp(6) ON UPDATE current_timestamp(6),
  `deleted_at` datetime(6) DEFAULT NULL,
  `title` varchar(255) NOT NULL,
  `value` int(11) NOT NULL,
  `type` enum('1','2') NOT NULL,
  `start_date` datetime DEFAULT NULL,
  `end_date` datetime DEFAULT NULL,
  `bid_date` datetime DEFAULT NULL,
  `entry_date` datetime DEFAULT NULL,
  `qualified_ops` tinyint(4) DEFAULT NULL,
  `tender` varchar(255) NOT NULL,
  `tender_number` varchar(255) DEFAULT NULL,
  `cm_percentage` int(11) DEFAULT NULL,
  `go_percentage` int(11) DEFAULT NULL,
  `get_percentage` int(11) DEFAULT NULL,
  `hours_per_day` int(11) DEFAULT NULL,
  `organization_id` int(11) DEFAULT NULL,
  `panel_id` int(11) DEFAULT NULL,
  `contact_person_id` int(11) DEFAULT NULL,
  `state_id` int(11) DEFAULT NULL,
  `account_director_id` int(11) DEFAULT NULL,
  `account_manager_id` int(11) DEFAULT NULL,
  `opportunity_manager_id` int(11) DEFAULT NULL,
  `project_manager_id` int(11) DEFAULT NULL,
  `won_date` datetime DEFAULT NULL,
  `lost_date` datetime DEFAULT NULL,
  `completed_date` datetime DEFAULT NULL,
  `status` varchar(255) NOT NULL DEFAULT 'O',
  `linked_work_id` int(11) DEFAULT NULL,
  `winning_price` int(11) DEFAULT NULL,
  `won_by_id` int(11) DEFAULT NULL,
  `stage` varchar(255) DEFAULT NULL,
  `reason` varchar(255) DEFAULT NULL,
  `feedback` varchar(255) DEFAULT NULL
) ENGINE=InnoDB DEFAULT CHARSET=latin1;

--
-- Dumping data for table `opportunities`
--

INSERT INTO `opportunities` (`id`, `created_at`, `updated_at`, `deleted_at`, `title`, `value`, `type`, `start_date`, `end_date`, `bid_date`, `entry_date`, `qualified_ops`, `tender`, `tender_number`, `cm_percentage`, `go_percentage`, `get_percentage`, `hours_per_day`, `organization_id`, `panel_id`, `contact_person_id`, `state_id`, `account_director_id`, `account_manager_id`, `opportunity_manager_id`, `project_manager_id`, `won_date`, `lost_date`, `completed_date`, `status`, `linked_work_id`, `winning_price`, `won_by_id`, `stage`, `reason`, `feedback`) VALUES
(1, '2021-07-04 04:58:43.117280', '2021-08-09 21:14:45.000000', NULL, 'CIOG - CALL EIM Technical Writer - NMP 19551', 408571, '2', '2021-06-16 08:57:53', '2021-07-31 01:14:36', '2021-06-01 14:00:00', '2021-07-04 08:56:21', 1, 'EIM Technical Writer', 'NMP 19551 - EIM ICT2284', 14, 100, 100, 8, 2, 2, NULL, 5, 2, 1, 8, 8, '2021-07-04 23:28:27', NULL, NULL, 'P', NULL, NULL, NULL, NULL, NULL, NULL),
(2, '2021-07-05 19:08:51.148303', '2021-11-07 01:05:55.000000', NULL, 'AHQ - CALL Land 135 Project Document Writer', 186376, '2', '2021-04-11 14:00:00', '2021-10-31 13:00:00', NULL, '2021-04-11 14:00:00', 1, 'Land 135 Project Document Writer', 'RFQTS 6236', 47, NULL, NULL, 8, 2, 2, 9, 5, NULL, NULL, NULL, NULL, NULL, NULL, NULL, 'P', NULL, NULL, NULL, NULL, NULL, NULL),
(3, '2021-07-11 04:27:59.942601', '2021-07-11 04:27:59.942601', NULL, '1LM - BOH Functions', 0, '2', '2021-07-01 08:27:39', '2022-06-29 14:00:00', NULL, '2021-07-11 08:27:01', 0, '', '', 0, NULL, NULL, 8, 3, 4, NULL, 5, 2, 1, NULL, NULL, NULL, NULL, NULL, 'P', NULL, NULL, NULL, NULL, NULL, NULL),
(4, '2021-07-11 21:16:36.346490', '2021-07-11 22:48:40.000000', NULL, 'CASG - PRO Specialist Project Services SEA 1905', 93000, '2', '2021-07-05 01:08:44', '2021-09-24 01:08:48', NULL, '2021-07-12 01:06:05', 1, 'Specialist Project Services', 'SEA 1905', 5, NULL, NULL, 8, 4, 2, NULL, 5, NULL, NULL, NULL, NULL, NULL, NULL, NULL, 'P', NULL, NULL, NULL, NULL, NULL, NULL),
(5, '2021-07-11 22:52:04.931201', '2021-07-11 22:52:04.931201', NULL, 'AHQ - CALL Strategic Document Writer LC4', 245456, '2', '2020-11-10 13:00:00', '2021-11-10 13:00:00', NULL, '2021-07-12 02:48:51', 1, 'Strategic Document Writer - Program Support', 'RFQTS 5864', 14, NULL, NULL, 8, 2, 2, 9, 5, NULL, NULL, NULL, NULL, NULL, NULL, NULL, 'P', NULL, NULL, NULL, NULL, NULL, NULL),
(6, '2021-07-12 20:34:11.911730', '2021-08-09 21:13:41.000000', '2021-08-09 21:13:41.000000', 'Enterprise Information Management', 100000, '2', '2021-07-14 00:32:06', '2021-11-26 23:32:08', NULL, '2021-07-13 00:30:30', 1, 'New Chief Engineer', 'RFT567', 25, 90, 30, 8, 2, 1, 9, 5, 9, NULL, NULL, NULL, NULL, NULL, NULL, 'O', NULL, NULL, NULL, NULL, NULL, NULL),
(7, '2021-07-14 02:21:43.669728', '2021-08-09 21:15:44.000000', '2021-08-09 21:15:44.000000', 'Land C4 Interim Solution', 1437500, '2', '2021-08-17 14:00:00', '2022-06-30 06:20:06', NULL, '2021-07-14 06:18:31', 0, '', '', 20, 50, 30, 8, 11, 2, 24, 5, 9, 14, NULL, NULL, NULL, NULL, NULL, 'O', NULL, NULL, NULL, NULL, NULL, NULL),
(8, '2021-07-14 02:23:36.142093', '2021-07-14 02:23:36.142093', NULL, 'Land C4 Future Solution', 1200000, '2', '2021-10-01 06:22:41', '2022-06-30 06:22:48', NULL, '2021-07-14 06:21:49', 0, '', '', 20, 90, 30, 8, 11, 2, 24, 5, 9, 14, NULL, NULL, NULL, NULL, NULL, 'O', NULL, NULL, NULL, NULL, NULL, NULL),
(9, '2021-07-14 02:39:29.549566', '2021-08-10 23:30:45.000000', NULL, 'AHQ - LCIMS Program Manager', 184871, '2', '2021-08-02 06:24:25', '2022-01-20 05:38:41', NULL, '2021-07-14 06:23:46', 1, '', '', 14, 90, 30, 8, 26, 2, NULL, 5, 9, 14, NULL, 8, '2021-07-19 05:07:00', NULL, NULL, 'P', NULL, NULL, NULL, NULL, NULL, NULL),
(10, '2021-07-14 03:00:52.483221', '2021-08-09 21:16:35.000000', '2021-08-09 21:16:35.000000', 'SI Branch Support', 540000, '2', '2021-09-01 06:59:54', '2022-06-30 07:00:02', NULL, '2021-07-14 06:59:23', 0, '', '', 20, 30, 50, 8, 22, 2, 31, 5, 9, 14, NULL, NULL, NULL, NULL, NULL, 'O', NULL, NULL, NULL, NULL, NULL, NULL),
(11, '2021-07-14 03:02:20.018710', '2021-08-09 21:23:19.000000', NULL, 'JIW Support', 204000, '2', '2021-11-01 00:18:21', '2022-06-30 07:01:37', NULL, '2021-07-14 07:00:54', 0, '', '', 40, 90, 90, 8, 54, 3, 57, 5, 9, 14, NULL, NULL, NULL, NULL, NULL, 'O', NULL, NULL, NULL, NULL, NULL, NULL),
(12, '2021-07-14 03:13:16.174721', '2021-11-08 18:59:46.000000', NULL, 'AHQ - CALL Land 135 - Robotic & Autonomous Systems', 437878, '2', '2021-11-02 06:12:21', '2022-12-15 04:19:07', '2021-10-22 04:19:32', '2021-07-14 07:11:46', 1, 'Land 135', '8084', 38, 100, 95, 8, 15, 2, 19, 5, 9, 14, NULL, NULL, '2021-11-08 23:57:10', NULL, NULL, 'P', NULL, NULL, NULL, NULL, NULL, NULL),
(13, '2021-07-14 03:21:17.722004', '2021-07-14 03:21:17.722004', NULL, 'LAND 135 V&V Manager', 252000, '2', '2022-09-01 07:20:22', '2021-06-30 07:20:32', NULL, '2021-07-14 07:19:54', 0, '', '', 20, 70, 80, 8, 15, 2, 20, 5, 9, 14, NULL, NULL, NULL, NULL, NULL, 'O', NULL, NULL, NULL, NULL, NULL, NULL),
(14, '2021-07-14 03:22:40.607305', '2021-08-09 21:31:56.000000', '2021-08-09 21:31:56.000000', 'Service Management', 702000, '2', '2021-08-01 07:21:42', '2021-06-30 07:21:49', NULL, '2021-07-14 07:21:21', 0, '', '', 20, 50, 80, 8, 21, 2, 30, 5, 9, 14, NULL, NULL, NULL, NULL, NULL, 'O', NULL, NULL, NULL, NULL, NULL, NULL),
(15, '2021-07-14 23:47:37.284636', '2021-07-14 23:47:37.284636', NULL, 'Non-Project Hours', 0, '2', '2021-07-01 03:47:14', NULL, NULL, '2021-07-15 03:46:25', 0, '', '', 0, NULL, NULL, 8, 13, 4, NULL, NULL, 9, 2, NULL, 10, NULL, NULL, NULL, 'P', NULL, NULL, NULL, NULL, NULL, NULL),
(16, '2021-07-19 23:11:59.379719', '2021-07-19 23:22:30.000000', NULL, 'Test', 1000000, '1', '2021-07-01 03:11:25', '2022-07-31 03:11:28', NULL, '2021-07-20 03:11:00', 0, '', '', 20, 50, 50, 8, 6, 2, NULL, 5, NULL, NULL, NULL, NULL, '2021-07-20 03:22:30', NULL, NULL, 'P', NULL, NULL, NULL, NULL, NULL, NULL),
(17, '2021-07-23 02:32:58.722094', '2021-10-13 21:12:18.000000', NULL, 'SA - Project Coordinator (Cyber Portfolio Officer)', 136400, '2', '2021-10-05 00:24:48', '2021-12-31 05:30:36', '2021-06-15 14:00:00', '2021-07-23 06:29:30', 0, 'EL1 - Project Coordinator', 'RFQDM21-254', 26, 90, 90, 8, 71, 3, NULL, 5, 10, 9, 9, 13, '2021-10-14 00:37:14', NULL, NULL, 'P', NULL, NULL, NULL, NULL, NULL, NULL),
(18, '2021-07-23 02:36:30.609685', '2021-10-26 19:49:05.000000', NULL, 'SA - WPIT Finance Review', 50000, '1', '2021-07-16 06:34:46', '2021-08-31 06:34:48', NULL, '2021-07-23 06:33:53', 0, '', '', 50, 100, 100, 8, 71, 3, NULL, 5, 10, NULL, NULL, NULL, '2021-07-23 06:41:19', NULL, NULL, 'P', NULL, NULL, NULL, NULL, NULL, NULL),
(19, '2021-07-23 02:46:40.483954', '2021-07-23 02:46:40.483954', NULL, 'myGov Portfolio', 306000, '2', '2021-10-15 05:42:36', '2022-06-30 06:42:53', NULL, '2021-07-23 06:41:35', 0, '', '', 20, 70, 90, 8, 77, 3, NULL, 5, 10, NULL, NULL, NULL, NULL, NULL, NULL, 'O', NULL, NULL, NULL, NULL, NULL, NULL),
(20, '2021-07-23 02:51:47.752344', '2021-07-23 02:51:47.752344', NULL, 'Cyber NPP Development', 300000, '1', '2021-11-22 13:00:00', '2022-03-30 13:00:00', NULL, '2021-07-23 06:49:41', 0, '', '', 25, 50, 70, 8, 71, 3, NULL, 5, 10, 13, NULL, NULL, NULL, NULL, NULL, 'O', NULL, NULL, NULL, NULL, NULL, NULL),
(21, '2021-07-23 03:10:37.651579', '2021-07-23 03:10:37.651579', NULL, 'Legacy Debt Review', 400000, '2', '2021-08-09 07:00:01', '2022-06-29 14:00:00', NULL, '2021-07-23 06:59:43', 0, '', '', 35, 30, 50, 8, 79, 3, NULL, 5, 10, NULL, NULL, NULL, NULL, NULL, NULL, 'O', NULL, NULL, NULL, NULL, NULL, NULL),
(22, '2021-08-09 20:50:20.543433', '2021-10-26 19:50:16.000000', NULL, 'JCG - Electronic Warfare Division Support', 115920, '2', '2021-08-13 00:48:31', '2022-02-10 23:48:37', NULL, '2021-08-10 00:47:31', 1, '', '', 30, NULL, NULL, 8, 4, 2, NULL, 5, 10, 9, NULL, NULL, NULL, NULL, NULL, 'P', NULL, NULL, NULL, NULL, NULL, NULL),
(23, '2021-08-10 23:54:44.292329', '2021-08-10 23:58:52.000000', NULL, 'CIOG - Governance & Risk Management', 126000, '2', '2021-08-02 03:50:37', '2021-12-31 02:50:40', NULL, '2021-08-11 03:48:40', 1, '', '', 27, NULL, NULL, 8, 81, 4, NULL, 5, 9, NULL, NULL, NULL, NULL, NULL, NULL, 'P', NULL, NULL, NULL, NULL, NULL, NULL),
(24, '2021-11-28 23:50:29.741212', '2021-12-02 03:44:17.000000', NULL, 'AFHQ - CALL Jericho Disruptive Innovation PM Support', 305676, '2', '2021-11-28 04:50:10', '2022-06-30 05:50:13', NULL, '2021-11-29 04:47:59', 1, 'Jericho Disruptive Innovation', '8189', 21, NULL, NULL, 8, 5, 2, 81, 5, 9, NULL, NULL, NULL, NULL, NULL, NULL, 'P', NULL, NULL, NULL, NULL, NULL, NULL),
(25, '2021-12-02 01:37:51.032256', '2021-12-02 17:31:26.000000', NULL, 'SA - Strategic Design / Business Process EL2', 396000, '2', '2021-11-29 06:37:13', '2022-09-29 14:00:00', NULL, '2021-12-02 06:33:45', 1, 'Strategic Design / Business Process EL2', 'RFQDM21-518s', 32, NULL, NULL, 8, 86, 3, NULL, 5, NULL, NULL, NULL, NULL, NULL, NULL, NULL, 'P', NULL, NULL, NULL, NULL, NULL, NULL);

-- --------------------------------------------------------

--
-- Table structure for table `opportunity_resources`
--

CREATE TABLE `opportunity_resources` (
  `id` int(11) NOT NULL,
  `created_at` datetime(6) NOT NULL DEFAULT current_timestamp(6),
  `updated_at` datetime(6) NOT NULL DEFAULT current_timestamp(6) ON UPDATE current_timestamp(6),
  `deleted_at` datetime(6) DEFAULT NULL,
  `panel_skill_id` int(11) NOT NULL,
  `panel_skill_standard_level_id` int(11) NOT NULL,
  `billable_hours` decimal(10,3) NOT NULL,
  `opportunity_id` int(11) NOT NULL,
  `title` varchar(255) DEFAULT NULL,
  `start_date` datetime DEFAULT NULL,
  `end_date` datetime DEFAULT NULL,
  `milestone_id` int(11) NOT NULL
) ENGINE=InnoDB DEFAULT CHARSET=latin1;

--
-- Dumping data for table `opportunity_resources`
--

INSERT INTO `opportunity_resources` (`id`, `created_at`, `updated_at`, `deleted_at`, `panel_skill_id`, `panel_skill_standard_level_id`, `billable_hours`, `opportunity_id`, `title`, `start_date`, `end_date`, `milestone_id`) VALUES
(1, '2021-07-04 06:22:49.776316', '2021-12-05 05:04:43.000000', NULL, 27, 89, '1760.000', 1, NULL, '2021-06-15 14:00:00', '2021-07-30 01:08:51', 1),
(2, '2021-07-11 04:36:44.534538', '2021-12-05 05:04:43.000000', NULL, 58, 207, '8.000', 3, NULL, '2021-07-01 08:36:27', '2022-06-29 14:00:00', 3),
(3, '2021-07-12 05:48:07.520682', '2021-12-05 05:04:43.000000', NULL, 84, 313, '720.000', 2, NULL, '2021-04-11 14:00:00', '2021-10-31 13:00:00', 2),
(4, '2021-07-12 05:54:32.024069', '2021-12-05 05:04:43.000000', NULL, 79, 293, '806.400', 5, NULL, '2021-05-16 14:00:00', '2021-11-10 13:00:00', 5),
(5, '2021-07-12 06:02:04.751171', '2021-12-05 05:04:43.000000', NULL, 49, 166, '480.000', 4, NULL, '2021-07-05 10:00:38', '2021-09-23 14:00:00', 4),
(6, '2021-07-12 20:35:00.313294', '2021-12-05 05:04:21.000000', NULL, 4, 11, '100.000', 6, NULL, NULL, NULL, 6),
(7, '2021-07-13 03:50:13.376518', '2021-12-05 05:04:43.000000', NULL, 58, 207, '1000.000', 3, NULL, '2021-07-01 07:49:47', '2021-06-30 07:49:51', 3),
(8, '2021-07-14 23:54:41.651318', '2021-12-05 05:04:43.000000', NULL, 100, 378, '8.000', 15, NULL, '2021-07-01 03:54:24', '2021-07-31 03:54:29', 15),
(9, '2021-07-14 23:59:02.025262', '2021-12-05 05:04:43.000000', NULL, 100, 378, '100.000', 15, NULL, '2021-07-01 03:58:48', '2021-07-31 03:58:49', 15),
(10, '2021-07-15 00:01:54.310194', '2021-12-05 05:04:43.000000', NULL, 100, 378, '100.000', 15, NULL, '2021-07-01 04:01:41', '2021-07-31 04:01:43', 15),
(11, '2021-07-15 00:02:34.125902', '2021-12-05 05:04:43.000000', NULL, 100, 378, '100.000', 15, NULL, '2021-07-01 04:02:24', '2021-07-31 04:02:26', 15),
(12, '2021-07-15 00:02:53.172866', '2021-12-05 05:04:43.000000', NULL, 100, 378, '100.000', 15, NULL, '2021-07-01 04:02:40', '2021-07-31 04:02:42', 15),
(13, '2021-07-15 00:03:18.656122', '2021-12-05 05:04:43.000000', NULL, 100, 378, '100.000', 15, NULL, '2021-07-01 04:03:06', '2021-07-31 04:03:08', 15),
(14, '2021-07-15 00:03:48.060061', '2021-12-05 05:04:43.000000', NULL, 100, 378, '100.000', 15, NULL, '2021-07-01 04:03:35', '2021-07-31 04:03:37', 15),
(15, '2021-07-15 00:04:11.564946', '2021-12-05 05:04:43.000000', NULL, 100, 378, '100.000', 15, NULL, '2021-07-01 04:04:01', '2021-07-31 04:04:03', 15),
(16, '2021-07-15 00:04:36.794391', '2021-12-05 05:04:43.000000', NULL, 100, 378, '100.000', 15, NULL, '2021-07-01 04:04:26', '2021-07-31 04:04:28', 15),
(17, '2021-07-15 00:05:20.935199', '2021-12-05 05:04:43.000000', NULL, 100, 378, '100.000', 15, NULL, '2021-07-01 04:05:09', '2021-07-31 04:05:11', 15),
(18, '2021-07-18 22:49:31.202397', '2021-12-05 05:04:43.000000', NULL, 4, 10, '0.000', 6, NULL, '2021-07-21 02:49:50', '2021-07-24 02:49:52', 6),
(19, '2021-07-19 01:12:07.582932', '2021-12-05 05:04:43.000000', NULL, 27, 90, '2008.000', 9, NULL, '2021-08-02 05:08:35', '2022-01-19 13:00:00', 9),
(20, '2021-07-21 02:50:07.596264', '2021-12-05 05:04:43.000000', NULL, 1, 1, '100.000', 6, NULL, '2021-07-21 06:50:42', '2021-07-24 06:50:46', 6),
(21, '2021-07-23 02:37:22.832855', '2021-12-05 05:04:43.000000', NULL, 102, 366, '704.000', 17, NULL, '2021-10-04 13:00:00', '2021-12-30 13:00:00', 17),
(22, '2021-07-23 02:38:59.722761', '2021-12-05 05:04:43.000000', NULL, 102, 367, '100.000', 18, NULL, '2021-07-16 06:40:07', '2021-08-31 06:40:10', 18),
(23, '2021-07-23 02:47:23.239184', '2021-12-05 05:04:43.000000', NULL, 102, 366, '1152.000', 19, NULL, '2021-10-14 13:00:00', '2022-06-29 14:00:00', 19),
(24, '2021-07-23 02:47:42.975095', '2021-12-05 05:04:43.000000', NULL, 102, 366, '480.000', 19, NULL, '2021-10-14 13:00:00', '2022-06-29 14:00:00', 19),
(25, '2021-07-23 02:52:39.778724', '2021-12-05 05:04:21.000000', NULL, 102, 367, '480.000', 20, NULL, NULL, NULL, 20),
(26, '2021-07-23 02:55:29.740921', '2021-12-05 05:04:21.000000', NULL, 102, 366, '160.000', 20, NULL, NULL, NULL, 20),
(27, '2021-07-23 02:55:39.830871', '2021-12-05 05:04:21.000000', NULL, 102, 366, '300.000', 20, NULL, NULL, NULL, 20),
(28, '2021-07-23 02:55:49.199522', '2021-12-05 05:04:21.000000', NULL, 102, 366, '120.000', 20, NULL, NULL, NULL, 20),
(29, '2021-08-09 20:57:37.446697', '2021-12-05 05:04:43.000000', NULL, 49, 167, '1664.000', 22, NULL, '2021-08-16 00:56:26', '2022-06-30 00:56:31', 22),
(30, '2021-08-09 21:07:00.617498', '2021-12-05 05:04:43.000000', NULL, 49, 167, '1664.000', 22, NULL, '2021-08-13 01:06:24', '2022-02-11 00:06:33', 22),
(31, '2021-08-09 21:23:48.618902', '2021-12-05 05:04:21.000000', NULL, 105, 375, '8.000', 11, NULL, NULL, NULL, 11),
(32, '2021-08-09 21:27:26.519110', '2021-12-05 05:04:21.000000', NULL, 105, 376, '8.000', 12, NULL, NULL, NULL, 12),
(33, '2021-08-11 00:01:14.047943', '2021-12-05 05:04:43.000000', NULL, 106, 379, '8.000', 23, NULL, '2021-08-02 04:00:09', '2021-12-30 13:00:00', 23),
(34, '2021-08-17 05:20:27.209785', '2021-12-05 05:04:43.000000', NULL, 79, 292, '50.000', 2, NULL, '2021-04-01 08:19:14', '2021-11-01 08:19:25', 2),
(35, '2021-08-23 21:35:44.944354', '2021-12-05 05:04:21.000000', NULL, 27, 89, '120.000', 8, NULL, NULL, NULL, 8),
(36, '2021-10-13 20:52:41.357414', '2021-12-05 05:04:43.000000', NULL, 102, 366, '704.000', 17, NULL, '2021-10-05 00:52:17', '2021-12-31 00:52:18', 17),
(37, '2021-10-15 00:23:25.697195', '2021-12-05 05:04:43.000000', NULL, 79, 293, '0.000', 12, NULL, '2021-11-02 01:13:25', '2022-12-15 01:14:21', 12),
(38, '2021-11-07 20:33:21.846669', '2021-12-05 05:04:43.000000', NULL, 49, 169, '2312.000', 12, NULL, '2021-11-02 01:37:35', '2022-12-15 01:37:36', 12),
(39, '2021-11-28 23:57:16.340378', '2021-12-05 05:04:43.000000', NULL, 49, 167, '544.000', 24, NULL, '2021-11-28 04:55:00', '2022-06-30 05:55:02', 24),
(40, '2021-12-01 18:32:09.349880', '2021-12-05 05:04:43.000000', NULL, 49, 167, '1088.000', 24, NULL, '2021-11-28 23:30:09', '2022-06-30 00:30:19', 24),
(41, '2021-12-02 01:49:22.698322', '2021-12-05 05:04:43.000000', NULL, 107, 380, '1760.000', 25, NULL, '2021-11-29 06:48:53', '2022-09-29 14:00:00', 25);

-- --------------------------------------------------------

--
-- Table structure for table `opportunity_resource_allocations`
--

CREATE TABLE `opportunity_resource_allocations` (
  `id` int(11) NOT NULL,
  `created_at` datetime(6) NOT NULL DEFAULT current_timestamp(6),
  `updated_at` datetime(6) NOT NULL DEFAULT current_timestamp(6) ON UPDATE current_timestamp(6),
  `deleted_at` datetime(6) DEFAULT NULL,
  `opportunity_resource_id` int(11) NOT NULL,
  `selling_rate` decimal(10,3) DEFAULT NULL,
  `buying_rate` decimal(10,3) DEFAULT NULL,
  `is_marked_as_selected` tinyint(4) NOT NULL DEFAULT 0,
  `contact_person_id` int(11) DEFAULT NULL,
  `effort_rate` int(11) NOT NULL DEFAULT 100
) ENGINE=InnoDB DEFAULT CHARSET=latin1;

--
-- Dumping data for table `opportunity_resource_allocations`
--

INSERT INTO `opportunity_resource_allocations` (`id`, `created_at`, `updated_at`, `deleted_at`, `opportunity_resource_id`, `selling_rate`, `buying_rate`, `is_marked_as_selected`, `contact_person_id`, `effort_rate`) VALUES
(1, '2021-07-04 19:23:31.593920', '2021-08-09 21:12:52.000000', NULL, 1, '232.140', '200.000', 1, 5, 100),
(2, '2021-07-11 04:36:44.603710', '2021-07-11 04:36:44.603710', NULL, 2, '0.000', '0.000', 1, 1, 100),
(3, '2021-07-12 05:48:07.590212', '2021-11-07 01:11:18.000000', NULL, 3, '151.520', '102.490', 1, 12, 100),
(4, '2021-07-12 05:54:32.093056', '2021-07-12 05:54:32.093056', NULL, 4, '237.500', '176.760', 1, 14, 100),
(5, '2021-07-12 06:02:04.820854', '2021-07-12 06:02:04.820854', NULL, 5, '187.500', '178.250', 1, 13, 100),
(6, '2021-07-13 03:50:13.444906', '2021-07-13 03:50:13.444906', NULL, 7, '0.000', '0.000', 1, 3, 100),
(7, '2021-07-14 23:54:41.729892', '2021-07-14 23:54:41.729892', NULL, 8, '0.000', '0.000', 1, 1, 100),
(8, '2021-07-14 23:59:02.101992', '2021-07-14 23:59:02.101992', NULL, 9, '0.000', '0.000', 1, 15, 100),
(9, '2021-07-15 00:01:54.385159', '2021-07-15 00:01:54.385159', NULL, 10, '0.000', '0.000', 1, 11, 100),
(10, '2021-07-15 00:02:34.202184', '2021-07-15 00:02:34.202184', NULL, 11, '0.000', '0.000', 1, 7, 100),
(11, '2021-07-15 00:02:53.248425', '2021-07-15 00:02:53.248425', NULL, 12, '0.000', '0.000', 1, 6, 100),
(12, '2021-07-15 00:03:18.734052', '2021-07-15 00:03:18.734052', NULL, 13, '0.000', '0.000', 1, 12, 100),
(13, '2021-07-15 00:03:48.135039', '2021-07-15 00:03:48.135039', NULL, 14, '0.000', '0.000', 1, 13, 100),
(14, '2021-07-15 00:04:11.641306', '2021-07-15 00:04:11.641306', NULL, 15, '0.000', '0.000', 1, 14, 100),
(15, '2021-07-15 00:04:36.869578', '2021-07-15 00:04:36.869578', NULL, 16, '0.000', '0.000', 1, 10, 100),
(16, '2021-07-15 00:05:21.011801', '2021-07-15 00:05:21.011801', NULL, 17, '0.000', '0.000', 1, 3, 100),
(17, '2021-07-18 22:49:56.360997', '2021-07-18 22:52:15.000000', NULL, 18, '0.000', '0.000', 1, 13, 100),
(18, '2021-07-19 01:12:07.659483', '2021-08-10 23:35:25.000000', NULL, 19, '1607.570', '1350.000', 1, 5, 100),
(19, '2021-07-21 02:51:54.473361', '2021-07-21 02:52:16.000000', NULL, 20, '500.000', '300.000', 1, 13, 100),
(20, '2021-07-23 02:38:21.033039', '2021-10-13 20:28:46.000000', NULL, 21, '1550.000', '1140.760', 0, 13, 100),
(21, '2021-07-23 02:40:27.142900', '2021-07-23 02:40:42.000000', NULL, 22, '50000.000', '30000.000', 0, 7, 100),
(22, '2021-07-23 02:48:28.552677', '2021-07-23 02:48:28.552677', NULL, 23, '1500.000', '900.000', 0, 11, 100),
(23, '2021-07-23 02:49:25.302287', '2021-07-23 02:49:25.302287', NULL, 24, '1500.000', '1400.000', 0, 15, 40),
(24, '2021-08-09 20:57:37.524984', '2021-08-09 20:57:37.524984', NULL, 29, '1200.000', '840.000', 1, 6, 100),
(25, '2021-08-09 21:07:00.698495', '2021-08-10 22:37:34.000000', NULL, 30, '1200.000', '840.000', 1, 11, 80),
(26, '2021-08-11 00:01:14.124648', '2021-08-11 00:01:14.124648', NULL, 33, '1500.000', '1093.230', 1, 15, 100),
(27, '2021-08-17 05:20:27.288772', '2021-11-07 01:11:40.000000', NULL, 34, '183.440', '32.490', 1, 6, 100),
(28, '2021-10-13 20:52:41.435021', '2021-10-13 20:52:41.435021', NULL, 36, '1550.000', '1140.760', 1, 13, 100),
(29, '2021-11-07 20:28:32.418745', '2021-11-07 20:28:32.418745', NULL, 37, '189.390', '29.710', 1, 6, 10),
(30, '2021-11-07 20:38:30.917782', '2021-11-07 20:38:30.917782', NULL, 38, '189.390', '117.130', 1, 12, 100),
(31, '2021-11-28 23:57:16.419353', '2021-12-02 03:44:57.000000', NULL, 39, '187.300', '0.000', 1, 6, 100),
(32, '2021-12-01 18:32:09.427398', '2021-12-01 18:32:09.427398', NULL, 40, '187.300', '148.500', 1, 83, 100),
(33, '2021-12-02 01:49:22.775990', '2021-12-02 17:30:59.000000', NULL, 41, '225.000', '152.540', 1, 15, 100);

-- --------------------------------------------------------

--
-- Table structure for table `organizations`
--

CREATE TABLE `organizations` (
  `id` int(11) NOT NULL,
  `created_at` datetime(6) NOT NULL DEFAULT current_timestamp(6),
  `updated_at` datetime(6) NOT NULL DEFAULT current_timestamp(6) ON UPDATE current_timestamp(6),
  `deleted_at` datetime(6) DEFAULT NULL,
  `name` varchar(255) NOT NULL,
  `title` varchar(255) DEFAULT NULL,
  `phone_number` varchar(255) DEFAULT NULL,
  `email` varchar(255) DEFAULT NULL,
  `address` text DEFAULT NULL,
  `website` varchar(255) DEFAULT NULL,
  `australian_business_number` varchar(255) DEFAULT NULL,
  `business_type` enum('1','2','3','4') NOT NULL,
  `tax_code` varchar(255) DEFAULT NULL,
  `current_financial_year_total_forecast` decimal(15,3) DEFAULT 0.000,
  `next_financial_year_total_forecast` decimal(15,3) DEFAULT 0.000,
  `invoice_email` varchar(255) DEFAULT NULL,
  `invoice_contact_number` varchar(255) DEFAULT NULL,
  `pi_insurer` varchar(255) DEFAULT NULL,
  `pl_insurer` varchar(255) DEFAULT NULL,
  `wc_insurer` varchar(255) DEFAULT NULL,
  `pi_policy_number` varchar(255) DEFAULT NULL,
  `pl_policy_number` varchar(255) DEFAULT NULL,
  `wc_policy_number` varchar(255) DEFAULT NULL,
  `pi_sum_insured` decimal(15,3) DEFAULT 0.000,
  `pl_sum_insured` decimal(15,3) DEFAULT 0.000,
  `wc_sum_insured` decimal(15,3) DEFAULT 0.000,
  `pi_insurance_expiry` datetime DEFAULT NULL,
  `pl_insurance_expiry` datetime DEFAULT NULL,
  `wc_insurance_expiry` datetime DEFAULT NULL,
  `parent_organization_id` int(11) DEFAULT NULL,
  `delegate_contact_person_id` int(11) DEFAULT NULL
) ENGINE=InnoDB DEFAULT CHARSET=latin1;

--
-- Dumping data for table `organizations`
--

INSERT INTO `organizations` (`id`, `created_at`, `updated_at`, `deleted_at`, `name`, `title`, `phone_number`, `email`, `address`, `website`, `australian_business_number`, `business_type`, `tax_code`, `current_financial_year_total_forecast`, `next_financial_year_total_forecast`, `invoice_email`, `invoice_contact_number`, `pi_insurer`, `pl_insurer`, `wc_insurer`, `pi_policy_number`, `pl_policy_number`, `wc_policy_number`, `pi_sum_insured`, `pl_sum_insured`, `wc_sum_insured`, `pi_insurance_expiry`, `pl_insurance_expiry`, `wc_insurance_expiry`, `parent_organization_id`, `delegate_contact_person_id`) VALUES
(1, '2021-07-03 00:28:46.982107', '2021-07-07 23:03:15.000000', NULL, '1LM PTY LTD', '1LM', '0425 753 523', 'contact@1lm.com.au', 'Workplace 4 Level 1 Building 7 - 1 Dairy Road Fyshwick ACT 2609', 'www.1lm.com.au', '63640348858', '3', 'GST', '0.000', '0.000', 'finance@1lm.com.au', '0425 753 523', 'Dual Australia Pty Ltd', 'Dual Australia Pty Ltd', 'QBE Insurance (Australia) Ltd', 'PIT/0/333066/21/M-0', 'PIT/0/333066/21/M-0', 'GWC-2961341', '10000000.000', '20000000.000', '2300000.000', '2022-06-29 14:00:00', '2022-06-29 14:00:00', '2022-06-29 14:00:00', NULL, 10),
(2, '2021-07-04 01:48:09.432328', '2021-07-13 00:27:40.000000', NULL, 'Callida Pty Ltd', 'CAL', '02 6162 3339', 'scott.urbaniak@callida.com.au', '28 National Circuit Forrest ACT 2603', 'www.callida.com.au', '40154007664', '3', 'GST', '1000000.000', '0.000', 'accounts@callida.com.au', '0452 238 003 ', '', '', '', '', '', '', '0.000', '0.000', '0.000', NULL, NULL, NULL, NULL, NULL),
(3, '2021-07-04 02:01:52.442995', '2021-07-13 00:28:05.000000', NULL, 'Castiel Consulting Pty Ltd', 'CAS', '', 'info@castiel.com.au', 'PO Box 108 Moruya NSW 2537', '', '16634105918', '3', 'GST', '500000.000', '0.000', 'info@castiel.com.au', '', '', '', '', '', '', '', '0.000', '0.000', '0.000', NULL, NULL, NULL, NULL, NULL),
(4, '2021-07-05 19:25:05.411487', '2021-07-13 00:28:24.000000', NULL, 'Projects Assured Pty Ltd', 'PRO', '0401 512 885', 'Trevor.watt@projectsassured.com.au', '33 Torrens Street Braddon ACT 2612', 'www.projectsassured.com.au', '95820883147', '3', 'GST', '500000.000', '1000000.000', 'yas.diaz@projectsassured.com.au', '0433 912 242', '', '', '', '', '', '', '0.000', '0.000', '0.000', NULL, NULL, NULL, NULL, NULL),
(5, '2021-07-13 00:27:12.925529', '2021-07-13 02:54:55.000000', NULL, 'Department of Defence', 'Defence', '', '', '', '', '', '3', '', '0.000', '0.000', '', '', '', '', '', '', '', '', '0.000', '0.000', '0.000', NULL, NULL, NULL, NULL, NULL),
(6, '2021-07-13 00:28:38.604587', '2021-07-13 02:56:16.000000', NULL, 'Army // Defence', 'Army', '', '', '', '', '', '3', '', '0.000', '0.000', '', '', '', '', '', '', '', '', '0.000', '0.000', '0.000', NULL, NULL, NULL, 5, NULL),
(7, '2021-07-13 00:29:25.242354', '2021-07-13 02:54:09.000000', NULL, 'Chief Information Officer Group (CIOG) // Defence', 'CIOG', '', '', '', '', '', '3', '', '0.000', '0.000', '', '', '', '', '', '', '', '', '0.000', '0.000', '0.000', NULL, NULL, NULL, 5, NULL),
(8, '2021-07-13 00:31:44.890966', '2021-07-13 02:53:15.000000', NULL, 'Department of Agriculture, Water and the Environment (DAWE)', 'DAWE', '', '', '', '', '', '3', '', '0.000', '0.000', '', '', '', '', '', '', '', '', '0.000', '0.000', '0.000', NULL, NULL, NULL, NULL, NULL),
(9, '2021-07-13 00:32:26.500102', '2021-07-13 02:54:24.000000', NULL, 'Capability Acquisition and Sustainment Group (CASG) // Defence', 'CASG', '', '', '', '', '', '3', '', '0.000', '0.000', '', '', '', '', '', '', '', '', '0.000', '0.000', '0.000', NULL, NULL, NULL, 5, NULL),
(10, '2021-07-13 00:32:53.481345', '2021-07-13 02:54:45.000000', NULL, 'Joint Capabilities Group (JCG) // Defence', 'JCG', '', '', '', '', '', '3', '', '0.000', '0.000', '', '', '', '', '', '', '', '', '0.000', '0.000', '0.000', NULL, NULL, NULL, 5, NULL),
(11, '2021-07-13 00:39:59.526342', '2021-07-13 20:42:56.000000', NULL, 'Land C4 Program Office (LC4PO) // SI / Army / Defence', 'LC4PO', '', '', '', '', '', '3', '', '0.000', '0.000', '', '', '', '', '', '', '', '', '0.000', '0.000', '0.000', NULL, NULL, NULL, 22, NULL),
(12, '2021-07-13 02:52:37.128878', '2021-07-13 21:02:58.000000', NULL, 'Military Platform Integration Branch (MPI) // ICTDD / CIOG / Defence', '', '', '', '', '', '', '3', '', '0.000', '0.000', '', '', '', '', '', '', '', '', '0.000', '0.000', '0.000', NULL, NULL, NULL, 33, NULL),
(13, '2021-07-13 03:35:43.697715', '2021-07-13 03:35:43.697715', NULL, 'zzz Internal Resource Allocation', '', '', '', '', '', '', '3', '', '0.000', '0.000', '', '', '', '', '', '', '', '', '0.000', '0.000', '0.000', NULL, NULL, NULL, NULL, NULL),
(14, '2021-07-13 20:25:46.060185', '2021-07-13 20:25:46.060185', NULL, 'Future Land Warfare Branch (FLW) // Army / Defence', 'FLW', '', '', '', '', '', '3', '', '0.000', '0.000', '', '', '', '', '', '', '', '', '0.000', '0.000', '0.000', NULL, NULL, NULL, 6, NULL),
(15, '2021-07-13 20:27:23.512790', '2021-07-13 20:27:23.512790', NULL, 'Robotic & Autonomous Systems - Implementation & Coordination Office (RICO) // FLW / Army / Defence', 'RICO', '', '', '', '', '', '3', '', '0.000', '0.000', '', '', '', '', '', '', '', '', '0.000', '0.000', '0.000', NULL, NULL, NULL, 14, NULL),
(16, '2021-07-13 20:31:22.264554', '2021-07-13 20:31:22.264554', NULL, 'Platforms Branch // Army / Defence', 'Platforms', '', '', '', '', '', '3', '', '0.000', '0.000', '', '', '', '', '', '', '', '', '0.000', '0.000', '0.000', NULL, NULL, NULL, 6, NULL),
(17, '2021-07-13 20:34:49.719689', '2021-07-13 20:50:09.000000', NULL, 'Land Combat Vehicle (LCV) // Platforms / Army / Defence', 'LCV', '', '', '', '', '', '3', '', '0.000', '0.000', '', '', '', '', '', '', '', '', '0.000', '0.000', '0.000', NULL, NULL, NULL, 16, NULL),
(18, '2021-07-13 20:35:22.192144', '2021-07-13 20:49:28.000000', NULL, 'Dismounted Systems (DS) // Platforms / Army / Defence', 'DS', '', '', '', '', '', '3', '', '0.000', '0.000', '', '', '', '', '', '', '', '', '0.000', '0.000', '0.000', NULL, NULL, NULL, 16, NULL),
(19, '2021-07-13 20:36:13.060051', '2021-07-13 20:36:13.060051', NULL, 'Directorate of Land Training Capability (DLTC) // Platforms / Army / Defence', 'DLTC', '', '', '', '', '', '3', '', '0.000', '0.000', '', '', '', '', '', '', '', '', '0.000', '0.000', '0.000', NULL, NULL, NULL, 16, NULL),
(20, '2021-07-13 20:37:15.603989', '2021-07-13 20:37:15.603989', NULL, 'Land Mobility & Support Program (LM&SP) // Platforms / Army / Defence', 'LM&SP', '', '', '', '', '', '3', '', '0.000', '0.000', '', '', '', '', '', '', '', '', '0.000', '0.000', '0.000', NULL, NULL, NULL, 19, NULL),
(21, '2021-07-13 20:40:09.914782', '2021-07-13 20:40:09.914782', NULL, 'Special Operations Modernisation (SOMOD) // Army / Defence', 'SOMOD', '', '', '', '', '', '3', '', '0.000', '0.000', '', '', '', '', '', '', '', '', '0.000', '0.000', '0.000', NULL, NULL, NULL, 6, NULL),
(22, '2021-07-13 20:42:04.399518', '2021-07-13 20:42:04.399518', NULL, 'Systems and Integration Branch (SI) // Army', 'SI', '', '', '', '', '', '3', '', '0.000', '0.000', '', '', '', '', '', '', '', '', '0.000', '0.000', '0.000', NULL, NULL, NULL, 6, NULL),
(23, '2021-07-13 20:43:30.636579', '2021-07-13 20:43:30.636579', NULL, 'Land ISREW (LISREW) // SI / Army / Defence', 'LISREW', '', '', '', '', '', '3', '', '0.000', '0.000', '', '', '', '', '', '', '', '', '0.000', '0.000', '0.000', NULL, NULL, NULL, 22, NULL),
(24, '2021-07-13 20:44:15.739166', '2021-07-13 20:44:15.739166', NULL, 'Combat Support (CS) // SI / Army / Defence', 'CS', '', '', '', '', '', '3', '', '0.000', '0.000', '', '', '', '', '', '', '', '', '0.000', '0.000', '0.000', NULL, NULL, NULL, 22, NULL),
(25, '2021-07-13 20:44:49.149724', '2021-07-13 20:44:49.149724', NULL, 'Land Network Integration (LNI) // SI / Army / Defence', 'LNIC', '', '', '', '', '', '3', '', '0.000', '0.000', '', '', '', '', '', '', '', '', '0.000', '0.000', '0.000', NULL, NULL, NULL, NULL, NULL),
(26, '2021-07-13 20:45:35.145880', '2021-07-13 22:26:21.000000', NULL, 'Business ICT Development (BICTD) // SI / Army / Defence', 'BICTD', '', '', '', '', '', '3', '', '0.000', '0.000', '', '', '', '', '', '', '', '', '0.000', '0.000', '0.000', NULL, NULL, NULL, 24, NULL),
(27, '2021-07-13 20:46:22.756798', '2021-07-13 22:27:29.000000', NULL, 'Technical Projects & Systems Engineering (TP&SE) // SI / Army / Defence', 'TPSE', '', '', '', '', '', '3', '', '0.000', '0.000', '', '', '', '', '', '', '', '', '0.000', '0.000', '0.000', NULL, NULL, NULL, 22, NULL),
(28, '2021-07-13 20:46:59.126641', '2021-07-13 20:46:59.126641', NULL, 'Army Minors // SI / Army / Defence', 'Army Minors', '', '', '', '', '', '3', '', '0.000', '0.000', '', '', '', '', '', '', '', '', '0.000', '0.000', '0.000', NULL, NULL, NULL, 22, NULL),
(29, '2021-07-13 20:52:19.027641', '2021-07-13 20:52:19.027641', NULL, 'Chief Technology Officer Division (CTOD) // CIOG / Defence', 'CTOD', '', '', '', '', '', '3', '', '0.000', '0.000', '', '', '', '', '', '', '', '', '0.000', '0.000', '0.000', NULL, NULL, NULL, 7, NULL),
(30, '2021-07-13 20:55:01.120992', '2021-07-13 20:55:01.120992', NULL, 'ICT Strategy Realisation Branch (ICTSRB) // CTOD / CIOG / Defence', 'ICTSRB', '', '', '', '', '', '3', '', '0.000', '0.000', '', '', '', '', '', '', '', '', '0.000', '0.000', '0.000', NULL, NULL, NULL, 29, NULL),
(31, '2021-07-13 20:55:46.081843', '2021-07-13 20:55:46.081843', NULL, 'ICT Architecture Branch (ICTAB) // CTOD / CIOG / Defence', 'ICTAB', '', '', '', '', '', '3', '', '0.000', '0.000', '', '', '', '', '', '', '', '', '0.000', '0.000', '0.000', NULL, NULL, NULL, 29, NULL),
(32, '2021-07-13 20:56:23.970237', '2021-07-13 20:56:23.970237', NULL, 'Enterprise Information Management Program (EIM) // CTOD / CIOG / Defence', '', '', '', '', '', '', '3', '', '0.000', '0.000', '', '', '', '', '', '', '', '', '0.000', '0.000', '0.000', NULL, NULL, NULL, 29, NULL),
(33, '2021-07-13 20:58:41.687700', '2021-07-13 20:58:41.687700', NULL, 'ICT Delivery Division (ICTDD) // CIOG / Defence', 'ICTDD', '', '', '', '', '', '3', '', '0.000', '0.000', '', '', '', '', '', '', '', '', '0.000', '0.000', '0.000', NULL, NULL, NULL, 7, NULL),
(34, '2021-07-13 21:00:30.350745', '2021-07-13 21:00:30.350745', NULL, 'Integration & Automation Delivery Branch (I&AD) // ICTDD / CIOG / Defence', 'I&AD', '', '', '', '', '', '3', '', '0.000', '0.000', '', '', '', '', '', '', '', '', '0.000', '0.000', '0.000', NULL, NULL, NULL, 33, NULL),
(35, '2021-07-13 21:01:17.400723', '2021-07-13 21:01:17.400723', NULL, 'Security & Interoperability Delivery Branch (SIDB) // ICTDD / CIOG / Defence', 'SIDB', '', '', '', '', '', '3', '', '0.000', '0.000', '', '', '', '', '', '', '', '', '0.000', '0.000', '0.000', NULL, NULL, NULL, 33, NULL),
(36, '2021-07-13 21:02:01.076964', '2021-07-13 21:02:01.076964', NULL, 'Corporate & Logistics Delivery Branch (C&LD) // ICTDD / CIOG / Defence', 'C&LD)', '', '', '', '', '', '3', '', '0.000', '0.000', '', '', '', '', '', '', '', '', '0.000', '0.000', '0.000', NULL, NULL, NULL, 33, NULL),
(37, '2021-07-13 21:02:30.335387', '2021-07-13 21:02:30.335387', NULL, 'ICT Infrastructure Delivery Branch (IID) // ICTDD / CIOG / Defence', 'IID', '', '', '', '', '', '3', '', '0.000', '0.000', '', '', '', '', '', '', '', '', '0.000', '0.000', '0.000', NULL, NULL, NULL, 33, NULL),
(38, '2021-07-13 21:10:24.544787', '2021-07-13 21:10:24.544787', NULL, 'ICT Operations Division (ICTOD) // CIOG / Defence', 'ICTOD', '', '', '', '', '', '3', '', '0.000', '0.000', '', '', '', '', '', '', '', '', '0.000', '0.000', '0.000', NULL, NULL, NULL, 7, NULL),
(39, '2021-07-13 21:11:01.634002', '2021-07-13 21:11:01.634002', NULL, 'Enterprise Technology Operations Branch (ETOB) // ICTOD / CIOG / Defence', 'ETOB', '', '', '', '', '', '3', '', '0.000', '0.000', '', '', '', '', '', '', '', '', '0.000', '0.000', '0.000', NULL, NULL, NULL, 38, NULL),
(40, '2021-07-13 21:11:35.941271', '2021-07-13 21:11:35.941271', NULL, 'Defence Strategic Communications Branch (DSCB) // ICTOD / CIOG / Defence', 'DSCB', '', '', '', '', '', '3', '', '0.000', '0.000', '', '', '', '', '', '', '', '', '0.000', '0.000', '0.000', NULL, NULL, NULL, 38, NULL),
(41, '2021-07-13 21:12:06.372488', '2021-07-13 21:12:06.372488', NULL, 'Service Management Branch (SMB) // ICTOD / CIOG / Defence', 'SMB', '', '', '', '', '', '3', '', '0.000', '0.000', '', '', '', '', '', '', '', '', '0.000', '0.000', '0.000', NULL, NULL, NULL, 38, NULL),
(42, '2021-07-13 21:14:15.311127', '2021-07-13 21:14:15.311127', NULL, 'Defence ICT Security Branch (ICTSB) // ICTOD / CIOG / Defence', 'ICTSB', '', '', '', '', '', '3', '', '0.000', '0.000', '', '', '', '', '', '', '', '', '0.000', '0.000', '0.000', NULL, NULL, NULL, 38, NULL),
(43, '2021-07-13 21:14:49.875119', '2021-07-13 21:14:49.875119', NULL, 'J6 Operations Support (J6OS) // ICTOD / CIOG / Defence', 'J6OS', '', '', '', '', '', '3', '', '0.000', '0.000', '', '', '', '', '', '', '', '', '0.000', '0.000', '0.000', NULL, NULL, NULL, 38, NULL),
(44, '2021-07-13 21:18:32.313495', '2021-07-13 21:18:32.313495', NULL, 'ICT Service Delivery & Reform Division (ICTSDRD) // CIOG / Defence', 'ICTSDRD', '', '', '', '', '', '3', '', '0.000', '0.000', '', '', '', '', '', '', '', '', '0.000', '0.000', '0.000', NULL, NULL, NULL, 7, NULL),
(45, '2021-07-13 21:19:15.056167', '2021-07-13 21:19:15.056167', NULL, 'ICT Commercial & Business Services Branch (ICTCSB) // ICTSDRD / CIOG / Defence', 'ICTCBS', '', '', '', '', '', '3', '', '0.000', '0.000', '', '', '', '', '', '', '', '', '0.000', '0.000', '0.000', NULL, NULL, NULL, 44, NULL),
(46, '2021-07-13 21:20:01.089463', '2021-07-13 21:20:01.089463', NULL, 'Business Relationship Management Office (BRMO) // ICTSDRD / CIOG / Defence', 'BRMO', '', '', '', '', '', '3', '', '0.000', '0.000', '', '', '', '', '', '', '', '', '0.000', '0.000', '0.000', NULL, NULL, NULL, 44, NULL),
(47, '2021-07-13 21:21:07.988574', '2021-07-13 21:21:07.988574', NULL, 'ICT Governance & Transformation Branch (ICTG&TB) // ICTSDRD / CIOG / Defence', 'ICTG&TB', '', '', '', '', '', '3', '', '0.000', '0.000', '', '', '', '', '', '', '', '', '0.000', '0.000', '0.000', NULL, NULL, NULL, 44, NULL),
(48, '2021-07-13 21:22:02.151989', '2021-07-13 21:22:02.151989', NULL, 'Defence Enterprise Resource Planning Program (DERP) // CIOG / Defence', 'DERP', '', '', '', '', '', '3', '', '0.000', '0.000', '', '', '', '', '', '', '', '', '0.000', '0.000', '0.000', NULL, NULL, NULL, 7, NULL),
(49, '2021-07-13 21:28:55.920515', '2021-07-13 21:28:55.920515', NULL, 'Information Warfare Division (IWD) // JCG / Defence', 'IWD', '', '', '', '', '', '3', '', '0.000', '0.000', '', '', '', '', '', '', '', '', '0.000', '0.000', '0.000', NULL, NULL, NULL, 10, NULL),
(50, '2021-07-13 21:49:58.907065', '2021-07-13 21:49:58.907065', NULL, 'Joint C4 (JC4) // IWD / JCG / Defence', 'JC4', '', '', '', '', '', '3', '', '0.000', '0.000', '', '', '', '', '', '', '', '', '0.000', '0.000', '0.000', NULL, NULL, NULL, 49, NULL),
(51, '2021-07-13 21:52:55.624075', '2021-07-13 21:52:55.624075', NULL, 'Joint Communications // JC4 / IWD / JCG / Defence', 'Joint Communications', '', '', '', '', '', '3', '', '0.000', '0.000', '', '', '', '', '', '', '', '', '0.000', '0.000', '0.000', NULL, NULL, NULL, 50, NULL),
(52, '2021-07-13 21:53:38.715545', '2021-07-13 21:53:38.715545', NULL, 'Joint Command and Control (JC2) // JC4 / IWD / JCG / Defence', 'JC2', '', '', '', '', '', '3', '', '0.000', '0.000', '', '', '', '', '', '', '', '', '0.000', '0.000', '0.000', NULL, NULL, NULL, 50, NULL),
(53, '2021-07-13 21:54:34.035655', '2021-07-13 21:54:34.035655', NULL, 'Defence Artificial Intelligence Centre (DAIC) // JC4 / IWD / JCG / Defence', 'DAIC', '', '', '', '', '', '3', '', '0.000', '0.000', '', '', '', '', '', '', '', '', '0.000', '0.000', '0.000', NULL, NULL, NULL, 50, NULL),
(54, '2021-07-13 21:55:54.559463', '2021-07-13 21:55:54.559463', NULL, 'Joint Information Warfare Branch (JIW) // IWD / JCG', 'JIW', '', '', '', '', '', '3', '', '0.000', '0.000', '', '', '', '', '', '', '', '', '0.000', '0.000', '0.000', NULL, NULL, NULL, 49, NULL),
(55, '2021-07-13 21:56:59.212798', '2021-07-13 21:56:59.212798', NULL, 'Joint Cyber Directorate (JCD) // JIW / IWD / JCG', 'JCD', '', '', '', '', '', '3', '', '0.000', '0.000', '', '', '', '', '', '', '', '', '0.000', '0.000', '0.000', NULL, NULL, NULL, 54, NULL),
(56, '2021-07-13 21:57:38.284796', '2021-07-13 21:57:38.284796', NULL, 'Joint Electronic Warfare Directorate (JEWD) // JIW / IWD / JCG / Defence', 'JEWD', '', '', '', '', '', '3', '', '0.000', '0.000', '', '', '', '', '', '', '', '', '0.000', '0.000', '0.000', NULL, NULL, NULL, 54, NULL),
(57, '2021-07-13 21:58:25.776906', '2021-07-13 21:58:25.776906', NULL, 'Joint Influence Activities (JIA) // JIW / IWD / JCG / Defence', 'JIA', '', '', '', '', '', '3', '', '0.000', '0.000', '', '', '', '', '', '', '', '', '0.000', '0.000', '0.000', NULL, NULL, NULL, 54, NULL),
(58, '2021-07-14 00:17:38.558286', '2021-07-14 00:17:38.558286', NULL, 'Joint Integrated Capability Branch (JICB) // IWD / JCG / Defence', 'JICB', '', '', '', '', '', '3', '', '0.000', '0.000', '', '', '', '', '', '', '', '', '0.000', '0.000', '0.000', NULL, NULL, NULL, 49, NULL),
(59, '2021-07-14 00:18:24.463864', '2021-07-14 00:18:24.463864', NULL, 'Multi-Domain Office (MDO) // JICB / IWD / JCG / Defence', 'MDO', '', '', '', '', '', '3', '', '0.000', '0.000', '', '', '', '', '', '', '', '', '0.000', '0.000', '0.000', NULL, NULL, NULL, 58, NULL),
(60, '2021-07-14 00:19:18.799999', '2021-07-14 00:19:18.799999', NULL, 'Simulation, Training Areas, Health Knowledge and Digitisation (STAHKD) // JICB / IWD / JCG / Defence', 'STAHKD', '', '', '', '', '', '3', '', '0.000', '0.000', '', '', '', '', '', '', '', '', '0.000', '0.000', '0.000', NULL, NULL, NULL, 58, NULL),
(61, '2021-07-14 00:21:20.583949', '2021-07-14 00:21:20.583949', NULL, 'Joint Space Services Branch (JSSB) // IWD / JCG / Defence', 'JSSB', '', '', '', '', '', '3', '', '0.000', '0.000', '', '', '', '', '', '', '', '', '0.000', '0.000', '0.000', NULL, NULL, NULL, 49, NULL),
(62, '2021-07-14 00:34:00.397613', '2021-07-14 00:34:00.397613', NULL, 'Joint Systems Division (JSD) // CASG / Defence', 'JSD', '', '', '', '', '', '3', '', '0.000', '0.000', '', '', '', '', '', '', '', '', '0.000', '0.000', '0.000', NULL, NULL, NULL, 9, NULL),
(63, '2021-07-14 00:36:35.049036', '2021-07-14 00:36:35.049036', NULL, 'ISREW Branch // JSD / CASG / Defence', 'ISREW Branch', '', '', '', '', '', '3', '', '0.000', '0.000', '', '', '', '', '', '', '', '', '0.000', '0.000', '0.000', NULL, NULL, NULL, 62, NULL),
(64, '2021-07-14 00:38:07.681480', '2021-07-14 00:38:07.681480', NULL, 'Joint C4 Systems Branch (JC4S) // JSD / CASG / Defence', 'JC4S', '', '', '', '', '', '3', '', '0.000', '0.000', '', '', '', '', '', '', '', '', '0.000', '0.000', '0.000', NULL, NULL, NULL, 62, NULL),
(65, '2021-07-14 00:39:39.314578', '2021-07-14 00:39:39.314578', NULL, 'Land C4 Systems Branch (LC4S) // JSD / CASG / Defence', 'LC4S', '', '', '', '', '', '3', '', '0.000', '0.000', '', '', '', '', '', '', '', '', '0.000', '0.000', '0.000', NULL, NULL, NULL, 62, NULL),
(66, '2021-07-14 00:41:33.464085', '2021-07-14 00:41:33.464085', NULL, 'Space Systems Branch (SPACE) // JSD / CASG / Defence', 'SPACE', '', '', '', '', '', '3', '', '0.000', '0.000', '', '', '', '', '', '', '', '', '0.000', '0.000', '0.000', NULL, NULL, NULL, 62, NULL),
(67, '2021-07-14 00:45:53.984958', '2021-07-14 00:45:53.984958', NULL, 'Maritime Systems Division (MSD) // CASG / Defence', 'MSD', '', '', '', '', '', '3', '', '0.000', '0.000', '', '', '', '', '', '', '', '', '0.000', '0.000', '0.000', NULL, NULL, NULL, 9, NULL),
(68, '2021-07-14 00:47:52.019753', '2021-07-14 00:47:52.019753', NULL, 'Land Systems Division (LSD) // CASG / Defence', 'LSD', '', '', '', '', '', '3', '', '0.000', '0.000', '', '', '', '', '', '', '', '', '0.000', '0.000', '0.000', NULL, NULL, NULL, 9, NULL),
(69, '2021-07-14 00:49:01.762752', '2021-07-14 00:49:01.762752', NULL, 'Armoured Vehicle Division (AVD) // CASG / Defence', 'AVD', '', '', '', '', '', '3', '', '0.000', '0.000', '', '', '', '', '', '', '', '', '0.000', '0.000', '0.000', NULL, NULL, NULL, 9, NULL),
(70, '2021-07-14 00:50:29.928207', '2021-07-14 00:50:29.928207', NULL, 'Aerospace Systems Division (ASD) // CASG / Defence', 'ASD', '', '', '', '', '', '3', '', '0.000', '0.000', '', '', '', '', '', '', '', '', '0.000', '0.000', '0.000', NULL, NULL, NULL, 9, NULL),
(71, '2021-07-23 02:13:43.891473', '2021-07-23 02:13:43.891473', NULL, 'Services Australia', '', '', '', '', '', '', '3', '', '0.000', '0.000', '', '', '', '', '', '', '', '', '0.000', '0.000', '0.000', NULL, NULL, NULL, NULL, NULL),
(72, '2021-07-23 02:14:34.862406', '2021-07-23 02:18:13.000000', NULL, 'Technology Services Group (TSG) // Services Australia', 'TSG', '', '', '', '', '', '3', '', '0.000', '0.000', '', '', '', '', '', '', '', '', '0.000', '0.000', '0.000', NULL, NULL, NULL, 71, NULL),
(73, '2021-07-23 02:15:08.131247', '2021-07-23 02:20:48.000000', NULL, 'Major Transformation Projects Group (MTPG) // Services Australia', 'MTPG', '', '', '', '', '', '3', '', '0.000', '0.000', '', '', '', '', '', '', '', '', '0.000', '0.000', '0.000', NULL, NULL, NULL, 71, NULL),
(74, '2021-07-23 02:15:58.429435', '2021-07-23 02:15:58.429435', NULL, 'Transformation Group // Services Australia', '', '', '', '', '', '', '3', '', '0.000', '0.000', '', '', '', '', '', '', '', '', '0.000', '0.000', '0.000', NULL, NULL, NULL, 71, NULL),
(75, '2021-07-23 02:17:17.959612', '2021-07-23 02:18:38.000000', NULL, 'Project Service Delivery Platform  (PSDP) // TSG / Services Australia', 'PSDP', '', '', '', '', '', '3', '', '0.000', '0.000', '', '', '', '', '', '', '', '', '0.000', '0.000', '0.000', NULL, NULL, NULL, 72, NULL),
(76, '2021-07-23 02:20:22.121610', '2021-07-23 02:20:22.121610', NULL, 'Cyber Security Platform (CSP) // TSG / Services Australia', 'CSP', '', '', '', '', '', '3', '', '0.000', '0.000', '', '', '', '', '', '', '', '', '0.000', '0.000', '0.000', NULL, NULL, NULL, 72, NULL),
(77, '2021-07-23 02:21:35.903172', '2021-07-23 02:21:35.903172', NULL, 'Data and Analytics Platform (DAP) // TSG / Services Australia', 'DAP', '', '', '', '', '', '3', '', '0.000', '0.000', '', '', '', '', '', '', '', '', '0.000', '0.000', '0.000', NULL, NULL, NULL, 72, NULL),
(78, '2021-07-23 02:23:24.635384', '2021-07-23 02:23:24.635384', NULL, 'Welfare Payment Information Transformation (WPIT) // TPG / Services Australia', 'WPIT', '', '', '', '', '', '3', '', '0.000', '0.000', '', '', '', '', '', '', '', '', '0.000', '0.000', '0.000', NULL, NULL, NULL, 74, NULL),
(79, '2021-07-23 02:58:11.387472', '2021-07-23 02:58:58.000000', NULL, 'Department of Social Services (DSS)', 'DSS', '', '', '', '', '', '3', '', '0.000', '0.000', '', '', '', '', '', '', '', '', '0.000', '0.000', '0.000', NULL, NULL, NULL, NULL, NULL),
(80, '2021-08-10 23:26:12.375227', '2021-08-10 23:27:15.000000', NULL, 'Omni Executive Pty Ltd', 'OMN', '02 6162 0954', 'info@omniexe.com', 'Level 3, 10 / 12 Brisbane Avenue Barton ACT 2600 (PO Box 5553 Kingston ACT 2604)', 'www.omniexe.com', '31160925413', '3', 'GST', '300000.000', '400000.000', 'accounts@omniexe.com', '02 6162 0954', '', '', '', '', '', '', '0.000', '0.000', '0.000', NULL, NULL, NULL, NULL, NULL),
(81, '2021-08-10 23:47:18.779497', '2021-08-10 23:47:18.779497', NULL, 'Insitec Pty Ltd', 'INS', '02 6232 4541', 'info@insitec.com.au', '21 Wollongong Street Fyshwick ACT 2609', 'www.insitec.com.au', '63097025968', '3', 'GST', '250000.000', '100000.000', 'accounts@insitec.com.au', '02 6232 4541', '', '', '', '', '', '', '0.000', '0.000', '0.000', NULL, NULL, NULL, NULL, NULL),
(82, '2021-11-29 18:52:49.056043', '2021-11-29 18:52:49.056043', NULL, 'Air Force // Defence', 'Air Force', '', '', 'F3-2-089 Scherger Drive Canberra Airport ACT 2609', '', '', '3', 'GST', '0.000', '0.000', '', '', '', '', '', '', '', '', '0.000', '0.000', '0.000', NULL, NULL, NULL, 5, NULL),
(83, '2021-11-29 18:55:44.620408', '2021-11-29 18:55:44.620408', NULL, 'Air Force Headquarters // Air Force // Defence', 'AFHQ', '', '', '', '', '', '3', '', '0.000', '0.000', '', '', '', '', '', '', '', '', '0.000', '0.000', '0.000', NULL, NULL, NULL, 82, NULL),
(84, '2021-11-29 18:57:34.364497', '2021-11-29 18:57:34.364497', NULL, 'DG Capability Planning // AFHQ // Air Force // Defence', 'DGCP AFHQ', '', '', '', '', '', '3', '', '0.000', '0.000', '', '', '', '', '', '', '', '', '0.000', '0.000', '0.000', NULL, NULL, NULL, 83, NULL),
(85, '2021-11-29 19:17:19.941616', '2021-12-01 18:08:38.000000', NULL, 'DMV Consulting - Exeter (Aust) Pty Ltd', 'DMV', '02 6108 3668', 'david.vincent@dmv.com.au', 'Suite D215, Canberra Technology Park, 49 Phillip Avenue, Watson ACT 2602', 'www.dmv.com.au', '88675004297', '4', 'GST', '305675.640', '0.000', 'accounts@dmv.com.au', '0400 332 728', '', '', '', '', '', '', '0.000', '0.000', '0.000', NULL, NULL, NULL, NULL, 82),
(86, '2021-12-01 22:02:05.228514', '2021-12-02 01:33:07.000000', NULL, 'Technology Strategy and Performance Division // Services Australia', 'TSPD', '02 6217 4022', 'ICT.PANEL.DMP@servicesaustralia.gov.au', 'ICT Strategic Sourcing Branch PO Box 7788 Canberra Mail Centre 2610', '', '90794605008', '3', 'GST', '0.000', '0.000', 'servau.invoicing@servicesaustralia.gov.au', '', '', '', '', '', '', '', '0.000', '0.000', '0.000', NULL, NULL, NULL, 71, NULL);

-- --------------------------------------------------------

--
-- Table structure for table `panels`
--

CREATE TABLE `panels` (
  `id` int(11) NOT NULL,
  `created_at` datetime(6) NOT NULL DEFAULT current_timestamp(6),
  `updated_at` datetime(6) NOT NULL DEFAULT current_timestamp(6) ON UPDATE current_timestamp(6),
  `deleted_at` datetime(6) DEFAULT NULL,
  `label` varchar(255) NOT NULL
) ENGINE=InnoDB DEFAULT CHARSET=latin1;

--
-- Dumping data for table `panels`
--

INSERT INTO `panels` (`id`, `created_at`, `updated_at`, `deleted_at`, `label`) VALUES
(1, '2021-07-04 00:06:33.340042', '2021-07-04 00:06:33.340042', NULL, 'ICTPA'),
(2, '2021-07-04 00:06:55.168012', '2021-07-04 00:06:55.168012', NULL, 'DSS'),
(3, '2021-07-04 00:07:08.762567', '2021-07-04 00:07:08.762567', NULL, 'Digital Marketplace'),
(4, '2021-07-11 04:21:05.650371', '2021-07-11 04:21:05.650371', NULL, '1LM');

-- --------------------------------------------------------

--
-- Table structure for table `panel_skills`
--

CREATE TABLE `panel_skills` (
  `id` int(11) NOT NULL,
  `created_at` datetime(6) NOT NULL DEFAULT current_timestamp(6),
  `updated_at` datetime(6) NOT NULL DEFAULT current_timestamp(6) ON UPDATE current_timestamp(6),
  `deleted_at` datetime(6) DEFAULT NULL,
  `label` varchar(255) NOT NULL,
  `standard_skill_id` int(11) DEFAULT NULL,
  `panel_id` int(11) DEFAULT NULL
) ENGINE=InnoDB DEFAULT CHARSET=latin1;

--
-- Dumping data for table `panel_skills`
--

INSERT INTO `panel_skills` (`id`, `created_at`, `updated_at`, `deleted_at`, `label`, `standard_skill_id`, `panel_id`) VALUES
(1, '2021-07-04 00:13:19.233424', '2021-07-04 00:13:19.233424', NULL, 'GOVN - Enterprise IT Governance', 9, 1),
(2, '2021-07-04 00:18:06.869195', '2021-07-04 00:18:06.869195', NULL, 'ITSP - Strategic Planning', 9, 1),
(3, '2021-07-04 00:18:57.706558', '2021-07-04 00:18:57.706558', NULL, 'IRMG - Information Governance', 9, 1),
(4, '2021-07-04 00:19:43.730428', '2021-07-04 00:19:43.730428', NULL, 'ISCO - Information Systems Coordination', 9, 1),
(5, '2021-07-04 00:20:56.853401', '2021-07-04 00:20:56.853401', NULL, 'SCTY - Information Security', 15, 1),
(6, '2021-07-04 00:22:02.705563', '2021-07-04 00:22:02.705563', NULL, 'INAS - Information Assurance', 15, 1),
(7, '2021-07-04 00:23:49.912157', '2021-07-04 00:23:49.912157', NULL, 'INAN - Analytics', 11, 1),
(8, '2021-07-04 00:24:48.898977', '2021-07-04 00:24:48.898977', NULL, 'VISL - Data Visualisation', 11, 1),
(9, '2021-07-04 00:29:14.002470', '2021-07-04 00:29:14.002470', NULL, 'ICPM - Information Content Publishing', 19, 1),
(10, '2021-07-04 00:30:09.305632', '2021-07-05 08:16:36.000000', NULL, 'CNSL - Consultancy', 9, 1),
(11, '2021-07-04 00:32:30.499572', '2021-07-04 00:32:30.499572', NULL, 'TECH - Specialist Advice', 12, 1),
(12, '2021-07-04 00:34:16.866760', '2021-07-04 00:34:16.866760', NULL, 'RSCH - Research', 12, 1),
(13, '2021-07-04 00:35:28.253586', '2021-07-04 00:35:28.253586', NULL, 'ITMG - IT Management', 3, 1),
(14, '2021-07-04 00:38:32.810562', '2021-07-04 00:38:32.810562', NULL, 'FMIT - Financial Management', 20, 1),
(15, '2021-07-04 00:40:06.309007', '2021-07-04 00:40:06.309007', NULL, 'INOV - Innovation', 12, 1),
(16, '2021-07-04 00:41:08.529162', '2021-07-04 00:41:08.529162', NULL, 'BPRE - Business Process Improvement', 5, 1),
(17, '2021-07-04 00:42:04.535529', '2021-07-04 00:42:04.535529', NULL, 'STPL - Enterprise and Business Architecture', 11, 1),
(18, '2021-07-04 00:43:17.397804', '2021-07-04 00:43:17.397804', NULL, 'BURM - Business Risk Management', 9, 1),
(19, '2021-07-04 00:44:05.589491', '2021-07-04 00:44:05.589491', NULL, 'SUST - Sustainability', 7, 1),
(20, '2021-07-04 00:45:28.743232', '2021-07-04 00:45:28.743232', NULL, 'KNOW - Knowledge Management', 11, 1),
(21, '2021-07-04 00:47:13.190470', '2021-07-04 00:47:13.190470', NULL, 'DEMM - Demand Management', 7, 1),
(22, '2021-07-04 00:47:58.650868', '2021-07-04 00:47:58.650868', NULL, 'EMRG - Emerging Technology Management', 12, 1),
(23, '2021-07-04 00:48:50.824838', '2021-07-04 00:48:50.824838', NULL, 'COPL - Continuity Management', 12, 1),
(24, '2021-07-04 00:49:37.473826', '2021-07-04 00:49:37.473826', NULL, 'NTPL - Network Planning', 12, 1),
(25, '2021-07-04 00:50:24.790595', '2021-07-04 00:50:24.790595', NULL, 'ARCH - Solution Architecture', 12, 1),
(26, '2021-07-04 00:51:50.179753', '2021-07-04 00:51:50.179753', NULL, 'DATM - Data Management', 12, 1),
(27, '2021-07-04 06:21:47.141283', '2021-07-04 06:21:47.141283', NULL, 'System and Software Engineering - Systems Architecture, Integration', 22, 2),
(28, '2021-07-05 08:18:47.758694', '2021-07-05 08:18:47.758694', NULL, 'METL - Methods and Tools', 12, 1),
(29, '2021-07-05 08:19:58.501366', '2021-07-05 08:19:58.501366', NULL, 'POMG - Portfolio Management', 3, 1),
(30, '2021-07-05 08:20:44.501197', '2021-07-05 08:20:44.501197', NULL, 'PGMG - Programme Management', 3, 1),
(31, '2021-07-05 08:23:24.049690', '2021-07-05 08:23:24.049690', NULL, 'PRMG - Project Management', 3, 1),
(32, '2021-07-05 08:24:49.224281', '2021-07-05 08:24:49.224281', NULL, 'BUAN - Business Analysis', 5, 1),
(33, '2021-07-05 08:27:15.661434', '2021-07-05 08:27:15.661434', NULL, 'REQM - Requirements Definition and Management', 5, 1),
(34, '2021-07-05 08:28:21.770865', '2021-07-05 08:28:21.770865', NULL, 'BPTS - Business Process Testing', 5, 1),
(35, '2021-07-05 08:29:35.138917', '2021-07-05 08:29:35.138917', NULL, 'CIPM - Change Implementation Planning and Management', 9, 1),
(36, '2021-07-05 08:30:59.110652', '2021-07-05 08:30:59.110652', NULL, 'ORDI - Organisation Design and Implementation', 9, 1),
(37, '2021-07-05 08:31:51.726119', '2021-07-05 08:31:51.726119', NULL, 'BENM - Benefits Management', 3, 1),
(38, '2021-07-05 08:33:30.131826', '2021-07-05 08:33:30.131826', NULL, 'BSMO - Business Modelling', 5, 1),
(39, '2021-07-05 08:34:41.779825', '2021-07-05 08:34:41.779825', NULL, 'OCDV - Organisational Capability Development', 9, 1),
(40, '2021-07-05 08:36:01.708834', '2021-07-05 08:36:01.708834', NULL, 'DLMG - Systems Development Management', 1, 1),
(41, '2021-07-05 08:37:24.241264', '2021-07-05 08:37:24.241264', NULL, 'DTAN - Data Modelling and Design', 11, 1),
(42, '2021-07-05 08:38:42.835399', '2021-07-05 08:38:42.835399', NULL, 'DESN - Systems Design', 1, 1),
(43, '2021-07-05 08:39:32.427026', '2021-07-05 08:39:32.427026', NULL, 'NTDS - Network Design', 12, 1),
(44, '2021-07-05 08:40:45.543821', '2021-07-05 08:40:45.543821', NULL, 'DBDS - Database Design', 12, 1),
(45, '2021-07-05 08:42:44.515059', '2021-07-05 08:42:44.515059', NULL, 'PROG - Programming/Software Development', 12, 1),
(46, '2021-07-05 08:44:21.319074', '2021-07-05 08:44:21.319074', NULL, 'RESD - Real-time/Embedded Systems Development', 12, 1),
(47, '2021-07-05 08:45:26.405100', '2021-07-05 08:45:26.405100', NULL, 'Program & Product Management Services & Support', 3, 2),
(48, '2021-07-05 08:47:18.448905', '2021-07-05 08:47:18.448905', NULL, 'ADEV - Animation Development', 12, 1),
(49, '2021-07-05 08:50:34.099199', '2021-07-05 08:50:34.099199', NULL, 'Project Management Services & Support', 3, 2),
(50, '2021-07-05 09:02:50.993640', '2021-07-05 09:02:50.993640', NULL, 'SFEN - Safety Engineering', 1, 1),
(51, '2021-07-05 09:04:31.128971', '2021-07-05 09:04:31.128971', NULL, 'SWDN - Software Design', 12, 1),
(52, '2021-07-05 09:06:44.093626', '2021-07-05 09:06:44.093626', NULL, 'INCA - Information Content Authoring', 19, 1),
(53, '2021-07-05 09:08:23.528142', '2021-07-05 09:08:23.528142', NULL, 'TEST - Testing', 1, 1),
(54, '2021-07-05 09:09:47.375950', '2021-07-05 09:09:47.375950', NULL, 'URCH - User Research', 5, 1),
(55, '2021-07-05 09:10:58.951068', '2021-07-05 09:10:58.951068', NULL, 'UNAN - User Experience Analysis', 5, 1),
(56, '2021-07-05 09:12:26.752308', '2021-07-05 09:12:26.752308', NULL, 'HCEV - User Experience Design', 5, 1),
(57, '2021-07-05 09:14:10.533969', '2021-07-05 09:14:10.533969', NULL, 'USEV - User Experience Evaluation', 5, 1),
(58, '2021-07-11 04:26:48.226738', '2021-07-11 04:26:48.226738', NULL, 'BOH Functions', 24, 4),
(59, '2021-07-11 20:42:07.413283', '2021-07-11 20:42:07.413283', NULL, 'SINT - Systems Integration and Build', 1, 1),
(60, '2021-07-11 20:43:50.927477', '2021-07-11 20:43:50.927477', NULL, 'PORT - Porting/Software Configuration', 12, 1),
(61, '2021-07-11 20:45:07.345727', '2021-07-11 20:45:07.345727', NULL, 'HWDE - Hardware Design', 12, 1),
(62, '2021-07-11 20:48:00.698190', '2021-07-11 20:48:00.698190', NULL, 'HSIN - Systems Installation/Decommissioning', 3, 1),
(63, '2021-07-11 20:49:47.192374', '2021-07-11 20:49:47.192374', NULL, 'AVMT - Availability Management', 7, 1),
(64, '2021-07-11 20:51:26.422102', '2021-07-11 20:51:26.422102', NULL, 'SLMO - Service Level Management', 7, 1),
(65, '2021-07-11 20:52:42.331040', '2021-07-11 20:52:42.331040', NULL, 'SEAC - Service Acceptance', 7, 1),
(66, '2021-07-11 20:53:50.807894', '2021-07-11 20:53:50.807894', NULL, 'CFMG - Configuration Management', 7, 1),
(67, '2021-07-11 20:54:54.422608', '2021-07-11 20:54:54.422608', NULL, 'ASMG - Asset Management', 7, 1),
(68, '2021-07-11 20:56:51.746550', '2021-07-11 20:56:51.746550', NULL, 'CHMG - Change Management', 7, 1),
(69, '2021-07-11 21:01:53.066374', '2021-07-11 21:01:53.066374', NULL, 'RELM - Release and Deployment', 7, 1),
(70, '2021-07-11 21:03:00.289051', '2021-07-11 21:03:00.289051', NULL, 'SYSP - System Software', 7, 1),
(71, '2021-07-11 21:03:56.095280', '2021-07-11 21:03:56.095280', NULL, 'CPMG - Capacity Management', 7, 1),
(72, '2021-07-11 21:05:20.877911', '2021-07-11 21:05:20.877911', NULL, 'SCAD - Security Administration', 15, 1),
(73, '2021-07-11 21:06:24.059287', '2021-07-11 21:06:24.059287', NULL, 'PENT - Penetration Testing', 15, 1),
(74, '2021-07-11 21:13:23.291476', '2021-07-11 21:13:23.291476', NULL, 'RFEN - Radio Frequency Engineering', 26, 1),
(75, '2021-07-11 21:20:11.840535', '2021-07-11 21:20:11.840535', NULL, 'ASUP - Application Support', 7, 1),
(76, '2021-07-11 22:01:08.723923', '2021-07-11 22:01:08.723923', NULL, 'ITOP - IT Infrastructure', 7, 1),
(77, '2021-07-11 22:02:24.744065', '2021-07-11 22:02:24.744065', NULL, 'DBAD - Database Administration', 12, 1),
(78, '2021-07-11 22:03:20.394711', '2021-07-11 22:03:20.394711', NULL, 'STMG - Storage Management', 12, 1),
(79, '2021-07-11 22:45:27.581474', '2021-07-11 22:45:27.581474', NULL, 'Strategic Business Advice', 19, 2),
(80, '2021-07-11 23:25:12.699828', '2021-07-11 23:25:12.699828', NULL, 'NTAS - Network Support', 12, 1),
(81, '2021-07-11 23:26:46.604613', '2021-07-11 23:26:46.604613', NULL, 'PBMG - Problem Management', 7, 1),
(82, '2021-07-12 00:01:11.764267', '2021-07-12 00:01:11.764267', NULL, 'PBMG - Problem Management', 7, 1),
(83, '2021-07-12 00:04:34.243906', '2021-07-12 00:04:34.243906', NULL, 'USUP - Incident Management', 7, 1),
(84, '2021-07-12 05:43:46.091004', '2021-07-12 05:43:46.091004', NULL, 'Project Management Services & Support', 23, 2),
(85, '2021-07-12 18:56:12.150759', '2021-07-12 18:56:12.150759', NULL, 'DCMA - Facilities Management', 7, 1),
(86, '2021-07-12 18:58:11.159649', '2021-07-12 18:58:11.159649', NULL, 'ETMG - Learning and Development Management', 9, 1),
(87, '2021-07-12 18:59:03.061204', '2021-07-12 18:59:03.061204', NULL, 'LEDA - Competency Assessment', 9, 1),
(88, '2021-07-12 18:59:52.535695', '2021-07-12 18:59:52.535695', NULL, 'TMCR - Learning Design and Development', 9, 1),
(89, '2021-07-12 19:00:38.391847', '2021-07-12 19:00:38.391847', NULL, 'ETDL - Learning Delivery', 9, 1),
(90, '2021-07-12 19:01:24.130433', '2021-07-12 19:01:24.130433', NULL, 'TEAC - Teaching and Subject Formation', 9, 1),
(91, '2021-07-12 19:02:05.640061', '2021-07-12 19:02:05.640061', NULL, 'PEMT - Performance Management', 9, 1),
(92, '2021-07-12 19:02:45.146820', '2021-07-12 19:02:45.146820', NULL, 'RESC - Resourcing', 9, 1),
(93, '2021-07-12 19:03:36.083934', '2021-07-12 19:03:36.083934', NULL, 'PDSV - Professional Development', 9, 1),
(94, '2021-07-12 19:04:36.290279', '2021-07-12 19:04:36.290279', NULL, 'QUMG - Quality Management', 9, 1),
(95, '2021-07-12 19:05:33.736831', '2021-07-12 19:05:33.736831', NULL, 'QUAS - Quality Assurance', 9, 1),
(96, '2021-07-12 19:06:24.813489', '2021-07-12 19:06:24.813489', NULL, 'MEAS - Measurement', 9, 1),
(97, '2021-07-12 19:07:12.186670', '2021-07-12 19:07:12.186670', NULL, 'CORE - Conformance Review', 9, 1),
(98, '2021-07-12 19:07:58.323682', '2021-07-12 19:07:58.323682', NULL, 'SFAS - Safety Assessment', 9, 1),
(99, '2021-07-12 19:08:48.708504', '2021-07-12 19:08:48.708504', NULL, 'DGFS - Digital Forensics', 15, 1),
(100, '2021-07-13 03:33:38.838911', '2021-07-13 03:33:38.838911', NULL, 'Unallocated', 29, 4),
(101, '2021-07-13 03:34:00.737086', '2021-07-13 03:34:00.737086', NULL, 'Business Development', 29, 4),
(102, '2021-07-14 02:12:39.577782', '2021-07-14 02:12:39.577782', NULL, 'Agile Delivery and Transformation', 3, 3),
(103, '2021-07-14 02:13:47.153605', '2021-07-14 02:13:47.153605', NULL, 'Change and Transformation', 3, 3),
(104, '2021-07-14 02:14:28.294729', '2021-07-14 02:14:28.294729', NULL, 'Digital Sourcing and ICT Procurement', 20, 3),
(105, '2021-07-14 02:15:36.644416', '2021-07-14 02:15:36.644416', NULL, 'Strategy and Policy', 19, 3),
(106, '2021-08-10 23:58:39.754377', '2021-08-10 23:58:39.754377', NULL, 'Governance & Risk Management', 30, 4),
(107, '2021-12-02 01:46:40.530476', '2021-12-02 01:46:40.530476', NULL, 'Strategy and Performance Op Model Design', 25, 3);

-- --------------------------------------------------------

--
-- Table structure for table `panel_skill_standard_levels`
--

CREATE TABLE `panel_skill_standard_levels` (
  `id` int(11) NOT NULL,
  `created_at` datetime(6) NOT NULL DEFAULT current_timestamp(6),
  `updated_at` datetime(6) NOT NULL DEFAULT current_timestamp(6) ON UPDATE current_timestamp(6),
  `deleted_at` datetime(6) DEFAULT NULL,
  `level_label` varchar(255) NOT NULL,
  `short_term_ceil` decimal(10,3) NOT NULL DEFAULT 0.000,
  `long_term_ceil` decimal(10,3) NOT NULL DEFAULT 0.000,
  `panel_skill_id` int(11) DEFAULT NULL,
  `standard_level_id` int(11) DEFAULT NULL
) ENGINE=InnoDB DEFAULT CHARSET=latin1;

--
-- Dumping data for table `panel_skill_standard_levels`
--

INSERT INTO `panel_skill_standard_levels` (`id`, `created_at`, `updated_at`, `deleted_at`, `level_label`, `short_term_ceil`, `long_term_ceil`, `panel_skill_id`, `standard_level_id`) VALUES
(1, '2021-07-04 00:13:19.335804', '2021-07-04 00:13:19.335804', NULL, '7', '2460.000', '0.000', 1, 3),
(2, '2021-07-04 00:13:19.404199', '2021-07-04 00:13:19.404199', NULL, '6', '2100.000', '0.000', 1, 2),
(3, '2021-07-04 00:13:19.471828', '2021-07-04 00:13:19.471828', NULL, '5', '1800.000', '0.000', 1, 2),
(4, '2021-07-04 00:18:06.971518', '2021-07-04 00:18:06.971518', NULL, '7', '2460.000', '0.000', 2, 3),
(5, '2021-07-04 00:18:07.038447', '2021-07-04 00:18:07.038447', NULL, '6', '2100.000', '0.000', 2, 2),
(6, '2021-07-04 00:18:07.105438', '2021-07-04 00:18:07.105438', NULL, '5', '1800.000', '0.000', 2, 1),
(7, '2021-07-04 00:18:57.814727', '2021-07-04 00:18:57.814727', NULL, '7', '2460.000', '0.000', 3, 3),
(8, '2021-07-04 00:18:57.884200', '2021-07-04 00:18:57.884200', NULL, '6', '2100.000', '0.000', 3, 2),
(9, '2021-07-04 00:18:57.953418', '2021-07-04 00:18:57.953418', NULL, '5', '1800.000', '0.000', 3, 2),
(10, '2021-07-04 00:19:43.831226', '2021-07-04 00:19:43.831226', NULL, '7', '2460.000', '0.000', 4, 3),
(11, '2021-07-04 00:19:43.899976', '2021-07-04 00:19:43.899976', NULL, '6', '2100.000', '0.000', 4, 2),
(12, '2021-07-04 00:20:56.955446', '2021-07-04 00:20:56.955446', NULL, '7', '2460.000', '0.000', 5, 3),
(13, '2021-07-04 00:20:57.022523', '2021-07-04 00:20:57.022523', NULL, '6', '2100.000', '0.000', 5, 2),
(14, '2021-07-04 00:20:57.089298', '2021-07-04 00:20:57.089298', NULL, '5', '1800.000', '0.000', 5, 2),
(15, '2021-07-04 00:20:57.164229', '2021-07-04 00:20:57.164229', NULL, '4', '1485.000', '0.000', 5, 2),
(16, '2021-07-04 00:20:57.230771', '2021-07-04 00:20:57.230771', NULL, '3', '1150.000', '0.000', 5, 1),
(17, '2021-07-04 00:22:02.810392', '2021-07-04 00:22:02.810392', NULL, '7', '2460.000', '0.000', 6, 3),
(18, '2021-07-04 00:22:02.880855', '2021-07-04 00:22:02.880855', NULL, '6', '1995.000', '0.000', 6, 2),
(19, '2021-07-04 00:22:02.951341', '2021-07-04 00:22:02.951341', NULL, '5', '1676.450', '0.000', 6, 2),
(20, '2021-07-04 00:23:50.013500', '2021-07-04 00:23:50.013500', NULL, '7', '2460.000', '0.000', 7, 1),
(21, '2021-07-04 00:23:50.080498', '2021-07-04 00:23:50.080498', NULL, '6', '2100.000', '0.000', 7, 2),
(22, '2021-07-04 00:23:50.146900', '2021-07-04 00:23:50.146900', NULL, '5', '1800.000', '0.000', 7, 2),
(23, '2021-07-04 00:23:50.214525', '2021-07-04 00:23:50.214525', NULL, '4', '1485.000', '0.000', 7, 2),
(24, '2021-07-04 00:23:50.281058', '2021-07-04 00:23:50.281058', NULL, '3', '1150.000', '0.000', 7, 1),
(25, '2021-07-04 00:24:49.006909', '2021-07-04 00:24:49.006909', NULL, '5', '1800.000', '0.000', 8, 2),
(26, '2021-07-04 00:24:49.075029', '2021-07-04 00:24:49.075029', NULL, '4', '1485.000', '0.000', 8, 1),
(27, '2021-07-04 00:29:14.107973', '2021-07-04 00:29:14.107973', NULL, '6', '1861.270', '0.000', 9, 2),
(28, '2021-07-04 00:29:14.178780', '2021-07-04 00:29:14.178780', NULL, '5', '1568.570', '0.000', 9, 2),
(29, '2021-07-04 00:29:14.248043', '2021-07-04 00:29:14.248043', NULL, '4', '1323.360', '0.000', 9, 1),
(30, '2021-07-04 00:29:14.318917', '2021-07-04 00:29:14.318917', NULL, '3', '1137.220', '0.000', 9, 1),
(31, '2021-07-04 00:29:14.387794', '2021-07-04 00:29:14.387794', NULL, '2', '977.930', '0.000', 9, 1),
(32, '2021-07-04 00:29:14.456845', '2021-07-04 00:29:14.456845', NULL, '1', '849.940', '0.000', 9, 1),
(33, '2021-07-04 00:30:09.406336', '2021-07-04 00:30:09.406336', NULL, '7', '2952.000', '0.000', 10, 3),
(34, '2021-07-04 00:30:09.473881', '2021-07-04 00:30:09.473881', NULL, '6', '2634.240', '0.000', 10, 2),
(35, '2021-07-04 00:30:09.540653', '2021-07-04 00:30:09.540653', NULL, '5', '1800.000', '0.000', 10, 2),
(36, '2021-07-04 00:32:30.601188', '2021-07-04 00:32:30.601188', NULL, '6', '2100.000', '0.000', 11, 2),
(37, '2021-07-04 00:32:30.668327', '2021-07-04 00:32:30.668327', NULL, '5', '1800.000', '0.000', 11, 2),
(38, '2021-07-04 00:32:30.737723', '2021-07-04 00:32:30.737723', NULL, '4', '1485.000', '0.000', 11, 1),
(39, '2021-07-04 00:34:16.974016', '2021-07-04 00:34:16.974016', NULL, '6', '1995.000', '0.000', 12, 2),
(40, '2021-07-04 00:34:17.044019', '2021-07-04 00:34:17.044019', NULL, '5', '1800.000', '0.000', 12, 2),
(41, '2021-07-04 00:34:17.113404', '2021-07-04 00:34:17.113404', NULL, '4', '1485.000', '0.000', 12, 1),
(42, '2021-07-04 00:34:17.183047', '2021-07-04 00:34:17.183047', NULL, '3', '1150.000', '0.000', 12, 1),
(43, '2021-07-04 00:34:17.253555', '2021-07-04 00:34:17.253555', NULL, '2', '1000.000', '0.000', 12, 1),
(44, '2021-07-04 00:35:28.355474', '2021-07-04 00:35:28.355474', NULL, '7', '2460.000', '0.000', 13, 3),
(45, '2021-07-04 00:35:28.422270', '2021-07-04 00:35:28.422270', NULL, '6', '2100.000', '0.000', 13, 2),
(46, '2021-07-04 00:35:28.488655', '2021-07-04 00:35:28.488655', NULL, '5', '1800.000', '0.000', 13, 2),
(47, '2021-07-04 00:38:32.913895', '2021-07-04 00:38:32.913895', NULL, '6', '2100.000', '0.000', 14, 2),
(48, '2021-07-04 00:38:32.982636', '2021-07-04 00:38:32.982636', NULL, '5', '1800.000', '0.000', 14, 2),
(49, '2021-07-04 00:38:33.050838', '2021-07-04 00:38:33.050838', NULL, '4', '1485.000', '0.000', 14, 1),
(50, '2021-07-04 00:40:06.421019', '2021-07-04 00:40:06.421019', NULL, '7', '2460.000', '0.000', 15, 3),
(51, '2021-07-04 00:40:06.491225', '2021-07-04 00:40:06.491225', NULL, '6', '2100.000', '0.000', 15, 2),
(52, '2021-07-04 00:40:06.563131', '2021-07-04 00:40:06.563131', NULL, '5', '1800.000', '0.000', 15, 1),
(53, '2021-07-04 00:41:08.630172', '2021-07-04 00:41:08.630172', NULL, '7', '2460.000', '0.000', 16, 3),
(54, '2021-07-04 00:41:08.697749', '2021-07-04 00:41:08.697749', NULL, '6', '1995.000', '0.000', 16, 2),
(55, '2021-07-04 00:41:08.764173', '2021-07-04 00:41:08.764173', NULL, '5', '1800.000', '0.000', 16, 2),
(56, '2021-07-04 00:42:04.637356', '2021-07-04 00:42:04.637356', NULL, '7', '2460.000', '0.000', 17, 3),
(57, '2021-07-04 00:42:04.704491', '2021-07-04 00:42:04.704491', NULL, '6', '1995.000', '0.000', 17, 2),
(58, '2021-07-04 00:42:04.771012', '2021-07-04 00:42:04.771012', NULL, '5', '1800.000', '0.000', 17, 2),
(59, '2021-07-04 00:43:17.503015', '2021-07-04 00:43:17.503015', NULL, '7', '2460.000', '0.000', 18, 3),
(60, '2021-07-04 00:43:17.572310', '2021-07-04 00:43:17.572310', NULL, '6', '2100.000', '0.000', 18, 2),
(61, '2021-07-04 00:43:17.641313', '2021-07-04 00:43:17.641313', NULL, '5', '1800.000', '0.000', 18, 2),
(62, '2021-07-04 00:43:17.713211', '2021-07-04 00:43:17.713211', NULL, '4', '1485.000', '0.000', 18, 1),
(63, '2021-07-04 00:44:05.689890', '2021-07-04 00:44:05.689890', NULL, '6', '2100.000', '0.000', 19, 2),
(64, '2021-07-04 00:44:05.756296', '2021-07-04 00:44:05.756296', NULL, '5', '1800.000', '0.000', 19, 2),
(65, '2021-07-04 00:44:05.822898', '2021-07-04 00:44:05.822898', NULL, '4', '1485.000', '0.000', 19, 1),
(66, '2021-07-04 00:45:28.845293', '2021-07-04 00:45:28.845293', NULL, '7', '2460.000', '0.000', 20, 3),
(67, '2021-07-04 00:45:28.912523', '2021-07-04 00:45:28.912523', NULL, '6', '2100.000', '0.000', 20, 2),
(68, '2021-07-04 00:45:28.983640', '2021-07-04 00:45:28.983640', NULL, '5', '1800.000', '0.000', 20, 2),
(69, '2021-07-04 00:45:29.050134', '2021-07-04 00:45:29.050134', NULL, '4', '1485.000', '0.000', 20, 1),
(70, '2021-07-04 00:45:29.116533', '2021-07-04 00:45:29.116533', NULL, '3', '1150.000', '0.000', 20, 1),
(71, '2021-07-04 00:45:29.182575', '2021-07-04 00:45:29.182575', NULL, '2', '1000.000', '0.000', 20, 1),
(72, '2021-07-04 00:47:13.299652', '2021-07-04 00:47:13.299652', NULL, '6', '2100.000', '0.000', 21, 2),
(73, '2021-07-04 00:47:13.369039', '2021-07-04 00:47:13.369039', NULL, '5', '1800.000', '0.000', 21, 2),
(74, '2021-07-04 00:47:58.752528', '2021-07-04 00:47:58.752528', NULL, '6', '2100.000', '0.000', 22, 2),
(75, '2021-07-04 00:47:58.819785', '2021-07-04 00:47:58.819785', NULL, '5', '1800.000', '0.000', 22, 2),
(76, '2021-07-04 00:47:58.887226', '2021-07-04 00:47:58.887226', NULL, '4', '1485.000', '0.000', 22, 1),
(77, '2021-07-04 00:48:50.927206', '2021-07-04 00:48:50.927206', NULL, '5', '1800.000', '0.000', 23, 2),
(78, '2021-07-04 00:48:51.039433', '2021-07-04 00:48:51.039433', NULL, '4', '1485.000', '0.000', 23, 1),
(79, '2021-07-04 00:49:37.578011', '2021-07-04 00:49:37.578011', NULL, '6', '1977.230', '0.000', 24, 2),
(80, '2021-07-04 00:49:39.747155', '2021-07-04 00:49:39.747155', NULL, '5', '1459.840', '0.000', 24, 2),
(81, '2021-07-04 00:50:24.900985', '2021-07-04 00:50:24.900985', NULL, '6', '2100.000', '0.000', 25, 2),
(82, '2021-07-04 00:50:24.967827', '2021-07-04 00:50:24.967827', NULL, '5', '1800.000', '0.000', 25, 2),
(83, '2021-07-04 00:50:25.034924', '2021-07-04 00:50:25.034924', NULL, '4', '1485.000', '0.000', 25, 1),
(84, '2021-07-04 00:51:50.286057', '2021-07-04 00:51:50.286057', NULL, '6', '2100.000', '0.000', 26, 2),
(85, '2021-07-04 00:51:50.354213', '2021-07-04 00:51:50.354213', NULL, '5', '1800.000', '0.000', 26, 2),
(86, '2021-07-04 00:51:50.422186', '2021-07-04 00:51:50.422186', NULL, '4', '1485.000', '0.000', 26, 1),
(87, '2021-07-04 00:51:50.490005', '2021-07-04 00:51:50.490005', NULL, '3', '1150.000', '0.000', 26, 1),
(88, '2021-07-04 00:51:50.557997', '2021-07-04 00:51:50.557997', NULL, '2', '1000.000', '0.000', 26, 1),
(89, '2021-07-04 06:21:47.940035', '2021-07-04 06:21:47.940035', NULL, '4', '2350.000', '2089.000', 27, 3),
(90, '2021-07-04 06:21:48.016051', '2021-07-04 06:21:48.016051', NULL, '3', '2000.000', '1750.000', 27, 2),
(91, '2021-07-04 06:21:48.096766', '2021-07-04 06:21:48.096766', NULL, '2', '1658.000', '1450.000', 27, 2),
(92, '2021-07-04 06:21:48.170160', '2021-07-04 06:21:48.170160', NULL, '1', '1327.000', '1196.000', 27, 1),
(93, '2021-07-05 08:18:47.865978', '2021-07-05 08:18:47.865978', NULL, '6', '2100.000', '0.000', 28, 2),
(94, '2021-07-05 08:18:47.933769', '2021-07-05 08:18:47.933769', NULL, '5', '1800.000', '0.000', 28, 2),
(95, '2021-07-05 08:18:48.000722', '2021-07-05 08:18:48.000722', NULL, '4', '1485.000', '0.000', 28, 1),
(96, '2021-07-05 08:18:48.068674', '2021-07-05 08:18:48.068674', NULL, '3', '1150.000', '0.000', 28, 1),
(97, '2021-07-05 08:19:58.601787', '2021-07-05 08:19:58.601787', NULL, '7', '2460.000', '0.000', 29, 3),
(98, '2021-07-05 08:19:58.668200', '2021-07-05 08:19:58.668200', NULL, '6', '2100.000', '0.000', 29, 2),
(99, '2021-07-05 08:19:58.734524', '2021-07-05 08:19:58.734524', NULL, '5', '1800.000', '0.000', 29, 2),
(100, '2021-07-05 08:20:44.602762', '2021-07-05 08:20:44.602762', NULL, '7', '2460.000', '0.000', 30, 3),
(101, '2021-07-05 08:20:44.671373', '2021-07-05 08:20:44.671373', NULL, '6', '2100.000', '0.000', 30, 2),
(102, '2021-07-05 08:23:24.153237', '2021-07-05 08:23:24.153237', NULL, '6', '1995.000', '0.000', 31, 2),
(103, '2021-07-05 08:23:24.220628', '2021-07-05 08:23:24.220628', NULL, '5', '1798.380', '0.000', 31, 2),
(104, '2021-07-05 08:23:24.292180', '2021-07-05 08:23:24.292180', NULL, '4', '1310.930', '0.000', 31, 2),
(105, '2021-07-05 08:23:24.358960', '2021-07-05 08:23:24.358960', NULL, '3', '1057.140', '0.000', 31, 1),
(106, '2021-07-05 08:24:49.325176', '2021-07-05 08:24:49.325176', NULL, '6', '2100.000', '0.000', 32, 2),
(107, '2021-07-05 08:24:49.392325', '2021-07-05 08:24:49.392325', NULL, '5', '1710.000', '0.000', 32, 2),
(108, '2021-07-05 08:24:49.458819', '2021-07-05 08:24:49.458819', NULL, '4', '1423.760', '0.000', 32, 1),
(109, '2021-07-05 08:24:49.525402', '2021-07-05 08:24:49.525402', NULL, '3', '1150.000', '0.000', 32, 1),
(110, '2021-07-05 08:27:15.768421', '2021-07-05 08:27:15.768421', NULL, '6', '2100.000', '0.000', 33, 2),
(111, '2021-07-05 08:27:15.835412', '2021-07-05 08:27:15.835412', NULL, '5', '1800.000', '0.000', 33, 2),
(112, '2021-07-05 08:27:15.902991', '2021-07-05 08:27:15.902991', NULL, '4', '1485.000', '0.000', 33, 1),
(113, '2021-07-05 08:27:15.969203', '2021-07-05 08:27:15.969203', NULL, '3', '1150.000', '0.000', 33, 1),
(114, '2021-07-05 08:27:16.035597', '2021-07-05 08:27:16.035597', NULL, '2', '1000.000', '0.000', 33, 1),
(115, '2021-07-05 08:28:21.874220', '2021-07-05 08:28:21.874220', NULL, '6', '1800.000', '0.000', 34, 2),
(116, '2021-07-05 08:28:21.940876', '2021-07-05 08:28:21.940876', NULL, '5', '1549.950', '0.000', 34, 2),
(117, '2021-07-05 08:28:22.007562', '2021-07-05 08:28:22.007562', NULL, '4', '1150.580', '0.000', 34, 1),
(118, '2021-07-05 08:29:35.239688', '2021-07-05 08:29:35.239688', NULL, '6', '2100.000', '0.000', 35, 2),
(119, '2021-07-05 08:29:35.306750', '2021-07-05 08:29:35.306750', NULL, '5', '1800.000', '0.000', 35, 2),
(120, '2021-07-05 08:30:59.212553', '2021-07-05 08:30:59.212553', NULL, '7', '2460.000', '0.000', 36, 3),
(121, '2021-07-05 08:30:59.279721', '2021-07-05 08:30:59.279721', NULL, '6', '2100.000', '0.000', 36, 2),
(122, '2021-07-05 08:30:59.346706', '2021-07-05 08:30:59.346706', NULL, '5', '1658.470', '0.000', 36, 2),
(123, '2021-07-05 08:31:51.827296', '2021-07-05 08:31:51.827296', NULL, '6', '2100.000', '0.000', 37, 2),
(124, '2021-07-05 08:31:51.895164', '2021-07-05 08:31:51.895164', NULL, '5', '1800.000', '0.000', 37, 2),
(125, '2021-07-05 08:33:30.236246', '2021-07-05 08:33:30.236246', NULL, '6', '2100.000', '0.000', 38, 2),
(126, '2021-07-05 08:33:30.304410', '2021-07-05 08:33:30.304410', NULL, '5', '1693.560', '0.000', 38, 2),
(127, '2021-07-05 08:33:30.371042', '2021-07-05 08:33:30.371042', NULL, '4', '1400.350', '0.000', 38, 1),
(128, '2021-07-05 08:33:30.437540', '2021-07-05 08:33:30.437540', NULL, '3', '1150.000', '0.000', 38, 1),
(129, '2021-07-05 08:33:30.504161', '2021-07-05 08:33:30.504161', NULL, '2', '956.330', '0.000', 38, 1),
(130, '2021-07-05 08:34:41.881662', '2021-07-05 08:34:41.881662', NULL, '7', '2460.000', '0.000', 39, 3),
(131, '2021-07-05 08:34:41.949268', '2021-07-05 08:34:41.949268', NULL, '6', '2100.000', '0.000', 39, 2),
(132, '2021-07-05 08:34:42.015814', '2021-07-05 08:34:42.015814', NULL, '5', '1800.000', '0.000', 39, 2),
(133, '2021-07-05 08:36:01.813905', '2021-07-05 08:36:01.813905', NULL, '7', '2460.000', '0.000', 40, 3),
(134, '2021-07-05 08:36:01.883600', '2021-07-05 08:36:01.883600', NULL, '6', '2100.000', '0.000', 40, 2),
(135, '2021-07-05 08:36:01.954062', '2021-07-05 08:36:01.954062', NULL, '5', '1800.000', '0.000', 40, 2),
(136, '2021-07-05 08:37:24.342672', '2021-07-05 08:37:24.342672', NULL, '5', '1800.000', '0.000', 41, 2),
(137, '2021-07-05 08:37:24.409213', '2021-07-05 08:37:24.409213', NULL, '4', '1485.000', '0.000', 41, 1),
(138, '2021-07-05 08:37:24.475771', '2021-07-05 08:37:24.475771', NULL, '3', '1150.000', '0.000', 41, 1),
(139, '2021-07-05 08:37:24.544047', '2021-07-05 08:37:24.544047', NULL, '2', '1000.000', '0.000', 41, 1),
(140, '2021-07-05 08:38:42.991691', '2021-07-05 08:38:42.991691', NULL, '6', '2100.000', '0.000', 42, 2),
(141, '2021-07-05 08:38:43.059923', '2021-07-05 08:38:43.059923', NULL, '5', '1743.140', '0.000', 42, 2),
(142, '2021-07-05 08:38:43.128105', '2021-07-05 08:38:43.128105', NULL, '4', '1337.270', '0.000', 42, 1),
(143, '2021-07-05 08:39:32.533438', '2021-07-05 08:39:32.533438', NULL, '6', '1977.230', '0.000', 43, 2),
(144, '2021-07-05 08:39:32.607180', '2021-07-05 08:39:32.607180', NULL, '5', '1470.570', '0.000', 43, 2),
(145, '2021-07-05 08:40:45.648139', '2021-07-05 08:40:45.648139', NULL, '5', '1800.000', '0.000', 44, 2),
(146, '2021-07-05 08:40:45.717874', '2021-07-05 08:40:45.717874', NULL, '4', '1425.130', '0.000', 44, 1),
(147, '2021-07-05 08:40:45.791020', '2021-07-05 08:40:45.791020', NULL, '3', '1150.000', '0.000', 44, 1),
(148, '2021-07-05 08:42:44.629037', '2021-07-05 08:42:44.629037', NULL, '6', '2100.000', '0.000', 45, 2),
(149, '2021-07-05 08:42:44.698327', '2021-07-05 08:42:44.698327', NULL, '5', '1666.370', '0.000', 45, 2),
(150, '2021-07-05 08:42:44.767417', '2021-07-05 08:42:44.767417', NULL, '4', '1313.910', '0.000', 45, 1),
(151, '2021-07-05 08:42:44.837405', '2021-07-05 08:42:44.837405', NULL, '3', '1107.430', '0.000', 45, 1),
(152, '2021-07-05 08:42:44.907657', '2021-07-05 08:42:44.907657', NULL, '2', '876.790', '0.000', 45, 1),
(153, '2021-07-05 08:44:21.424605', '2021-07-05 08:44:21.424605', NULL, '6', '2100.000', '0.000', 46, 2),
(154, '2021-07-05 08:44:21.495478', '2021-07-05 08:44:21.495478', NULL, '5', '1799.730', '0.000', 46, 2),
(155, '2021-07-05 08:44:21.565136', '2021-07-05 08:44:21.565136', NULL, '4', '1485.000', '0.000', 46, 1),
(156, '2021-07-05 08:44:21.634353', '2021-07-05 08:44:21.634353', NULL, '3', '1150.000', '0.000', 46, 1),
(157, '2021-07-05 08:44:21.703509', '2021-07-05 08:44:21.703509', NULL, '2', '985.940', '0.000', 46, 1),
(158, '2021-07-05 08:45:26.507962', '2021-07-11 21:51:47.000000', NULL, '4', '2454.000', '2134.000', 47, 3),
(159, '2021-07-05 08:45:26.575813', '2021-07-11 21:51:47.000000', NULL, '3', '1999.000', '1739.000', 47, 2),
(160, '2021-07-05 08:45:26.643439', '2021-07-05 08:45:26.643439', NULL, '2', '1667.000', '1450.000', 47, 2),
(161, '2021-07-05 08:45:26.711155', '2021-07-05 08:45:26.711155', NULL, '1', '1331.000', '1180.000', 47, 1),
(162, '2021-07-05 08:47:18.553580', '2021-07-05 08:47:18.553580', NULL, '6', '2100.000', '0.000', 48, 2),
(163, '2021-07-05 08:47:18.622959', '2021-07-05 08:47:18.622959', NULL, '5', '1800.000', '0.000', 48, 2),
(164, '2021-07-05 08:47:18.691820', '2021-07-05 08:47:18.691820', NULL, '4', '1485.000', '0.000', 48, 1),
(165, '2021-07-05 08:47:18.760789', '2021-07-05 08:47:18.760789', NULL, '3', '1150.000', '0.000', 48, 1),
(166, '2021-07-05 08:50:34.200748', '2021-07-05 08:50:34.200748', NULL, '4', '2350.000', '2024.000', 49, 3),
(167, '2021-07-05 08:50:34.267564', '2021-07-05 08:50:34.267564', NULL, '3', '1936.000', '1703.000', 49, 2),
(168, '2021-07-05 08:50:34.341693', '2021-07-05 08:50:34.341693', NULL, '2', '1600.000', '1408.000', 49, 2),
(169, '2021-07-05 08:50:34.408081', '2021-07-05 08:50:34.408081', NULL, '1', '1280.000', '1115.000', 49, 1),
(170, '2021-07-05 09:02:51.098569', '2021-07-05 09:02:51.098569', NULL, '6', '2100.000', '0.000', 50, 2),
(171, '2021-07-05 09:02:51.167203', '2021-07-05 09:02:51.167203', NULL, '5', '1800.000', '0.000', 50, 2),
(172, '2021-07-05 09:02:51.234545', '2021-07-05 09:02:51.234545', NULL, '4', '1485.000', '0.000', 50, 1),
(173, '2021-07-05 09:02:51.302652', '2021-07-05 09:02:51.302652', NULL, '3', '1400.000', '0.000', 50, 1),
(174, '2021-07-05 09:04:31.230003', '2021-07-05 09:04:31.230003', NULL, '6', '2100.000', '0.000', 51, 2),
(175, '2021-07-05 09:04:31.296771', '2021-07-05 09:04:31.296771', NULL, '5', '1799.730', '0.000', 51, 2),
(176, '2021-07-05 09:04:31.363278', '2021-07-05 09:04:31.363278', NULL, '4', '1485.000', '0.000', 51, 1),
(177, '2021-07-05 09:04:31.429851', '2021-07-05 09:04:31.429851', NULL, '3', '1150.000', '0.000', 51, 1),
(178, '2021-07-05 09:04:31.496378', '2021-07-05 09:04:31.496378', NULL, '2', '985.940', '0.000', 51, 1),
(179, '2021-07-05 09:06:44.200224', '2021-07-05 09:06:44.200224', NULL, '6', '2096.230', '0.000', 52, 2),
(180, '2021-07-05 09:06:44.271306', '2021-07-05 09:06:44.271306', NULL, '5', '1677.410', '0.000', 52, 2),
(181, '2021-07-05 09:06:44.340402', '2021-07-05 09:06:44.340402', NULL, '4', '1485.000', '0.000', 52, 1),
(182, '2021-07-05 09:06:44.409385', '2021-07-05 09:06:44.409385', NULL, '3', '1150.000', '0.000', 52, 1),
(183, '2021-07-05 09:06:44.478312', '2021-07-05 09:06:44.478312', NULL, '2', '1000.000', '0.000', 52, 1),
(184, '2021-07-05 09:06:44.547394', '2021-07-05 09:06:44.547394', NULL, '1', '850.000', '0.000', 52, 1),
(185, '2021-07-05 09:08:23.631328', '2021-07-05 09:08:23.631328', NULL, '6', '1966.000', '0.000', 53, 2),
(186, '2021-07-05 09:08:23.716104', '2021-07-05 09:08:23.716104', NULL, '5', '1466.330', '0.000', 53, 2),
(187, '2021-07-05 09:08:23.782405', '2021-07-05 09:08:23.782405', NULL, '4', '1205.320', '0.000', 53, 1),
(188, '2021-07-05 09:08:23.848566', '2021-07-05 09:08:23.848566', NULL, '3', '979.770', '0.000', 53, 1),
(189, '2021-07-05 09:08:23.915200', '2021-07-05 09:08:23.915200', NULL, '2', '746.440', '0.000', 53, 1),
(190, '2021-07-05 09:08:23.984497', '2021-07-05 09:08:23.984497', NULL, '1', '652.470', '0.000', 53, 1),
(191, '2021-07-05 09:09:47.481407', '2021-07-05 09:09:47.481407', NULL, '6', '2100.000', '0.000', 54, 2),
(192, '2021-07-05 09:09:47.548998', '2021-07-05 09:09:47.548998', NULL, '5', '1800.000', '0.000', 54, 2),
(193, '2021-07-05 09:09:47.615695', '2021-07-05 09:09:47.615695', NULL, '4', '1464.670', '0.000', 54, 1),
(194, '2021-07-05 09:09:47.681924', '2021-07-05 09:09:47.681924', NULL, '3', '1150.000', '0.000', 54, 1),
(195, '2021-07-05 09:10:59.052083', '2021-07-05 09:10:59.052083', NULL, '5', '1800.000', '0.000', 55, 2),
(196, '2021-07-05 09:10:59.119321', '2021-07-05 09:10:59.119321', NULL, '4', '1333.390', '0.000', 55, 1),
(197, '2021-07-05 09:10:59.185544', '2021-07-05 09:10:59.185544', NULL, '3', '1135.670', '0.000', 55, 1),
(198, '2021-07-05 09:12:26.864250', '2021-07-05 09:12:26.864250', NULL, '6', '2100.000', '0.000', 56, 2),
(199, '2021-07-05 09:12:26.933832', '2021-07-05 09:12:26.933832', NULL, '5', '1743.140', '0.000', 56, 2),
(200, '2021-07-05 09:12:27.002962', '2021-07-05 09:12:27.002962', NULL, '4', '1337.270', '0.000', 56, 1),
(201, '2021-07-05 09:12:27.073403', '2021-07-05 09:12:27.073403', NULL, '3', '1078.730', '0.000', 56, 1),
(202, '2021-07-05 09:14:10.639682', '2021-07-05 09:14:10.639682', NULL, '6', '2100.000', '0.000', 57, 2),
(203, '2021-07-05 09:14:10.709657', '2021-07-05 09:14:10.709657', NULL, '5', '1800.000', '0.000', 57, 2),
(204, '2021-07-05 09:14:10.778858', '2021-07-05 09:14:10.778858', NULL, '4', '1485.000', '0.000', 57, 1),
(205, '2021-07-05 09:14:10.847822', '2021-07-05 09:14:10.847822', NULL, '3', '1150.000', '0.000', 57, 1),
(206, '2021-07-05 09:14:10.916804', '2021-07-05 09:14:10.916804', NULL, '2', '1000.000', '0.000', 57, 1),
(207, '2021-07-11 04:30:14.095562', '2021-07-11 04:30:14.095562', NULL, '2', '0.000', '0.000', 58, 2),
(208, '2021-07-11 20:42:07.518618', '2021-07-11 20:42:07.518618', NULL, '6', '2100.000', '0.000', 59, 2),
(209, '2021-07-11 20:42:07.588589', '2021-07-11 20:42:07.588589', NULL, '5', '1800.000', '0.000', 59, 2),
(210, '2021-07-11 20:42:07.656407', '2021-07-11 20:42:07.656407', NULL, '4', '1470.910', '0.000', 59, 1),
(211, '2021-07-11 20:42:07.724347', '2021-07-11 20:42:07.724347', NULL, '3', '1150.000', '0.000', 59, 1),
(212, '2021-07-11 20:42:07.793784', '2021-07-11 20:42:07.793784', NULL, '2', '944.360', '0.000', 59, 1),
(213, '2021-07-11 20:43:51.030817', '2021-07-11 20:43:51.030817', NULL, '6', '2100.000', '0.000', 60, 2),
(214, '2021-07-11 20:43:51.099028', '2021-07-11 20:43:51.099028', NULL, '5', '1800.000', '0.000', 60, 2),
(215, '2021-07-11 20:43:51.166805', '2021-07-11 20:43:51.166805', NULL, '4', '1470.910', '0.000', 60, 1),
(216, '2021-07-11 20:43:51.234412', '2021-07-11 20:43:51.234412', NULL, '3', '1150.000', '0.000', 60, 1),
(217, '2021-07-11 20:45:07.451405', '2021-07-11 20:45:07.451405', NULL, '6', '2100.000', '0.000', 61, 2),
(218, '2021-07-11 20:45:07.520888', '2021-07-11 20:45:07.520888', NULL, '5', '1743.140', '0.000', 61, 2),
(219, '2021-07-11 20:45:07.590187', '2021-07-11 20:45:07.590187', NULL, '4', '1337.270', '0.000', 61, 1),
(220, '2021-07-11 20:48:00.813292', '2021-07-11 20:48:00.813292', NULL, '5', '1700.000', '0.000', 62, 2),
(221, '2021-07-11 20:48:00.883865', '2021-07-11 20:48:00.883865', NULL, '4', '1403.080', '0.000', 62, 1),
(222, '2021-07-11 20:48:00.952945', '2021-07-11 20:48:00.952945', NULL, '3', '1117.660', '0.000', 62, 1),
(223, '2021-07-11 20:48:01.022910', '2021-07-11 20:48:01.022910', NULL, '2', '912.830', '0.000', 62, 1),
(224, '2021-07-11 20:48:01.093347', '2021-07-11 20:48:01.093347', NULL, '1', '758.150', '0.000', 62, 1),
(225, '2021-07-11 20:49:47.297131', '2021-07-11 20:49:47.297131', NULL, '6', '2100.000', '0.000', 63, 2),
(226, '2021-07-11 20:49:47.366736', '2021-07-11 20:49:47.366736', NULL, '5', '1800.000', '0.000', 63, 2),
(227, '2021-07-11 20:49:47.435632', '2021-07-11 20:49:47.435632', NULL, '4', '1485.000', '0.000', 63, 1),
(228, '2021-07-11 20:51:26.528622', '2021-07-11 20:51:26.528622', NULL, '7', '2460.000', '0.000', 64, 3),
(229, '2021-07-11 20:51:26.599222', '2021-07-11 20:51:26.599222', NULL, '6', '2100.000', '0.000', 64, 2),
(230, '2021-07-11 20:51:26.667949', '2021-07-11 20:51:26.667949', NULL, '5', '1800.000', '0.000', 64, 2),
(231, '2021-07-11 20:51:26.736790', '2021-07-11 20:51:26.736790', NULL, '4', '1485.000', '0.000', 64, 1),
(232, '2021-07-11 20:51:26.812142', '2021-07-11 20:51:26.812142', NULL, '3', '1300.000', '0.000', 64, 1),
(233, '2021-07-11 20:51:26.891995', '2021-07-11 20:51:26.891995', NULL, '2', '1000.000', '0.000', 64, 1),
(234, '2021-07-11 20:52:42.436415', '2021-07-11 20:52:42.436415', NULL, '6', '2110.250', '0.000', 65, 2),
(235, '2021-07-11 20:52:42.505806', '2021-07-11 20:52:42.505806', NULL, '5', '1750.870', '0.000', 65, 2),
(236, '2021-07-11 20:52:42.574910', '2021-07-11 20:52:42.574910', NULL, '4', '1485.000', '0.000', 65, 1),
(237, '2021-07-11 20:53:50.912216', '2021-07-11 20:53:50.912216', NULL, '6', '2100.000', '0.000', 66, 2),
(238, '2021-07-11 20:53:50.981530', '2021-07-11 20:53:50.981530', NULL, '5', '1800.000', '0.000', 66, 2),
(239, '2021-07-11 20:53:51.050560', '2021-07-11 20:53:51.050560', NULL, '4', '1485.000', '0.000', 66, 1),
(240, '2021-07-11 20:53:51.119581', '2021-07-11 20:53:51.119581', NULL, '3', '1150.000', '0.000', 66, 1),
(241, '2021-07-11 20:53:51.203678', '2021-07-11 20:53:51.203678', NULL, '2', '1000.000', '0.000', 66, 1),
(242, '2021-07-11 20:54:54.528034', '2021-07-11 20:54:54.528034', NULL, '6', '2100.000', '0.000', 67, 2),
(243, '2021-07-11 20:54:54.598038', '2021-07-11 20:54:54.598038', NULL, '5', '1800.000', '0.000', 67, 2),
(244, '2021-07-11 20:54:54.666937', '2021-07-11 20:54:54.666937', NULL, '4', '1485.000', '0.000', 67, 1),
(245, '2021-07-11 20:54:54.735983', '2021-07-11 20:54:54.735983', NULL, '3', '1150.000', '0.000', 67, 1),
(246, '2021-07-11 20:54:54.806562', '2021-07-11 20:54:54.806562', NULL, '2', '1000.000', '0.000', 67, 1),
(247, '2021-07-11 20:56:51.855452', '2021-07-11 20:56:51.855452', NULL, '6', '2100.000', '0.000', 68, 2),
(248, '2021-07-11 20:56:51.924684', '2021-07-11 20:56:51.924684', NULL, '5', '1800.000', '0.000', 68, 2),
(249, '2021-07-11 20:56:51.995283', '2021-07-11 20:56:51.995283', NULL, '4', '1485.000', '0.000', 68, 1),
(250, '2021-07-11 20:56:52.063116', '2021-07-11 20:56:52.063116', NULL, '3', '1150.000', '0.000', 68, 1),
(251, '2021-07-11 20:56:52.131259', '2021-07-11 20:56:52.131259', NULL, '2', '1400.000', '0.000', 68, 1),
(252, '2021-07-11 21:01:53.168667', '2021-07-11 21:01:53.168667', NULL, '6', '2100.000', '0.000', 69, 2),
(253, '2021-07-11 21:01:53.236122', '2021-07-11 21:01:53.236122', NULL, '5', '1800.000', '0.000', 69, 2),
(254, '2021-07-11 21:01:53.303243', '2021-07-11 21:01:53.303243', NULL, '4', '1485.000', '0.000', 69, 1),
(255, '2021-07-11 21:01:53.370909', '2021-07-11 21:01:53.370909', NULL, '3', '1150.000', '0.000', 69, 1),
(256, '2021-07-11 21:03:00.394292', '2021-07-11 21:03:00.394292', NULL, '5', '1800.000', '0.000', 70, 2),
(257, '2021-07-11 21:03:00.463361', '2021-07-11 21:03:00.463361', NULL, '4', '1416.120', '0.000', 70, 1),
(258, '2021-07-11 21:03:00.533397', '2021-07-11 21:03:00.533397', NULL, '3', '1047.830', '0.000', 70, 1),
(259, '2021-07-11 21:03:56.200086', '2021-07-11 21:03:56.200086', NULL, '6', '2100.000', '0.000', 71, 2),
(260, '2021-07-11 21:03:56.268951', '2021-07-11 21:03:56.268951', NULL, '5', '1800.000', '0.000', 71, 2),
(261, '2021-07-11 21:03:56.338000', '2021-07-11 21:03:56.338000', NULL, '4', '1485.000', '0.000', 71, 1),
(262, '2021-07-11 21:05:20.982311', '2021-07-11 21:05:20.982311', NULL, '6', '2100.000', '0.000', 72, 2),
(263, '2021-07-11 21:05:21.050689', '2021-07-11 21:05:21.050689', NULL, '5', '1800.000', '0.000', 72, 2),
(264, '2021-07-11 21:05:21.118534', '2021-07-11 21:05:21.118534', NULL, '4', '1459.330', '0.000', 72, 1),
(265, '2021-07-11 21:05:21.186413', '2021-07-11 21:05:21.186413', NULL, '3', '1150.000', '0.000', 72, 1),
(266, '2021-07-11 21:05:21.255286', '2021-07-11 21:05:21.255286', NULL, '2', '1000.000', '0.000', 72, 1),
(267, '2021-07-11 21:05:21.323275', '2021-07-11 21:05:21.323275', NULL, '1', '850.000', '0.000', 72, 1),
(268, '2021-07-11 21:06:24.163848', '2021-07-11 21:06:24.163848', NULL, '6', '2100.000', '0.000', 73, 2),
(269, '2021-07-11 21:06:24.233078', '2021-07-11 21:06:24.233078', NULL, '5', '1583.630', '0.000', 73, 2),
(270, '2021-07-11 21:06:24.300786', '2021-07-11 21:06:24.300786', NULL, '4', '1301.740', '0.000', 73, 1),
(271, '2021-07-11 21:13:23.395063', '2021-07-11 21:13:23.395063', NULL, '6', '2100.000', '0.000', 74, 2),
(272, '2021-07-11 21:13:23.463304', '2021-07-11 21:13:23.463304', NULL, '5', '1754.000', '0.000', 74, 2),
(273, '2021-07-11 21:13:23.532203', '2021-07-11 21:13:23.532203', NULL, '4', '1485.000', '0.000', 74, 1),
(274, '2021-07-11 21:13:23.603980', '2021-07-11 21:13:23.603980', NULL, '3', '1150.000', '0.000', 74, 1),
(275, '2021-07-11 21:13:23.673283', '2021-07-11 21:13:23.673283', NULL, '2', '983.960', '0.000', 74, 1),
(276, '2021-07-11 21:20:11.945241', '2021-07-11 21:20:11.945241', NULL, '5', '1792.340', '0.000', 75, 2),
(277, '2021-07-11 21:20:12.013998', '2021-07-11 21:20:12.013998', NULL, '4', '1485.000', '0.000', 75, 1),
(278, '2021-07-11 21:20:12.082825', '2021-07-11 21:20:12.082825', NULL, '3', '1150.000', '0.000', 75, 1),
(279, '2021-07-11 21:20:12.152587', '2021-07-11 21:20:12.152587', NULL, '2', '1000.000', '0.000', 75, 1),
(280, '2021-07-11 22:01:08.826976', '2021-07-11 22:01:08.826976', NULL, '4', '1485.000', '0.000', 76, 1),
(281, '2021-07-11 22:01:08.895490', '2021-07-11 22:01:08.895490', NULL, '3', '1150.000', '0.000', 76, 1),
(282, '2021-07-11 22:01:08.964212', '2021-07-11 22:01:08.964212', NULL, '2', '1000.000', '0.000', 76, 1),
(283, '2021-07-11 22:01:09.031853', '2021-07-11 22:01:09.031853', NULL, '1', '850.000', '0.000', 76, 1),
(284, '2021-07-11 22:02:24.847459', '2021-07-11 22:02:24.847459', NULL, '5', '1800.000', '0.000', 77, 2),
(285, '2021-07-11 22:02:24.915505', '2021-07-11 22:02:24.915505', NULL, '4', '1485.000', '0.000', 77, 1),
(286, '2021-07-11 22:02:24.983521', '2021-07-11 22:02:24.983521', NULL, '3', '1150.000', '0.000', 77, 1),
(287, '2021-07-11 22:02:25.056794', '2021-07-11 22:02:25.056794', NULL, '2', '994.460', '0.000', 77, 1),
(288, '2021-07-11 22:03:20.498586', '2021-07-11 22:03:20.498586', NULL, '6', '2100.000', '0.000', 78, 2),
(289, '2021-07-11 22:03:20.566718', '2021-07-11 22:03:20.566718', NULL, '5', '1800.000', '0.000', 78, 2),
(290, '2021-07-11 22:03:20.633845', '2021-07-11 22:03:20.633845', NULL, '4', '1485.000', '0.000', 78, 1),
(291, '2021-07-11 22:03:20.701391', '2021-07-11 22:03:20.701391', NULL, '3', '1150.000', '0.000', 78, 1),
(292, '2021-07-11 22:45:27.685954', '2021-07-11 22:45:27.685954', NULL, '4', '2007.000', '1745.000', 79, 3),
(293, '2021-07-11 22:45:27.754575', '2021-07-11 22:45:27.754575', NULL, '3', '1652.000', '1437.000', 79, 2),
(294, '2021-07-11 22:45:27.822078', '2021-07-11 22:45:27.822078', NULL, '2', '1417.000', '1232.000', 79, 2),
(295, '2021-07-11 22:45:27.889698', '2021-07-11 22:45:27.889698', NULL, '1', '1245.000', '1082.000', 79, 1),
(296, '2021-07-11 23:25:12.806186', '2021-07-11 23:25:12.806186', NULL, '5', '1459.840', '0.000', 80, 2),
(297, '2021-07-11 23:25:12.880340', '2021-07-11 23:25:12.880340', NULL, '4', '1170.470', '0.000', 80, 1),
(298, '2021-07-11 23:25:12.949700', '2021-07-11 23:25:12.949700', NULL, '3', '941.920', '0.000', 80, 1),
(299, '2021-07-11 23:25:13.018892', '2021-07-11 23:25:13.018892', NULL, '2', '760.670', '0.000', 80, 1),
(300, '2021-07-11 23:26:46.714280', '2021-07-11 23:26:46.714280', NULL, '5', '1800.000', '0.000', 81, 2),
(301, '2021-07-11 23:26:46.785462', '2021-07-11 23:26:46.785462', NULL, '4', '1485.000', '0.000', 81, 1),
(302, '2021-07-11 23:26:46.853598', '2021-07-11 23:26:46.853598', NULL, '3', '1150.000', '0.000', 81, 1),
(303, '2021-07-12 00:01:11.872688', '2021-07-12 00:01:11.872688', NULL, '5', '1800.000', '0.000', 82, 2),
(304, '2021-07-12 00:01:11.951414', '2021-07-12 00:01:11.951414', NULL, '4', '1485.000', '0.000', 82, 1),
(305, '2021-07-12 00:01:12.020558', '2021-07-12 00:01:12.020558', NULL, '3', '1150.000', '0.000', 82, 1),
(306, '2021-07-12 00:04:34.353623', '2021-07-12 00:04:34.353623', NULL, '5', '1744.770', '0.000', 83, 2),
(307, '2021-07-12 00:04:34.420431', '2021-07-12 00:04:34.420431', NULL, '4', '1397.750', '0.000', 83, 1),
(308, '2021-07-12 00:04:34.487782', '2021-07-12 00:04:34.487782', NULL, '3', '1150.000', '0.000', 83, 1),
(309, '2021-07-12 00:04:34.554479', '2021-07-12 00:04:34.554479', NULL, '2', '921.930', '0.000', 83, 1),
(310, '2021-07-12 05:43:46.197718', '2021-07-12 05:43:46.197718', NULL, '4', '0.000', '0.000', 84, 3),
(311, '2021-07-12 05:43:46.268243', '2021-07-12 05:43:46.268243', NULL, '3', '0.000', '0.000', 84, 2),
(312, '2021-07-12 05:43:46.339551', '2021-07-12 05:43:46.339551', NULL, '2', '0.000', '0.000', 84, 2),
(313, '2021-07-12 05:43:46.408580', '2021-07-12 05:43:46.408580', NULL, '1', '0.000', '0.000', 84, 1),
(314, '2021-07-12 18:56:12.252878', '2021-07-12 18:56:12.252878', NULL, '6', '2100.000', '0.000', 85, 2),
(315, '2021-07-12 18:56:12.329059', '2021-07-12 18:56:12.329059', NULL, '5', '1800.000', '0.000', 85, 2),
(316, '2021-07-12 18:56:12.399207', '2021-07-12 18:56:12.399207', NULL, '4', '1485.000', '0.000', 85, 1),
(317, '2021-07-12 18:56:12.466517', '2021-07-12 18:56:12.466517', NULL, '3', '1150.000', '0.000', 85, 1),
(318, '2021-07-12 18:58:11.262493', '2021-07-12 18:58:11.262493', NULL, '7', '2460.000', '0.000', 86, 3),
(319, '2021-07-12 18:58:11.331956', '2021-07-12 18:58:11.331956', NULL, '6', '2100.000', '0.000', 86, 2),
(320, '2021-07-12 18:58:11.400787', '2021-07-12 18:58:11.400787', NULL, '5', '1800.000', '0.000', 86, 2),
(321, '2021-07-12 18:58:11.467877', '2021-07-12 18:58:11.467877', NULL, '4', '1485.000', '0.000', 86, 1),
(322, '2021-07-12 18:58:11.542869', '2021-07-12 18:58:11.542869', NULL, '3', '1150.000', '0.000', 86, 1),
(323, '2021-07-12 18:59:03.166212', '2021-07-12 18:59:03.166212', NULL, '6', '2100.000', '0.000', 87, 2),
(324, '2021-07-12 18:59:03.233676', '2021-07-12 18:59:03.233676', NULL, '5', '1800.000', '0.000', 87, 2),
(325, '2021-07-12 18:59:03.301314', '2021-07-12 18:59:03.301314', NULL, '4', '1485.000', '0.000', 87, 1),
(326, '2021-07-12 18:59:03.368321', '2021-07-12 18:59:03.368321', NULL, '3', '1150.000', '0.000', 87, 1),
(327, '2021-07-12 18:59:52.637807', '2021-07-12 18:59:52.637807', NULL, '5', '1800.000', '0.000', 88, 2),
(328, '2021-07-12 18:59:52.705522', '2021-07-12 18:59:52.705522', NULL, '4', '1485.000', '0.000', 88, 1),
(329, '2021-07-12 18:59:52.773399', '2021-07-12 18:59:52.773399', NULL, '3', '1150.000', '0.000', 88, 1),
(330, '2021-07-12 19:00:38.492945', '2021-07-12 19:00:38.492945', NULL, '5', '1800.000', '0.000', 89, 2),
(331, '2021-07-12 19:00:38.565337', '2021-07-12 19:00:38.565337', NULL, '4', '1485.000', '0.000', 89, 1),
(332, '2021-07-12 19:00:38.634252', '2021-07-12 19:00:38.634252', NULL, '3', '1150.000', '0.000', 89, 1),
(333, '2021-07-12 19:01:24.231508', '2021-07-12 19:01:24.231508', NULL, '6', '2100.000', '0.000', 90, 2),
(334, '2021-07-12 19:01:24.298901', '2021-07-12 19:01:24.298901', NULL, '5', '1800.000', '0.000', 90, 2),
(335, '2021-07-12 19:02:05.741479', '2021-07-12 19:02:05.741479', NULL, '6', '2100.000', '0.000', 91, 2),
(336, '2021-07-12 19:02:05.808705', '2021-07-12 19:02:05.808705', NULL, '5', '1800.000', '0.000', 91, 2),
(337, '2021-07-12 19:02:05.896699', '2021-07-12 19:02:05.896699', NULL, '4', '1485.000', '0.000', 91, 1),
(338, '2021-07-12 19:02:45.248076', '2021-07-12 19:02:45.248076', NULL, '6', '2100.000', '0.000', 92, 2),
(339, '2021-07-12 19:02:45.315310', '2021-07-12 19:02:45.315310', NULL, '5', '1800.000', '0.000', 92, 2),
(340, '2021-07-12 19:02:45.383025', '2021-07-12 19:02:45.383025', NULL, '4', '1485.000', '0.000', 92, 1),
(341, '2021-07-12 19:03:36.185334', '2021-07-12 19:03:36.185334', NULL, '6', '2100.000', '0.000', 93, 2),
(342, '2021-07-12 19:03:36.254630', '2021-07-12 19:03:36.254630', NULL, '5', '1796.240', '0.000', 93, 2),
(343, '2021-07-12 19:03:36.321891', '2021-07-12 19:03:36.321891', NULL, '4', '1485.000', '0.000', 93, 1),
(344, '2021-07-12 19:04:36.393357', '2021-07-12 19:04:36.393357', NULL, '7', '2460.000', '0.000', 94, 3),
(345, '2021-07-12 19:04:36.461147', '2021-07-12 19:04:36.461147', NULL, '6', '2100.000', '0.000', 94, 2),
(346, '2021-07-12 19:04:36.528115', '2021-07-12 19:04:36.528115', NULL, '5', '1800.000', '0.000', 94, 2),
(347, '2021-07-12 19:04:36.595896', '2021-07-12 19:04:36.595896', NULL, '4', '1485.000', '0.000', 94, 1),
(348, '2021-07-12 19:04:36.665473', '2021-07-12 19:04:36.665473', NULL, '3', '1150.000', '0.000', 94, 1),
(349, '2021-07-12 19:05:33.839194', '2021-07-12 19:05:33.839194', NULL, '6', '2110.250', '0.000', 95, 2),
(350, '2021-07-12 19:05:33.907788', '2021-07-12 19:05:33.907788', NULL, '5', '1750.870', '0.000', 95, 2),
(351, '2021-07-12 19:05:34.001051', '2021-07-12 19:05:34.001051', NULL, '4', '1485.000', '0.000', 95, 1),
(352, '2021-07-12 19:05:34.068484', '2021-07-12 19:05:34.068484', NULL, '3', '1150.000', '0.000', 95, 1),
(353, '2021-07-12 19:06:24.915067', '2021-07-12 19:06:24.915067', NULL, '6', '2100.000', '0.000', 96, 2),
(354, '2021-07-12 19:06:24.988217', '2021-07-12 19:06:24.988217', NULL, '5', '1800.000', '0.000', 96, 2),
(355, '2021-07-12 19:06:25.055514', '2021-07-12 19:06:25.055514', NULL, '4', '1485.000', '0.000', 96, 1),
(356, '2021-07-12 19:06:25.124345', '2021-07-12 19:06:25.124345', NULL, '3', '1150.000', '0.000', 96, 1),
(357, '2021-07-12 19:07:12.292629', '2021-07-12 19:07:12.292629', NULL, '6', '2100.000', '0.000', 97, 2),
(358, '2021-07-12 19:07:12.360175', '2021-07-12 19:07:12.360175', NULL, '5', '1800.000', '0.000', 97, 2),
(359, '2021-07-12 19:07:12.430447', '2021-07-12 19:07:12.430447', NULL, '4', '1485.000', '0.000', 97, 1),
(360, '2021-07-12 19:07:12.497481', '2021-07-12 19:07:12.497481', NULL, '3', '1150.000', '0.000', 97, 1),
(361, '2021-07-12 19:07:58.424984', '2021-07-12 19:07:58.424984', NULL, '6', '2100.000', '0.000', 98, 2),
(362, '2021-07-12 19:07:58.503362', '2021-07-12 19:07:58.503362', NULL, '5', '1800.000', '0.000', 98, 2),
(363, '2021-07-12 19:08:48.812040', '2021-07-12 19:08:48.812040', NULL, '6', '2100.000', '0.000', 99, 2),
(364, '2021-07-12 19:08:48.879153', '2021-07-12 19:08:48.879153', NULL, '5', '1656.160', '0.000', 99, 2),
(365, '2021-07-12 19:08:48.946037', '2021-07-12 19:08:48.946037', NULL, '4', '1349.050', '0.000', 99, 1),
(366, '2021-07-14 02:12:39.696297', '2021-07-14 02:12:39.696297', NULL, 'Single level', '1606.360', '0.000', 102, 1),
(367, '2021-07-14 02:12:39.773530', '2021-07-14 02:12:39.773530', NULL, 'Single level', '1606.360', '0.000', 102, 2),
(368, '2021-07-14 02:12:39.849479', '2021-07-14 02:12:39.849479', NULL, 'Single level', '1606.360', '0.000', 102, 3),
(369, '2021-07-14 02:13:47.266906', '2021-07-14 02:13:47.266906', NULL, 'Single level', '1800.000', '0.000', 103, 1),
(370, '2021-07-14 02:13:47.341973', '2021-07-14 02:13:47.341973', NULL, 'Single level', '1800.000', '0.000', 103, 2),
(371, '2021-07-14 02:13:47.418005', '2021-07-14 02:13:47.418005', NULL, 'Single level', '1800.000', '0.000', 103, 3),
(372, '2021-07-14 02:14:28.407348', '2021-07-14 02:14:28.407348', NULL, 'Single level', '1800.000', '0.000', 104, 1),
(373, '2021-07-14 02:14:28.482752', '2021-07-14 02:14:28.482752', NULL, 'Single level', '1800.000', '0.000', 104, 2),
(374, '2021-07-14 02:14:28.558581', '2021-07-14 02:14:28.558581', NULL, 'Single level', '1800.000', '0.000', 104, 3),
(375, '2021-07-14 02:15:36.759447', '2021-07-14 02:15:36.759447', NULL, 'Single level', '2264.540', '0.000', 105, 1),
(376, '2021-07-14 02:15:36.834884', '2021-07-14 02:15:36.834884', NULL, 'Single level', '2264.540', '0.000', 105, 2),
(377, '2021-07-14 02:15:36.910149', '2021-07-14 02:15:36.910149', NULL, 'Single level', '2264.540', '0.000', 105, 3),
(378, '2021-07-14 23:52:54.172328', '2021-07-14 23:52:54.172328', NULL, 'Single level', '0.000', '0.000', 100, 1),
(379, '2021-08-10 23:58:39.870614', '2021-08-10 23:58:39.870614', NULL, '3', '1500.000', '0.000', 106, 3),
(380, '2021-12-02 01:46:40.647891', '2021-12-02 01:47:24.000000', NULL, '4', '1800.000', '0.000', 107, 3);

-- --------------------------------------------------------

--
-- Table structure for table `permissions`
--

CREATE TABLE `permissions` (
  `id` int(11) NOT NULL,
  `created_at` datetime(6) NOT NULL DEFAULT current_timestamp(6),
  `updated_at` datetime(6) NOT NULL DEFAULT current_timestamp(6) ON UPDATE current_timestamp(6),
  `deleted_at` datetime(6) DEFAULT NULL,
  `resource` varchar(20) NOT NULL,
  `action` varchar(20) NOT NULL,
  `grant` varchar(20) NOT NULL,
  `role_id` int(11) DEFAULT NULL
) ENGINE=InnoDB DEFAULT CHARSET=latin1;

--
-- Dumping data for table `permissions`
--

INSERT INTO `permissions` (`id`, `created_at`, `updated_at`, `deleted_at`, `resource`, `action`, `grant`, `role_id`) VALUES
(1, '2021-07-03 00:28:43.348095', '2021-07-03 00:28:43.348095', NULL, 'ADMIN_OPTIONS', 'ADD', 'ANY', 1),
(2, '2021-07-03 00:28:43.416201', '2021-07-03 00:28:43.416201', NULL, 'ADMIN_OPTIONS', 'DELETE', 'ANY', 1),
(3, '2021-07-03 00:28:43.484142', '2021-07-03 00:28:43.484142', NULL, 'ADMIN_OPTIONS', 'UPDATE', 'ANY', 1),
(4, '2021-07-03 00:28:43.552080', '2021-07-03 00:28:43.552080', NULL, 'ADMIN_OPTIONS', 'READ', 'ANY', 1),
(5, '2021-07-03 00:28:43.620498', '2021-07-03 00:28:43.620498', NULL, 'CONTACT_PERSONS', 'ADD', 'ANY', 1),
(6, '2021-07-03 00:28:43.688565', '2021-07-03 00:28:43.688565', NULL, 'CONTACT_PERSONS', 'DELETE', 'ANY', 1),
(7, '2021-07-03 00:28:43.756523', '2021-07-03 00:28:43.756523', NULL, 'CONTACT_PERSONS', 'UPDATE', 'ANY', 1),
(8, '2021-07-03 00:28:43.824298', '2021-07-03 00:28:43.824298', NULL, 'CONTACT_PERSONS', 'READ', 'ANY', 1),
(9, '2021-07-03 00:28:43.897391', '2021-07-03 00:28:43.897391', NULL, 'ORGANIZATIONS', 'ADD', 'ANY', 1),
(10, '2021-07-03 00:28:43.972485', '2021-07-03 00:28:43.972485', NULL, 'ORGANIZATIONS', 'DELETE', 'ANY', 1),
(11, '2021-07-03 00:28:44.040376', '2021-07-03 00:28:44.040376', NULL, 'ORGANIZATIONS', 'UPDATE', 'ANY', 1),
(12, '2021-07-03 00:28:44.108051', '2021-07-03 00:28:44.108051', NULL, 'ORGANIZATIONS', 'READ', 'ANY', 1),
(13, '2021-07-03 00:28:44.175977', '2021-07-03 00:28:44.175977', NULL, 'USERS', 'ADD', 'ANY', 1),
(14, '2021-07-03 00:28:44.243773', '2021-07-03 00:28:44.243773', NULL, 'USERS', 'DELETE', 'ANY', 1),
(15, '2021-07-03 00:28:44.311480', '2021-07-03 00:28:44.311480', NULL, 'USERS', 'UPDATE', 'ANY', 1),
(16, '2021-07-03 00:28:44.379288', '2021-07-03 00:28:44.379288', NULL, 'USERS', 'READ', 'ANY', 1),
(17, '2021-07-03 00:28:44.447178', '2021-07-03 00:28:44.447178', NULL, 'PROJECTS', 'ADD', 'ANY', 1),
(18, '2021-07-03 00:28:44.515019', '2021-07-03 00:28:44.515019', NULL, 'PROJECTS', 'DELETE', 'ANY', 1),
(19, '2021-07-03 00:28:44.582780', '2021-07-03 00:28:44.582780', NULL, 'PROJECTS', 'UPDATE', 'ANY', 1),
(20, '2021-07-03 00:28:44.650580', '2021-07-03 00:28:44.650580', NULL, 'PROJECTS', 'READ', 'ANY', 1),
(21, '2021-07-03 00:28:44.727399', '2021-07-03 00:28:44.727399', NULL, 'PROJECTS', 'UPDATE', 'MANAGE', 1),
(22, '2021-07-03 00:28:44.795176', '2021-07-03 00:28:44.795176', NULL, 'PROJECTS', 'READ', 'MANAGE', 1),
(23, '2021-07-03 00:28:44.863001', '2021-07-03 00:28:44.863001', NULL, 'PROJECTS', 'READ', 'OWN', 1),
(24, '2021-07-03 00:28:44.930807', '2021-07-03 00:28:44.930807', NULL, 'OPPORTUNITIES', 'ADD', 'ANY', 1),
(25, '2021-07-03 00:28:44.998622', '2021-07-03 00:28:44.998622', NULL, 'OPPORTUNITIES', 'DELETE', 'ANY', 1),
(26, '2021-07-03 00:28:45.066572', '2021-07-03 00:28:45.066572', NULL, 'OPPORTUNITIES', 'UPDATE', 'ANY', 1),
(27, '2021-07-03 00:28:45.134382', '2021-07-03 00:28:45.134382', NULL, 'OPPORTUNITIES', 'READ', 'ANY', 1),
(28, '2021-07-03 00:28:45.201970', '2021-07-03 00:28:45.201970', NULL, 'OPPORTUNITIES', 'UPDATE', 'MANAGE', 1),
(29, '2021-07-03 00:28:45.269780', '2021-07-03 00:28:45.269780', NULL, 'OPPORTUNITIES', 'READ', 'MANAGE', 1),
(30, '2021-07-03 00:28:45.337686', '2021-07-03 00:28:45.337686', NULL, 'TIMESHEETS', 'ADD', 'ANY', 1),
(31, '2021-07-03 00:28:45.405446', '2021-07-03 00:28:45.405446', NULL, 'TIMESHEETS', 'DELETE', 'ANY', 1),
(32, '2021-07-03 00:28:45.473280', '2021-07-03 00:28:45.473280', NULL, 'TIMESHEETS', 'UPDATE', 'ANY', 1),
(33, '2021-07-03 00:28:45.541103', '2021-07-03 00:28:45.541103', NULL, 'TIMESHEETS', 'READ', 'ANY', 1),
(34, '2021-07-03 00:28:45.608957', '2021-07-03 00:28:45.608957', NULL, 'TIMESHEETS', 'APPROVAL', 'ANY', 1),
(35, '2021-07-03 00:28:45.676989', '2021-07-03 00:28:45.676989', NULL, 'TIMESHEETS', 'ADD', 'MANAGE', 1),
(36, '2021-07-03 00:28:45.744638', '2021-07-03 00:28:45.744638', NULL, 'TIMESHEETS', 'UPDATE', 'MANAGE', 1),
(37, '2021-07-03 00:28:45.812383', '2021-07-03 00:28:45.812383', NULL, 'TIMESHEETS', 'READ', 'MANAGE', 1),
(38, '2021-07-03 00:28:45.885992', '2021-07-03 00:28:45.885992', NULL, 'TIMESHEETS', 'APPROVAL', 'MANAGE', 1),
(39, '2021-07-03 00:28:45.953647', '2021-07-03 00:28:45.953647', NULL, 'TIMESHEETS', 'ADD', 'OWN', 1),
(40, '2021-07-03 00:28:46.021337', '2021-07-03 00:28:46.021337', NULL, 'TIMESHEETS', 'UPDATE', 'OWN', 1),
(41, '2021-07-03 00:28:46.089005', '2021-07-03 00:28:46.089005', NULL, 'TIMESHEETS', 'READ', 'OWN', 1),
(42, '2021-07-03 00:28:46.156642', '2021-07-03 00:28:46.156642', NULL, 'PROFILE', 'UPDATE', 'OWN', 1),
(43, '2021-07-04 19:51:54.983763', '2021-07-04 19:51:54.983763', NULL, 'TIMESHEETS', 'ADD', 'OWN', 3),
(44, '2021-07-04 19:51:55.064986', '2021-07-04 19:51:55.064986', NULL, 'TIMESHEETS', 'UPDATE', 'OWN', 3),
(45, '2021-07-04 19:51:55.133264', '2021-07-04 19:51:55.133264', NULL, 'TIMESHEETS', 'READ', 'OWN', 3),
(46, '2021-07-04 19:51:55.200663', '2021-07-04 19:51:55.200663', NULL, 'PROFILE', 'UPDATE', 'OWN', 3),
(47, '2021-07-06 08:08:08.227057', '2021-07-06 08:08:08.227057', NULL, 'TIMESHEETS', 'ADD', 'OWN', 2),
(48, '2021-07-06 08:08:08.295169', '2021-07-06 08:08:08.295169', NULL, 'TIMESHEETS', 'UPDATE', 'OWN', 2),
(49, '2021-07-06 08:08:08.362945', '2021-07-06 08:08:08.362945', NULL, 'TIMESHEETS', 'READ', 'OWN', 2),
(50, '2021-07-06 08:08:08.430331', '2021-07-06 08:08:08.430331', NULL, 'PROFILE', 'UPDATE', 'OWN', 2);

-- --------------------------------------------------------

--
-- Table structure for table `purchase_orders`
--

CREATE TABLE `purchase_orders` (
  `id` int(11) NOT NULL,
  `created_at` datetime(6) NOT NULL DEFAULT current_timestamp(6),
  `updated_at` datetime(6) NOT NULL DEFAULT current_timestamp(6) ON UPDATE current_timestamp(6),
  `deleted_at` datetime(6) DEFAULT NULL,
  `description` text DEFAULT NULL,
  `issue_date` datetime NOT NULL,
  `expiry_date` datetime NOT NULL,
  `value` int(11) NOT NULL,
  `comment` varchar(255) DEFAULT NULL,
  `expense` int(11) NOT NULL,
  `project_id` int(11) NOT NULL
) ENGINE=InnoDB DEFAULT CHARSET=latin1;

--
-- Dumping data for table `purchase_orders`
--

INSERT INTO `purchase_orders` (`id`, `created_at`, `updated_at`, `deleted_at`, `description`, `issue_date`, `expiry_date`, `value`, `comment`, `expense`, `project_id`) VALUES
(1, '2021-10-13 21:05:47.847544', '2021-10-13 21:05:47.847544', NULL, 'RFQ Title: EL1 - Project Coordinator/Project Manager\nRFQ Number: RFQDM21-254\nWO Number: D325033953 - Contract Option further period up to 12 months', '2021-10-05 00:55:30', '2021-12-31 00:55:32', 136400, 'No Invoice need to submit to SA as Contract is on RCTI basis\nSA will issue RCTI every fortnight and will pay within 20 days of issuing a RCTI\nAdditional Expenses can be invoiced to DHS.electronicinvoicing@servicesaustralia.gov.au', 0, 17),
(2, '2021-12-01 18:35:35.322273', '2021-12-02 03:47:16.000000', NULL, 'Defence PO 4501145165 issued on 25 Nov 21 JDI Project Management Support ex GST value of $321,763.64 and inc GST value of $353,940.', '2021-11-27 23:33:41', '2022-06-30 00:33:43', 305676, 'DMV - AFHQ Jericho RFQTS 8189', 0, 24),
(3, '2021-12-02 03:23:26.556570', '2021-12-02 03:23:38.000000', '2021-12-02 03:23:38.000000', 'No Purchase order received. Based on SA WO D325034265', '2021-11-29 08:22:26', '2022-06-29 14:00:00', 396000, NULL, 0, 24),
(4, '2021-12-02 03:25:23.236398', '2021-12-02 03:26:32.000000', NULL, 'ex GST Value.', '2021-11-29 08:24:56', '2022-09-29 14:00:00', 396000, 'No Purchase Order received. Based on SA WO D325034265.', 0, 25);

-- --------------------------------------------------------

--
-- Table structure for table `roles`
--

CREATE TABLE `roles` (
  `id` int(11) NOT NULL,
  `created_at` datetime(6) NOT NULL DEFAULT current_timestamp(6),
  `updated_at` datetime(6) NOT NULL DEFAULT current_timestamp(6) ON UPDATE current_timestamp(6),
  `deleted_at` datetime(6) DEFAULT NULL,
  `label` varchar(255) NOT NULL,
  `is_system` tinyint(4) NOT NULL DEFAULT 0
) ENGINE=InnoDB DEFAULT CHARSET=latin1;

--
-- Dumping data for table `roles`
--

INSERT INTO `roles` (`id`, `created_at`, `updated_at`, `deleted_at`, `label`, `is_system`) VALUES
(1, '2021-07-03 00:28:42.828387', '2021-07-03 00:28:42.828387', NULL, 'Admin', 1),
(2, '2021-07-03 00:28:42.896625', '2021-07-03 00:28:42.896625', NULL, 'Employee', 0),
(3, '2021-07-03 00:28:42.964415', '2021-07-03 00:28:42.964415', NULL, 'Sub-Contractor', 0);

-- --------------------------------------------------------

--
-- Table structure for table `samples`
--

CREATE TABLE `samples` (
  `id` int(11) NOT NULL,
  `created_at` datetime(6) NOT NULL DEFAULT current_timestamp(6),
  `updated_at` datetime(6) NOT NULL DEFAULT current_timestamp(6) ON UPDATE current_timestamp(6),
  `deleted_at` datetime(6) DEFAULT NULL,
  `title` varchar(255) NOT NULL
) ENGINE=InnoDB DEFAULT CHARSET=latin1;

-- --------------------------------------------------------

--
-- Table structure for table `standard_levels`
--

CREATE TABLE `standard_levels` (
  `id` int(11) NOT NULL,
  `created_at` datetime(6) NOT NULL DEFAULT current_timestamp(6),
  `updated_at` datetime(6) NOT NULL DEFAULT current_timestamp(6) ON UPDATE current_timestamp(6),
  `deleted_at` datetime(6) DEFAULT NULL,
  `label` varchar(255) NOT NULL
) ENGINE=InnoDB DEFAULT CHARSET=latin1;

--
-- Dumping data for table `standard_levels`
--

INSERT INTO `standard_levels` (`id`, `created_at`, `updated_at`, `deleted_at`, `label`) VALUES
(1, '2021-07-03 23:45:20.355306', '2021-07-03 23:45:20.355306', NULL, 'Junior'),
(2, '2021-07-03 23:45:28.660726', '2021-07-03 23:45:28.660726', NULL, 'Senior'),
(3, '2021-07-03 23:45:44.978700', '2021-07-03 23:45:44.978700', NULL, 'Expert');

-- --------------------------------------------------------

--
-- Table structure for table `standard_skills`
--

CREATE TABLE `standard_skills` (
  `id` int(11) NOT NULL,
  `created_at` datetime(6) NOT NULL DEFAULT current_timestamp(6),
  `updated_at` datetime(6) NOT NULL DEFAULT current_timestamp(6) ON UPDATE current_timestamp(6),
  `deleted_at` datetime(6) DEFAULT NULL,
  `label` varchar(255) NOT NULL
) ENGINE=InnoDB DEFAULT CHARSET=latin1;

--
-- Dumping data for table `standard_skills`
--

INSERT INTO `standard_skills` (`id`, `created_at`, `updated_at`, `deleted_at`, `label`) VALUES
(1, '2021-07-03 23:46:14.203143', '2021-07-03 23:46:14.203143', NULL, 'Systems Engineering'),
(3, '2021-07-03 23:46:41.504213', '2021-07-03 23:46:41.504213', NULL, 'Project/Program Management'),
(5, '2021-07-03 23:47:21.156749', '2021-07-03 23:47:21.156749', NULL, 'Business Analysis'),
(7, '2021-07-03 23:47:49.716232', '2021-07-03 23:47:49.716232', NULL, 'Integrated Logistics Support'),
(9, '2021-07-03 23:48:28.192362', '2021-07-03 23:48:28.192362', NULL, 'Organisation Design'),
(11, '2021-07-03 23:49:03.385564', '2021-07-03 23:49:03.385564', NULL, 'Enterprise Architecture'),
(12, '2021-07-03 23:49:26.888796', '2021-07-03 23:49:26.888796', NULL, 'Solution Architecture'),
(15, '2021-07-03 23:50:26.851345', '2021-07-03 23:50:26.851345', NULL, 'Cyber Security and Accreditation'),
(16, '2021-07-03 23:50:52.945505', '2021-07-03 23:50:52.945505', NULL, 'Cost Modelling'),
(19, '2021-07-03 23:51:17.062336', '2021-07-03 23:51:17.062336', NULL, 'Strategic Writing'),
(20, '2021-07-03 23:56:14.543717', '2021-07-03 23:56:14.543717', NULL, 'Procurement and Contract Management'),
(22, '2021-07-04 01:41:16.253758', '2021-07-04 01:41:16.253758', NULL, 'Technical Writer'),
(23, '2021-07-04 01:42:35.890964', '2021-07-04 01:42:35.890964', NULL, 'Project Document Writer'),
(24, '2021-07-11 04:26:06.114377', '2021-07-11 04:26:06.114377', NULL, 'BOH Functions'),
(25, '2021-07-11 20:32:09.858972', '2021-07-11 20:32:09.858972', NULL, 'Business Process Improvement'),
(26, '2021-07-11 21:10:41.555828', '2021-07-11 21:10:41.555828', NULL, 'Electrical/Electronics Engineering'),
(28, '2021-07-11 21:11:15.282835', '2021-07-11 21:11:15.282835', NULL, 'Mechanical Engineering'),
(29, '2021-07-13 03:32:05.927746', '2021-07-13 03:32:05.927746', NULL, 'General Duties'),
(30, '2021-08-10 23:57:13.304934', '2021-08-10 23:57:13.304934', NULL, 'Governance & Risk Management');

-- --------------------------------------------------------

--
-- Table structure for table `standard_skill_standard_levels`
--

CREATE TABLE `standard_skill_standard_levels` (
  `id` int(11) NOT NULL,
  `created_at` datetime(6) NOT NULL DEFAULT current_timestamp(6),
  `updated_at` datetime(6) NOT NULL DEFAULT current_timestamp(6) ON UPDATE current_timestamp(6),
  `deleted_at` datetime(6) DEFAULT NULL,
  `standard_skill_id` int(11) DEFAULT NULL,
  `standard_level_id` int(11) DEFAULT NULL,
  `priority` int(11) NOT NULL
) ENGINE=InnoDB DEFAULT CHARSET=latin1;

--
-- Dumping data for table `standard_skill_standard_levels`
--

INSERT INTO `standard_skill_standard_levels` (`id`, `created_at`, `updated_at`, `deleted_at`, `standard_skill_id`, `standard_level_id`, `priority`) VALUES
(1, '2021-07-03 23:46:14.306455', '2021-07-03 23:46:14.306455', NULL, 1, 1, 1),
(2, '2021-07-03 23:46:14.374852', '2021-07-03 23:46:14.374852', NULL, 1, 2, 2),
(3, '2021-07-03 23:46:14.441415', '2021-07-03 23:46:14.441415', NULL, 1, 3, 3),
(4, '2021-07-03 23:46:41.605286', '2021-07-03 23:46:41.605286', NULL, 3, 1, 1),
(5, '2021-07-03 23:46:41.671713', '2021-07-03 23:46:41.671713', NULL, 3, 2, 2),
(6, '2021-07-03 23:46:41.739555', '2021-07-03 23:46:41.739555', NULL, 3, 3, 3),
(7, '2021-07-03 23:47:21.257390', '2021-07-03 23:47:21.257390', NULL, 5, 1, 1),
(8, '2021-07-03 23:47:21.323816', '2021-07-03 23:47:21.323816', NULL, 5, 2, 2),
(9, '2021-07-03 23:47:21.391650', '2021-07-03 23:47:21.391650', NULL, 5, 3, 3),
(10, '2021-07-03 23:47:49.838136', '2021-07-03 23:47:49.838136', NULL, 7, 1, 1),
(11, '2021-07-03 23:47:49.906975', '2021-07-03 23:47:49.906975', NULL, 7, 2, 2),
(12, '2021-07-03 23:47:49.977143', '2021-07-03 23:47:49.977143', NULL, 7, 3, 3),
(13, '2021-07-03 23:48:28.305112', '2021-07-03 23:48:28.305112', NULL, 9, 1, 1),
(14, '2021-07-03 23:48:28.374524', '2021-07-03 23:48:28.374524', NULL, 9, 2, 2),
(15, '2021-07-03 23:48:28.443649', '2021-07-03 23:48:28.443649', NULL, 9, 3, 3),
(16, '2021-07-03 23:49:03.487003', '2021-07-03 23:49:03.487003', NULL, 11, 1, 1),
(17, '2021-07-03 23:49:03.553616', '2021-07-03 23:49:03.553616', NULL, 11, 2, 2),
(18, '2021-07-03 23:49:03.620032', '2021-07-03 23:49:03.620032', NULL, 11, 3, 3),
(19, '2021-07-03 23:49:27.005207', '2021-07-03 23:49:27.005207', NULL, 12, 1, 1),
(20, '2021-07-03 23:49:27.088558', '2021-07-03 23:49:27.088558', NULL, 12, 2, 2),
(21, '2021-07-03 23:49:27.155121', '2021-07-03 23:49:27.155121', NULL, 12, 3, 3),
(22, '2021-07-03 23:50:26.955855', '2021-07-03 23:50:26.955855', NULL, 15, 1, 1),
(23, '2021-07-03 23:50:27.025393', '2021-07-03 23:50:27.025393', NULL, 15, 2, 2),
(24, '2021-07-03 23:50:27.095054', '2021-07-03 23:50:27.095054', NULL, 15, 3, 3),
(25, '2021-07-03 23:50:53.049717', '2021-07-03 23:50:53.049717', NULL, 16, 1, 1),
(26, '2021-07-03 23:50:53.118695', '2021-07-03 23:50:53.118695', NULL, 16, 2, 2),
(27, '2021-07-03 23:50:53.187283', '2021-07-03 23:50:53.187283', NULL, 16, 3, 3),
(28, '2021-07-03 23:51:17.163350', '2021-07-03 23:51:17.163350', NULL, 19, 1, 1),
(29, '2021-07-03 23:51:17.245752', '2021-07-03 23:51:17.245752', NULL, 19, 2, 2),
(30, '2021-07-03 23:51:17.312032', '2021-07-03 23:51:17.312032', NULL, 19, 3, 3),
(31, '2021-07-03 23:56:14.646869', '2021-07-03 23:56:14.646869', NULL, 20, 1, 1),
(32, '2021-07-03 23:56:14.714246', '2021-07-03 23:56:14.714246', NULL, 20, 2, 2),
(33, '2021-07-03 23:56:14.787253', '2021-07-03 23:56:14.787253', NULL, 20, 3, 3),
(34, '2021-07-04 01:41:16.355492', '2021-07-04 01:41:16.355492', NULL, 22, 1, 1),
(35, '2021-07-04 01:41:16.422117', '2021-07-04 01:41:16.422117', NULL, 22, 2, 2),
(36, '2021-07-04 01:41:16.488726', '2021-07-04 01:41:39.000000', NULL, 22, 3, 3),
(37, '2021-07-04 01:42:35.992489', '2021-07-04 01:42:35.992489', NULL, 23, 1, 1),
(38, '2021-07-04 01:42:36.059808', '2021-07-04 01:42:36.059808', NULL, 23, 2, 2),
(39, '2021-07-04 01:42:36.126197', '2021-07-04 01:42:36.126197', NULL, 23, 3, 3),
(40, '2021-07-11 04:29:33.322566', '2021-07-11 04:29:33.322566', NULL, 24, 1, 1),
(41, '2021-07-11 04:29:33.392176', '2021-07-11 04:29:33.392176', NULL, 24, 2, 2),
(42, '2021-07-11 04:29:33.460363', '2021-07-11 04:29:33.460363', NULL, 24, 3, 3),
(43, '2021-07-11 20:32:09.968429', '2021-07-11 20:32:09.968429', NULL, 25, 1, 1),
(44, '2021-07-11 20:32:10.037059', '2021-07-11 20:32:10.037059', NULL, 25, 2, 2),
(45, '2021-07-11 20:32:10.104985', '2021-07-11 20:32:10.104985', NULL, 25, 3, 3),
(46, '2021-07-11 21:10:41.660861', '2021-07-11 21:10:41.660861', NULL, 26, 1, 1),
(47, '2021-07-11 21:10:41.728874', '2021-07-11 21:10:41.728874', NULL, 26, 2, 2),
(48, '2021-07-11 21:10:41.796480', '2021-07-11 21:10:41.796480', NULL, 26, 3, 3),
(49, '2021-07-11 21:11:15.387404', '2021-07-11 21:11:15.387404', NULL, 28, 1, 1),
(50, '2021-07-11 21:11:15.458699', '2021-07-11 21:11:15.458699', NULL, 28, 2, 2),
(51, '2021-07-11 21:11:15.527718', '2021-07-11 21:11:15.527718', NULL, 28, 3, 3),
(52, '2021-07-14 23:52:27.371218', '2021-07-14 23:52:27.371218', NULL, 29, 1, 1),
(53, '2021-08-10 23:57:13.422270', '2021-08-10 23:57:41.000000', NULL, 30, 3, 3),
(54, '2021-08-10 23:57:13.499351', '2021-08-10 23:57:41.000000', NULL, 30, 2, 2),
(55, '2021-08-10 23:57:13.575292', '2021-08-10 23:57:41.000000', NULL, 30, 1, 1);

-- --------------------------------------------------------

--
-- Table structure for table `states`
--

CREATE TABLE `states` (
  `id` int(11) NOT NULL,
  `created_at` datetime(6) NOT NULL DEFAULT current_timestamp(6),
  `updated_at` datetime(6) NOT NULL DEFAULT current_timestamp(6) ON UPDATE current_timestamp(6),
  `deleted_at` datetime(6) DEFAULT NULL,
  `label` varchar(255) NOT NULL
) ENGINE=InnoDB DEFAULT CHARSET=latin1;

--
-- Dumping data for table `states`
--

INSERT INTO `states` (`id`, `created_at`, `updated_at`, `deleted_at`, `label`) VALUES
(1, '2021-07-03 00:28:42.089582', '2021-07-03 00:28:42.089582', NULL, 'Victoria'),
(2, '2021-07-03 00:28:42.163254', '2021-07-03 00:28:42.163254', NULL, 'South Australia'),
(3, '2021-07-03 00:28:42.231608', '2021-07-03 00:28:42.231608', NULL, 'Queensland'),
(4, '2021-07-03 00:28:42.299865', '2021-07-03 00:28:42.299865', NULL, 'Western Australia'),
(5, '2021-07-03 00:28:42.368027', '2021-07-03 00:28:42.368027', NULL, 'Australian Capital Territory'),
(6, '2021-07-03 00:28:42.436114', '2021-07-03 00:28:42.436114', NULL, 'Tasmania'),
(7, '2021-07-03 00:28:42.504022', '2021-07-03 00:28:42.504022', NULL, 'New South Wales'),
(8, '2021-07-03 00:28:42.572103', '2021-07-03 00:28:42.572103', NULL, 'Northern Territory');

-- --------------------------------------------------------

--
-- Table structure for table `timesheets`
--

CREATE TABLE `timesheets` (
  `id` int(11) NOT NULL,
  `created_at` datetime(6) NOT NULL DEFAULT current_timestamp(6),
  `updated_at` datetime(6) NOT NULL DEFAULT current_timestamp(6) ON UPDATE current_timestamp(6),
  `deleted_at` datetime(6) DEFAULT NULL,
  `start_date` datetime NOT NULL,
  `end_date` datetime NOT NULL,
  `employee_id` int(11) NOT NULL,
  `notes` text DEFAULT NULL
) ENGINE=InnoDB DEFAULT CHARSET=latin1;

--
-- Dumping data for table `timesheets`
--

INSERT INTO `timesheets` (`id`, `created_at`, `updated_at`, `deleted_at`, `start_date`, `end_date`, `employee_id`, `notes`) VALUES
(1, '2021-07-11 04:39:45.188263', '2021-07-11 04:39:45.188263', NULL, '2021-07-01 00:00:00', '2021-07-31 00:00:00', 1, NULL),
(2, '2021-07-15 02:27:03.620744', '2021-07-15 02:27:03.620744', NULL, '2021-07-01 00:00:00', '2021-07-31 00:00:00', 11, NULL),
(3, '2021-07-15 19:25:07.136056', '2021-07-15 19:25:07.136056', NULL, '2021-07-01 00:00:00', '2021-07-31 00:00:00', 15, NULL),
(4, '2021-07-16 01:34:50.625678', '2021-07-16 01:34:50.625678', NULL, '2021-07-01 00:00:00', '2021-07-31 00:00:00', 12, NULL),
(5, '2021-07-18 19:13:55.335237', '2021-07-18 19:13:55.335237', NULL, '2021-07-01 00:00:00', '2021-07-31 00:00:00', 2, NULL),
(6, '2021-07-22 00:22:53.413986', '2021-07-22 00:22:53.413986', NULL, '2021-07-01 00:00:00', '2021-07-31 00:00:00', 14, NULL),
(8, '2021-08-02 19:23:39.083295', '2021-08-02 19:23:39.083295', NULL, '2021-08-01 00:00:00', '2021-08-31 00:00:00', 15, NULL),
(9, '2021-08-08 20:34:53.351538', '2021-08-08 20:34:53.351538', NULL, '2021-08-01 00:00:00', '2021-08-31 00:00:00', 2, NULL),
(11, '2021-08-11 00:20:42.263306', '2021-08-11 00:20:42.263306', NULL, '2021-08-01 00:00:00', '2021-08-31 00:00:00', 1, NULL),
(14, '2021-08-13 01:13:27.861072', '2021-08-13 01:13:27.861072', NULL, '2021-08-01 00:00:00', '2021-08-31 00:00:00', 12, NULL),
(16, '2021-08-17 21:34:31.320300', '2021-08-17 21:34:31.320300', NULL, '2021-08-01 00:00:00', '2021-08-31 00:00:00', 9, NULL),
(17, '2021-08-19 23:48:54.784531', '2021-08-19 23:48:54.784531', NULL, '2021-08-01 00:00:00', '2021-08-31 00:00:00', 11, NULL),
(18, '2021-08-26 00:44:05.306429', '2021-08-26 00:44:05.306429', NULL, '2021-08-01 00:00:00', '2021-08-31 00:00:00', 14, NULL),
(19, '2021-08-26 02:31:17.407761', '2021-08-26 02:31:17.407761', NULL, '2021-08-01 00:00:00', '2021-08-31 00:00:00', 13, NULL),
(20, '2021-08-29 19:05:11.425177', '2021-08-29 19:05:11.425177', NULL, '2021-08-01 00:00:00', '2021-08-31 00:00:00', 8, NULL),
(21, '2021-09-02 20:05:20.698718', '2021-09-02 20:05:20.698718', NULL, '2021-09-01 00:00:00', '2021-09-30 00:00:00', 15, NULL),
(22, '2021-09-06 00:56:19.020428', '2021-09-06 00:56:19.020428', NULL, '2021-09-01 00:00:00', '2021-09-30 00:00:00', 12, NULL),
(23, '2021-09-08 23:39:44.083857', '2021-09-08 23:39:44.083857', NULL, '2021-09-01 00:00:00', '2021-09-30 00:00:00', 14, NULL),
(25, '2021-09-13 19:04:51.139648', '2021-09-13 19:04:51.139648', NULL, '2021-09-01 00:00:00', '2021-09-30 00:00:00', 2, NULL),
(26, '2021-09-13 23:51:39.038171', '2021-09-13 23:51:39.038171', NULL, '2021-09-01 00:00:00', '2021-09-30 00:00:00', 11, NULL),
(27, '2021-09-26 05:16:30.452317', '2021-09-26 05:16:30.452317', NULL, '2021-09-01 00:00:00', '2021-09-30 00:00:00', 1, NULL),
(32, '2021-09-27 18:00:17.162716', '2021-09-27 18:00:17.162716', NULL, '2021-09-01 00:00:00', '2021-09-30 00:00:00', 8, NULL),
(33, '2021-09-28 21:59:34.531050', '2021-09-28 21:59:34.531050', NULL, '2021-09-01 00:00:00', '2021-09-30 00:00:00', 13, NULL),
(34, '2021-09-28 22:09:35.602611', '2021-09-28 22:09:35.602611', NULL, '2021-10-01 00:00:00', '2021-10-31 00:00:00', 13, NULL),
(36, '2021-10-06 19:16:55.531587', '2021-10-06 19:16:55.531587', NULL, '2021-09-01 00:00:00', '2021-09-30 00:00:00', 9, NULL),
(37, '2021-10-10 20:18:51.318510', '2021-10-10 20:18:51.318510', NULL, '2021-10-01 00:00:00', '2021-10-31 00:00:00', 12, NULL),
(38, '2021-10-12 00:13:31.427086', '2021-10-12 00:13:31.427086', NULL, '2021-10-01 00:00:00', '2021-10-31 00:00:00', 14, NULL),
(39, '2021-10-12 17:53:19.731800', '2021-10-12 17:53:19.731800', NULL, '2021-10-01 00:00:00', '2021-10-31 00:00:00', 15, NULL),
(40, '2021-10-13 02:06:40.584783', '2021-10-13 02:06:40.584783', NULL, '2021-10-01 00:00:00', '2021-10-31 00:00:00', 11, NULL),
(42, '2021-10-18 22:34:44.205864', '2021-10-18 22:34:44.205864', NULL, '2021-10-01 00:00:00', '2021-10-31 00:00:00', 8, NULL),
(43, '2021-11-02 19:42:13.577424', '2021-11-02 19:42:13.577424', NULL, '2021-11-01 00:00:00', '2021-11-30 00:00:00', 12, NULL),
(44, '2021-11-05 01:44:41.121208', '2021-11-05 01:44:41.121208', NULL, '2021-11-01 00:00:00', '2021-11-30 00:00:00', 11, NULL),
(45, '2021-11-07 17:42:30.088508', '2021-11-07 17:42:30.088508', NULL, '2021-11-01 00:00:00', '2021-11-30 00:00:00', 1, NULL),
(46, '2021-11-09 15:47:41.588846', '2021-11-09 15:47:41.588846', NULL, '2021-11-01 00:00:00', '2021-11-30 00:00:00', 15, NULL),
(47, '2021-11-21 22:14:24.658904', '2021-11-21 22:14:24.658904', NULL, '2021-11-01 00:00:00', '2021-11-30 00:00:00', 9, NULL),
(48, '2021-11-25 21:07:46.292971', '2021-11-25 21:07:46.292971', NULL, '2021-11-01 00:00:00', '2021-11-30 00:00:00', 13, NULL),
(49, '2021-11-27 00:35:56.889453', '2021-11-27 00:35:56.889453', NULL, '2021-11-01 00:00:00', '2021-11-30 00:00:00', 8, NULL),
(50, '2021-11-29 21:14:01.331259', '2021-11-29 21:14:01.331259', NULL, '2021-11-01 00:00:00', '2021-11-30 00:00:00', 14, NULL);

-- --------------------------------------------------------

--
-- Table structure for table `timesheet_entries`
--

CREATE TABLE `timesheet_entries` (
  `id` int(11) NOT NULL,
  `created_at` datetime(6) NOT NULL DEFAULT current_timestamp(6),
  `updated_at` datetime(6) NOT NULL DEFAULT current_timestamp(6) ON UPDATE current_timestamp(6),
  `deleted_at` datetime(6) DEFAULT NULL,
  `date` varchar(255) NOT NULL,
  `start_time` varchar(255) NOT NULL,
  `end_time` varchar(255) NOT NULL,
  `break_hours` float NOT NULL,
  `actual_hours` float NOT NULL,
  `notes` varchar(255) DEFAULT NULL,
  `submitted_at` datetime DEFAULT NULL,
  `approved_at` date DEFAULT NULL,
  `rejected_at` date DEFAULT NULL,
  `submitted_by` int(11) DEFAULT NULL,
  `approved_by` int(11) DEFAULT NULL,
  `rejected_by` int(11) DEFAULT NULL,
  `milestone_entry_id` int(11) NOT NULL
) ENGINE=InnoDB DEFAULT CHARSET=latin1;

--
-- Dumping data for table `timesheet_entries`
--

INSERT INTO `timesheet_entries` (`id`, `created_at`, `updated_at`, `deleted_at`, `date`, `start_time`, `end_time`, `break_hours`, `actual_hours`, `notes`, `submitted_at`, `approved_at`, `rejected_at`, `submitted_by`, `approved_by`, `rejected_by`, `milestone_entry_id`) VALUES
(1, '2021-07-11 04:39:45.396562', '2021-08-10 22:52:02.000000', NULL, '01-07-2021', '09:00', '17:00', 1, 7, 'Finance Work', '2021-08-11 02:51:43', '2021-08-11', NULL, NULL, NULL, NULL, 1),
(2, '2021-07-11 04:41:15.205403', '2021-08-10 22:52:02.000000', NULL, '02-07-2021', '10:00', '13:00', 1, 2, 'Finance Work', '2021-08-11 02:51:43', '2021-08-11', NULL, NULL, NULL, NULL, 1),
(3, '2021-07-15 02:27:03.856547', '2021-07-15 02:27:46.000000', NULL, '01-07-2021', '09:00', '17:00', 0.5, 7.5, NULL, NULL, NULL, NULL, NULL, NULL, NULL, 2),
(4, '2021-07-15 19:25:07.364073', '2021-08-19 00:48:46.000000', NULL, '01-07-2021', '08:00', '16:00', 0.4, 7.6, NULL, '2021-08-01 23:19:24', '2021-08-19', NULL, NULL, NULL, NULL, 3),
(5, '2021-07-15 19:26:28.819238', '2021-08-19 00:48:46.000000', NULL, '02-07-2021', '08:00', '16:00', 0.4, 7.6, NULL, '2021-08-01 23:19:24', '2021-08-19', NULL, NULL, NULL, NULL, 3),
(6, '2021-07-15 19:26:49.700152', '2021-08-19 00:48:46.000000', NULL, '05-07-2021', '08:00', '16:00', 0.4, 7.6, NULL, '2021-08-01 23:19:24', '2021-08-19', NULL, NULL, NULL, NULL, 3),
(7, '2021-07-15 19:27:04.522017', '2021-08-19 00:48:46.000000', NULL, '06-07-2021', '08:00', '16:00', 0.4, 7.6, NULL, '2021-08-01 23:19:24', '2021-08-19', NULL, NULL, NULL, NULL, 3),
(8, '2021-07-15 19:27:19.358994', '2021-08-19 00:48:47.000000', NULL, '07-07-2021', '08:00', '16:00', 0.4, 7.6, NULL, '2021-08-01 23:19:24', '2021-08-19', NULL, NULL, NULL, NULL, 3),
(9, '2021-07-15 19:28:03.964133', '2021-08-19 00:48:53.000000', NULL, '08-07-2021', '08:00', '16:00', 0.4, 7.6, NULL, '2021-08-01 23:19:24', '2021-08-19', NULL, NULL, NULL, NULL, 3),
(10, '2021-07-15 19:28:19.650295', '2021-08-19 00:48:53.000000', NULL, '09-07-2021', '08:00', '16:00', 0.4, 7.6, NULL, '2021-08-01 23:19:24', '2021-08-19', NULL, NULL, NULL, NULL, 3),
(11, '2021-07-15 19:28:44.510587', '2021-08-19 00:48:55.000000', NULL, '12-07-2021', '08:00', '16:00', 0.4, 7.6, NULL, '2021-08-01 23:19:24', '2021-08-19', NULL, NULL, NULL, NULL, 3),
(12, '2021-07-15 19:29:29.000613', '2021-08-19 00:48:55.000000', NULL, '13-07-2021', '08:00', '16:00', 0.4, 7.6, NULL, '2021-08-01 23:19:24', '2021-08-19', NULL, NULL, NULL, NULL, 3),
(13, '2021-07-15 19:29:42.635779', '2021-08-19 00:48:55.000000', NULL, '14-07-2021', '08:00', '16:00', 0.4, 7.6, NULL, '2021-08-01 23:19:24', '2021-08-19', NULL, NULL, NULL, NULL, 3),
(14, '2021-07-15 19:29:56.662565', '2021-08-19 00:48:55.000000', NULL, '15-07-2021', '08:00', '16:00', 0.4, 7.6, NULL, '2021-08-01 23:19:24', '2021-08-19', NULL, NULL, NULL, NULL, 3),
(15, '2021-07-15 19:30:08.657845', '2021-08-19 00:48:55.000000', NULL, '16-07-2021', '08:00', '16:00', 0.4, 7.6, NULL, '2021-08-01 23:19:24', '2021-08-19', NULL, NULL, NULL, NULL, 3),
(16, '2021-07-16 01:34:50.857459', '2021-07-16 02:27:43.000000', NULL, '12-07-2021', '11:00', '17:00', 2, 4, NULL, '2021-07-16 06:27:43', NULL, NULL, NULL, NULL, NULL, 4),
(17, '2021-07-16 01:49:38.195006', '2021-07-16 02:27:43.000000', NULL, '13-07-2021', '13:00', '17:00', 0.5, 3.5, NULL, '2021-07-16 06:27:43', NULL, NULL, NULL, NULL, NULL, 4),
(18, '2021-07-16 02:07:55.668135', '2021-07-16 02:27:43.000000', NULL, '14-07-2021', '09:00', '17:00', 0.45, 7.55, NULL, '2021-07-16 06:27:43', NULL, NULL, NULL, NULL, NULL, 4),
(19, '2021-07-16 02:10:12.272058', '2021-07-16 02:27:43.000000', NULL, '15-07-2021', '07:30', '14:00', 0.5, 6, NULL, '2021-07-16 06:27:43', NULL, NULL, NULL, NULL, NULL, 4),
(20, '2021-07-16 02:10:42.697500', '2021-07-16 02:27:43.000000', NULL, '16-07-2021', '07:00', '15:00', 0.45, 7.55, NULL, '2021-07-16 06:27:43', NULL, NULL, NULL, NULL, NULL, 4),
(21, '2021-07-16 02:11:15.355382', '2021-07-16 02:27:43.000000', NULL, '07-07-2021', '07:30', '16:30', 1, 8, NULL, '2021-07-16 06:27:43', NULL, NULL, NULL, NULL, NULL, 4),
(22, '2021-07-18 19:13:55.564199', '2021-07-18 19:13:55.564199', NULL, '01-07-2021', '09:02', '17:00', 1, 6.96667, NULL, NULL, NULL, NULL, NULL, NULL, NULL, 5),
(23, '2021-07-18 19:14:29.817587', '2021-07-18 19:14:29.817587', NULL, '02-07-2021', '08:00', '17:00', 1, 8, NULL, NULL, NULL, NULL, NULL, NULL, NULL, 5),
(24, '2021-07-22 00:22:53.721344', '2021-08-01 18:21:23.000000', NULL, '01-07-2021', '08:30', '17:00', 0.5, 8, NULL, '2021-08-01 22:21:23', NULL, NULL, NULL, NULL, NULL, 6),
(25, '2021-07-22 00:25:30.191187', '2021-08-01 18:21:23.000000', NULL, '05-07-2021', '08:30', '16:00', 0.5, 7, NULL, '2021-08-01 22:21:23', NULL, NULL, NULL, NULL, NULL, 6),
(26, '2021-07-22 00:26:25.310152', '2021-08-01 18:21:23.000000', NULL, '06-07-2021', '08:15', '16:30', 0.5, 7.75, NULL, '2021-08-01 22:21:23', NULL, NULL, NULL, NULL, NULL, 6),
(27, '2021-07-22 00:27:13.162285', '2021-08-01 18:21:23.000000', NULL, '07-07-2021', '11:00', '17:00', 0, 6, 'Specialist appointment for Sophia in morning', '2021-08-01 22:21:23', NULL, NULL, NULL, NULL, NULL, 6),
(28, '2021-07-22 00:28:34.911079', '2021-08-01 18:21:23.000000', NULL, '08-07-2021', '08:30', '16:30', 2, 6, '1LM meetings in morning', '2021-08-01 22:21:23', NULL, NULL, NULL, NULL, NULL, 6),
(29, '2021-07-22 00:34:55.716490', '2021-08-01 18:21:23.000000', NULL, '13-07-2021', '08:30', '17:00', 2, 6.5, '1LM meeting in morning', '2021-08-01 22:21:23', NULL, NULL, NULL, NULL, NULL, 6),
(30, '2021-07-22 00:36:47.459656', '2021-08-01 18:21:23.000000', NULL, '14-07-2021', '08:30', '17:00', 2, 6.5, '1LM meeting in morning', '2021-08-01 22:21:23', NULL, NULL, NULL, NULL, NULL, 6),
(31, '2021-07-22 00:37:37.623734', '2021-08-01 18:21:23.000000', NULL, '15-07-2021', '08:15', '16:45', 0.5, 8, NULL, '2021-08-01 22:21:23', NULL, NULL, NULL, NULL, NULL, 6),
(32, '2021-07-22 00:40:45.596860', '2021-08-01 18:21:23.000000', NULL, '19-07-2021', '08:15', '16:45', 0.5, 8, NULL, '2021-08-01 22:21:23', NULL, NULL, NULL, NULL, NULL, 6),
(33, '2021-07-22 00:41:22.995128', '2021-08-01 18:21:23.000000', NULL, '20-07-2021', '08:30', '16:30', 0.5, 7.5, NULL, '2021-08-01 22:21:23', NULL, NULL, NULL, NULL, NULL, 6),
(34, '2021-07-22 00:42:13.058200', '2021-08-01 18:21:23.000000', NULL, '21-07-2021', '08:10', '16:40', 0.5, 8, NULL, '2021-08-01 22:21:23', NULL, NULL, NULL, NULL, NULL, 6),
(35, '2021-07-25 20:48:01.221766', '2021-08-01 18:21:23.000000', NULL, '22-07-2021', '08:30', '17:00', 3.5, 5, NULL, '2021-08-01 22:21:23', NULL, NULL, NULL, NULL, NULL, 6),
(36, '2021-07-25 20:49:00.368024', '2021-08-01 18:21:23.000000', NULL, '26-07-2021', '08:10', '16:30', 0.5, 7.83333, NULL, '2021-08-01 22:21:23', NULL, NULL, NULL, NULL, NULL, 6),
(37, '2021-08-01 18:14:52.782887', '2021-08-01 18:21:23.000000', NULL, '27-07-2021', '08:00', '16:30', 0.5, 8, NULL, '2021-08-01 22:21:23', NULL, NULL, NULL, NULL, NULL, 6),
(38, '2021-08-01 18:15:29.326939', '2021-08-01 18:21:24.000000', NULL, '28-07-2021', '09:00', '17:00', 2, 6, NULL, '2021-08-01 22:21:23', NULL, NULL, NULL, NULL, NULL, 6),
(39, '2021-08-01 18:20:15.641225', '2021-08-01 18:21:24.000000', NULL, '29-07-2021', '08:30', '17:00', 0.5, 8, NULL, '2021-08-01 22:21:23', NULL, NULL, NULL, NULL, NULL, 6),
(40, '2021-08-01 19:15:03.959769', '2021-08-19 00:48:55.000000', NULL, '19-07-2021', '08:00', '16:00', 0.4, 7.6, NULL, '2021-08-01 23:19:24', '2021-08-19', NULL, NULL, NULL, NULL, 3),
(41, '2021-08-01 19:15:33.887236', '2021-08-19 00:48:55.000000', NULL, '20-07-2021', '08:00', '16:00', 0.4, 7.6, NULL, '2021-08-01 23:19:24', '2021-08-19', NULL, NULL, NULL, NULL, 3),
(42, '2021-08-01 19:15:58.335631', '2021-08-19 00:48:55.000000', NULL, '21-07-2021', '08:00', '16:00', 0.4, 7.6, NULL, '2021-08-01 23:19:24', '2021-08-19', NULL, NULL, NULL, NULL, 3),
(43, '2021-08-01 19:16:26.742378', '2021-08-19 00:48:55.000000', NULL, '22-07-2021', '08:00', '16:00', 0.4, 7.6, NULL, '2021-08-01 23:19:24', '2021-08-19', NULL, NULL, NULL, NULL, 3),
(44, '2021-08-01 19:16:50.558504', '2021-08-19 00:48:55.000000', NULL, '23-07-2021', '08:00', '16:00', 0.4, 7.6, NULL, '2021-08-01 23:19:24', '2021-08-19', NULL, NULL, NULL, NULL, 3),
(45, '2021-08-01 19:17:20.202271', '2021-08-19 00:48:55.000000', NULL, '26-07-2021', '08:00', '16:00', 0.4, 7.6, NULL, '2021-08-01 23:19:24', '2021-08-19', NULL, NULL, NULL, NULL, 3),
(46, '2021-08-01 19:17:44.231520', '2021-08-19 00:48:55.000000', NULL, '27-07-2021', '08:00', '16:00', 0.4, 7.6, NULL, '2021-08-01 23:19:24', '2021-08-19', NULL, NULL, NULL, NULL, 3),
(47, '2021-08-01 19:18:08.714629', '2021-08-19 00:48:55.000000', NULL, '28-07-2021', '08:00', '16:00', 0.4, 7.6, NULL, '2021-08-01 23:19:24', '2021-08-19', NULL, NULL, NULL, NULL, 3),
(48, '2021-08-01 19:18:37.865804', '2021-08-19 00:48:55.000000', NULL, '29-07-2021', '08:00', '16:00', 0.4, 7.6, NULL, '2021-08-01 23:19:24', '2021-08-19', NULL, NULL, NULL, NULL, 3),
(49, '2021-08-01 19:19:04.603291', '2021-08-19 00:48:55.000000', NULL, '30-07-2021', '08:00', '16:00', 0.4, 7.6, NULL, '2021-08-01 23:19:24', '2021-08-19', NULL, NULL, NULL, NULL, 3),
(50, '2021-08-02 19:23:39.311904', '2021-08-31 01:36:16.000000', NULL, '02-08-2021', '08:00', '14:00', 0, 6, NULL, '2021-08-31 05:36:16', NULL, NULL, NULL, NULL, NULL, 8),
(51, '2021-08-03 18:19:13.659100', '2021-08-31 01:36:16.000000', NULL, '03-08-2021', '08:00', '08:30', 0, 0.5, NULL, '2021-08-31 05:36:16', NULL, NULL, NULL, NULL, NULL, 8),
(53, '2021-08-11 00:20:42.493864', '2021-09-28 21:34:16.000000', NULL, '10-08-2021', '10:00', '17:00', 1, 6, 'Testing', '2021-09-29 01:28:57', '2021-09-29', NULL, NULL, NULL, NULL, 11),
(54, '2021-08-11 17:19:42.188245', '2021-08-31 01:36:16.000000', NULL, '10-08-2021', '14:00', '15:00', 0, 1, 'Business planning mtg', '2021-08-31 05:36:16', NULL, NULL, NULL, NULL, NULL, 8),
(55, '2021-08-11 17:20:46.691721', '2021-08-31 01:36:16.000000', NULL, '09-08-2021', '10:30', '14:30', 0, 4, 'COVID WFH arrangements', '2021-08-31 05:36:16', NULL, NULL, NULL, NULL, NULL, 8),
(56, '2021-08-11 19:20:06.425463', '2021-08-11 19:20:06.425463', NULL, '01-08-2021', '02:03', '06:07', 0, 4.06667, NULL, NULL, NULL, NULL, NULL, NULL, NULL, 13),
(57, '2021-08-12 19:18:46.012017', '2021-08-31 01:36:20.000000', NULL, '09-08-2021', '07:30', '16:00', 4, 4.5, NULL, '2021-08-31 05:36:20', NULL, NULL, NULL, NULL, NULL, 14),
(58, '2021-08-12 19:19:26.617179', '2021-08-31 01:36:20.000000', NULL, '10-08-2021', '07:30', '16:00', 1, 7.5, NULL, '2021-08-31 05:36:20', NULL, NULL, NULL, NULL, NULL, 14),
(59, '2021-08-12 19:20:03.168895', '2021-08-31 01:36:20.000000', NULL, '11-08-2021', '07:30', '16:00', 0.5, 8, NULL, '2021-08-31 05:36:20', NULL, NULL, NULL, NULL, NULL, 14),
(60, '2021-08-12 19:20:37.935485', '2021-08-31 01:36:20.000000', NULL, '12-08-2021', '07:30', '16:00', 0.5, 8, NULL, '2021-08-31 05:36:20', NULL, NULL, NULL, NULL, NULL, 14),
(61, '2021-08-12 19:23:41.880782', '2021-08-31 01:36:20.000000', NULL, '13-08-2021', '07:30', '16:00', 0.5, 8, NULL, '2021-08-31 05:36:20', NULL, NULL, NULL, NULL, NULL, 14),
(62, '2021-08-12 19:24:54.149951', '2021-08-31 01:36:20.000000', NULL, '02-08-2021', '09:00', '11:00', 0, 2, NULL, '2021-08-31 05:36:20', NULL, NULL, NULL, NULL, NULL, 14),
(63, '2021-08-12 19:25:18.221766', '2021-08-31 01:36:20.000000', NULL, '03-08-2021', '08:30', '17:00', 1, 7.5, NULL, '2021-08-31 05:36:20', NULL, NULL, NULL, NULL, NULL, 14),
(64, '2021-08-12 19:26:02.467034', '2021-08-31 01:36:20.000000', NULL, '04-08-2021', '08:15', '16:30', 0.25, 8, NULL, '2021-08-31 05:36:20', NULL, NULL, NULL, NULL, NULL, 14),
(65, '2021-08-12 19:26:26.907731', '2021-08-31 01:36:20.000000', NULL, '05-08-2021', '08:00', '16:30', 0.5, 8, NULL, '2021-08-31 05:36:20', NULL, NULL, NULL, NULL, NULL, 14),
(66, '2021-08-12 19:26:47.859190', '2021-08-31 01:36:20.000000', NULL, '06-08-2021', '07:30', '16:00', 0.75, 7.75, NULL, '2021-08-31 05:36:20', NULL, NULL, NULL, NULL, NULL, 14),
(67, '2021-08-13 01:13:28.083324', '2021-08-30 23:17:57.000000', NULL, '02-08-2021', '09:00', '16:45', 0, 7.75, NULL, '2021-08-31 03:17:57', NULL, NULL, NULL, NULL, NULL, 17),
(68, '2021-08-13 01:15:14.621014', '2021-08-30 23:17:57.000000', NULL, '03-08-2021', '10:00', '16:30', 0, 6.5, NULL, '2021-08-31 03:17:57', NULL, NULL, NULL, NULL, NULL, 17),
(69, '2021-08-13 01:16:01.851214', '2021-08-30 23:17:57.000000', NULL, '04-08-2021', '08:30', '15:00', 1, 5.5, NULL, '2021-08-31 03:17:57', NULL, NULL, NULL, NULL, NULL, 17),
(70, '2021-08-13 01:16:43.930893', '2021-08-30 23:17:57.000000', NULL, '05-08-2021', '09:00', '17:15', 1, 7.25, NULL, '2021-08-31 03:17:57', NULL, NULL, NULL, NULL, NULL, 17),
(71, '2021-08-13 01:18:24.804221', '2021-08-30 23:17:57.000000', NULL, '06-08-2021', '08:30', '14:30', 0, 6, NULL, '2021-08-31 03:17:57', NULL, NULL, NULL, NULL, NULL, 17),
(72, '2021-08-17 01:31:56.962479', '2021-08-31 01:36:16.000000', NULL, '16-08-2021', '09:00', '16:00', 5.25, 1.75, NULL, '2021-08-31 05:36:16', NULL, NULL, NULL, NULL, NULL, 8),
(73, '2021-08-17 01:32:33.569441', '2021-08-31 01:36:20.000000', NULL, '16-08-2021', '07:30', '16:00', 1.75, 6.75, NULL, '2021-08-31 05:36:20', NULL, NULL, NULL, NULL, NULL, 14),
(74, '2021-08-17 01:33:03.001055', '2021-08-31 01:36:20.000000', NULL, '17-08-2021', '07:30', '16:00', 0.5, 8, NULL, '2021-08-31 05:36:20', NULL, NULL, NULL, NULL, NULL, 14),
(75, '2021-08-17 21:34:31.549627', '2021-08-31 00:37:09.000000', NULL, '02-08-2021', '11:00', '12:30', 0, 1.5, NULL, '2021-08-31 04:36:58', '2021-08-31', NULL, NULL, NULL, NULL, 19),
(76, '2021-08-17 21:35:29.648135', '2021-08-31 00:37:09.000000', NULL, '05-08-2021', '09:30', '12:00', 0, 2.5, NULL, '2021-08-31 04:36:58', '2021-08-31', NULL, NULL, NULL, NULL, 19),
(77, '2021-08-17 21:36:17.569227', '2021-08-31 00:37:09.000000', NULL, '09-08-2021', '12:00', '14:00', 0, 2, NULL, '2021-08-31 04:36:58', '2021-08-31', NULL, NULL, NULL, NULL, 19),
(78, '2021-08-17 21:42:23.257297', '2021-08-31 00:37:09.000000', NULL, '13-08-2021', '12:30', '15:30', 0, 3, NULL, '2021-08-31 04:36:58', '2021-08-31', NULL, NULL, NULL, NULL, 19),
(79, '2021-08-17 21:43:36.415374', '2021-08-31 00:37:09.000000', NULL, '10-08-2021', '08:00', '11:30', 0, 3.5, NULL, '2021-08-31 04:36:58', '2021-08-31', NULL, NULL, NULL, NULL, 19),
(80, '2021-08-17 21:45:08.178674', '2021-08-31 00:37:09.000000', NULL, '16-08-2021', '11:00', '13:00', 0, 2, NULL, '2021-08-31 04:36:58', '2021-08-31', NULL, NULL, NULL, NULL, 19),
(81, '2021-08-17 21:46:32.909634', '2021-08-31 00:37:09.000000', NULL, '18-08-2021', '10:00', '13:00', 1, 2, NULL, '2021-08-31 04:36:58', '2021-08-31', NULL, NULL, NULL, NULL, 19),
(82, '2021-08-17 21:47:54.502459', '2021-08-31 00:37:09.000000', NULL, '17-08-2021', '10:00', '12:00', 0, 2, 'Collaboration Tool discussion', '2021-08-31 04:36:58', '2021-08-31', NULL, NULL, NULL, NULL, 19),
(83, '2021-08-18 19:15:38.310119', '2021-08-30 23:17:57.000000', NULL, '16-08-2021', '10:00', '17:00', 0.5, 6.5, NULL, '2021-08-31 03:17:57', NULL, NULL, NULL, NULL, NULL, 17),
(84, '2021-08-18 19:22:16.569401', '2021-08-30 23:17:57.000000', NULL, '17-08-2021', '09:00', '17:10', 1, 7.16667, NULL, '2021-08-31 03:17:57', NULL, NULL, NULL, NULL, NULL, 17),
(85, '2021-08-18 19:22:55.586452', '2021-08-30 23:17:57.000000', NULL, '18-08-2021', '08:45', '20:40', 3, 8.91667, NULL, '2021-08-31 03:17:57', NULL, NULL, NULL, NULL, NULL, 17),
(86, '2021-08-18 19:23:59.386273', '2021-08-30 23:17:57.000000', NULL, '13-08-2021', '09:00', '14:30', 0.5, 5, NULL, '2021-08-31 03:17:57', NULL, NULL, NULL, NULL, NULL, 17),
(87, '2021-08-18 19:24:26.001199', '2021-08-30 23:17:57.000000', NULL, '12-08-2021', '09:00', '17:10', 0.5, 7.66667, NULL, '2021-08-31 03:17:57', NULL, NULL, NULL, NULL, NULL, 17),
(88, '2021-08-18 19:25:41.418516', '2021-08-30 23:17:57.000000', NULL, '11-08-2021', '09:30', '15:15', 0, 5.75, NULL, '2021-08-31 03:17:57', NULL, NULL, NULL, NULL, NULL, 17),
(89, '2021-08-18 19:26:27.761812', '2021-08-30 23:17:57.000000', NULL, '10-08-2021', '08:00', '16:30', 0.5, 8, NULL, '2021-08-31 03:17:57', NULL, NULL, NULL, NULL, NULL, 17),
(90, '2021-08-18 19:27:13.742287', '2021-08-30 23:17:57.000000', NULL, '09-08-2021', '12:00', '17:15', 0, 5.25, NULL, '2021-08-31 03:17:57', NULL, NULL, NULL, NULL, NULL, 17),
(91, '2021-08-19 00:50:39.796813', '2021-09-28 21:34:16.000000', NULL, '02-08-2021', '09:00', '17:00', 0, 8, NULL, '2021-09-29 01:28:57', '2021-09-29', NULL, NULL, NULL, NULL, 11),
(92, '2021-08-19 17:56:03.136025', '2021-08-31 01:36:20.000000', NULL, '18-08-2021', '07:30', '16:00', 1.5, 7, NULL, '2021-08-31 05:36:20', NULL, NULL, NULL, NULL, NULL, 14),
(93, '2021-08-19 17:56:24.232610', '2021-08-31 01:36:20.000000', NULL, '19-08-2021', '07:30', '16:00', 1.5, 7, NULL, '2021-08-31 05:36:20', NULL, NULL, NULL, NULL, NULL, 14),
(94, '2021-08-19 17:56:43.972238', '2021-08-31 01:36:20.000000', NULL, '20-08-2021', '07:30', '16:00', 1.5, 7, NULL, '2021-08-31 05:36:20', NULL, NULL, NULL, NULL, NULL, 14),
(95, '2021-08-19 17:57:08.081217', '2021-08-31 01:36:16.000000', NULL, '18-08-2021', '09:00', '10:00', 0, 1, NULL, '2021-08-31 05:36:16', NULL, NULL, NULL, NULL, NULL, 8),
(96, '2021-08-19 17:57:41.094468', '2021-08-31 01:36:16.000000', NULL, '19-08-2021', '14:30', '15:30', 0, 1, NULL, '2021-08-31 05:36:16', NULL, NULL, NULL, NULL, NULL, 8),
(97, '2021-08-19 17:58:00.613272', '2021-08-31 01:36:16.000000', NULL, '20-08-2021', '15:00', '16:00', 0, 1, NULL, '2021-08-31 05:36:16', NULL, NULL, NULL, NULL, NULL, 8),
(98, '2021-08-19 19:20:08.048645', '2021-08-30 23:17:58.000000', NULL, '19-08-2021', '09:00', '16:00', 0.5, 6.5, NULL, '2021-08-31 03:17:57', NULL, NULL, NULL, NULL, NULL, 17),
(99, '2021-08-19 23:48:55.015786', '2021-08-19 23:49:15.000000', NULL, '16-08-2021', '09:00', '17:00', 0.5, 7.5, NULL, NULL, NULL, NULL, NULL, NULL, NULL, 20),
(100, '2021-08-19 23:51:55.525245', '2021-08-19 23:51:55.525245', NULL, '17-08-2021', '08:30', '17:00', 0.5, 8, NULL, NULL, NULL, NULL, NULL, NULL, NULL, 20),
(101, '2021-08-19 23:52:51.359668', '2021-08-19 23:53:07.000000', NULL, '18-08-2021', '09:00', '18:00', 0.75, 8.25, NULL, NULL, NULL, NULL, NULL, NULL, NULL, 20),
(102, '2021-08-19 23:53:36.198555', '2021-08-19 23:53:36.198555', NULL, '19-08-2021', '08:30', '17:30', 0.5, 8.5, NULL, NULL, NULL, NULL, NULL, NULL, NULL, 20),
(103, '2021-08-19 23:53:59.057646', '2021-08-19 23:53:59.057646', NULL, '20-08-2021', '09:00', '16:00', 0.5, 6.5, NULL, NULL, NULL, NULL, NULL, NULL, NULL, 20),
(104, '2021-08-26 00:44:05.533980', '2021-08-26 00:44:05.533980', NULL, '02-08-2021', '08:00', '16:00', 0.5, 7.5, NULL, NULL, NULL, NULL, NULL, NULL, NULL, 21),
(105, '2021-08-26 00:47:23.343466', '2021-08-26 00:47:23.343466', NULL, '03-08-2021', '08:15', '17:15', 0.5, 8.5, NULL, NULL, NULL, NULL, NULL, NULL, NULL, 21),
(106, '2021-08-26 00:48:02.701155', '2021-08-26 00:48:02.701155', NULL, '04-08-2021', '08:00', '16:20', 0.5, 7.83333, NULL, NULL, NULL, NULL, NULL, NULL, NULL, 21),
(107, '2021-08-26 00:48:58.873916', '2021-08-26 00:48:58.873916', NULL, '05-08-2021', '08:00', '16:30', 1.5, 7, 'Nadia pre-school interview', NULL, NULL, NULL, NULL, NULL, NULL, 21),
(108, '2021-08-26 00:53:57.731220', '2021-08-26 00:53:57.731220', NULL, '10-08-2021', '08:15', '16:30', 0.5, 7.75, NULL, NULL, NULL, NULL, NULL, NULL, NULL, 21),
(109, '2021-08-26 00:54:27.128762', '2021-08-26 00:55:24.000000', NULL, '09-08-2021', '11:00', '17:15', 0.5, 5.75, NULL, NULL, NULL, NULL, NULL, NULL, NULL, 21),
(110, '2021-08-26 00:56:28.813876', '2021-08-26 00:56:28.813876', NULL, '11-08-2021', '08:30', '16:30', 0.5, 7.5, NULL, NULL, NULL, NULL, NULL, NULL, NULL, 21),
(111, '2021-08-26 00:57:26.959842', '2021-08-26 00:57:26.959842', NULL, '12-08-2021', '08:30', '16:30', 0.5, 7.5, 'sick leave', NULL, NULL, NULL, NULL, NULL, NULL, 21),
(112, '2021-08-26 00:58:09.571366', '2021-08-26 00:58:09.571366', NULL, '16-08-2021', '09:00', '17:00', 0.5, 7.5, NULL, NULL, NULL, NULL, NULL, NULL, NULL, 21),
(113, '2021-08-26 00:58:36.581075', '2021-08-26 00:58:36.581075', NULL, '17-08-2021', '08:00', '16:00', 0.5, 7.5, NULL, NULL, NULL, NULL, NULL, NULL, NULL, 21),
(114, '2021-08-26 00:59:08.440343', '2021-08-26 00:59:08.440343', NULL, '18-08-2021', '08:00', '16:00', 0.5, 7.5, NULL, NULL, NULL, NULL, NULL, NULL, NULL, 21),
(115, '2021-08-26 00:59:24.238515', '2021-08-26 00:59:24.238515', NULL, '19-08-2021', '08:00', '16:00', 0.5, 7.5, NULL, NULL, NULL, NULL, NULL, NULL, NULL, 21),
(116, '2021-08-26 01:00:00.845956', '2021-08-26 01:00:00.845956', NULL, '23-08-2021', '08:00', '16:00', 0.5, 7.5, NULL, NULL, NULL, NULL, NULL, NULL, NULL, 21),
(117, '2021-08-26 01:00:22.457818', '2021-08-26 01:00:22.457818', NULL, '24-08-2021', '08:00', '16:00', 0.5, 7.5, NULL, NULL, NULL, NULL, NULL, NULL, NULL, 21),
(118, '2021-08-26 01:00:41.838526', '2021-08-26 01:00:41.838526', NULL, '25-08-2021', '08:00', '16:00', 0.5, 7.5, NULL, NULL, NULL, NULL, NULL, NULL, NULL, 21),
(119, '2021-08-26 01:00:57.887239', '2021-08-26 01:00:57.887239', NULL, '26-08-2021', '08:00', '16:00', 0.5, 7.5, NULL, NULL, NULL, NULL, NULL, NULL, NULL, 21),
(120, '2021-08-26 01:01:22.631230', '2021-08-26 01:01:22.631230', NULL, '30-08-2021', '08:00', '16:00', 0.5, 7.5, NULL, NULL, NULL, NULL, NULL, NULL, NULL, 21),
(121, '2021-08-26 01:01:50.899023', '2021-08-26 01:01:50.899023', NULL, '31-08-2021', '08:00', '16:00', 0.5, 7.5, NULL, NULL, NULL, NULL, NULL, NULL, NULL, 21),
(122, '2021-08-26 01:07:30.064362', '2021-08-30 23:17:58.000000', NULL, '20-08-2021', '09:00', '14:00', 0, 5, NULL, '2021-08-31 03:17:57', NULL, NULL, NULL, NULL, NULL, 17),
(123, '2021-08-26 01:19:56.052315', '2021-08-30 23:17:58.000000', NULL, '26-08-2021', '09:00', '14:00', 0.5, 4.5, NULL, '2021-08-31 03:17:57', NULL, NULL, NULL, NULL, NULL, 17),
(124, '2021-08-26 01:34:02.421533', '2021-08-30 23:17:58.000000', NULL, '25-08-2021', '10:45', '16:15', 0.5, 5, NULL, '2021-08-31 03:17:57', NULL, NULL, NULL, NULL, NULL, 17),
(125, '2021-08-26 01:36:00.358338', '2021-08-30 23:17:58.000000', NULL, '23-08-2021', '12:10', '19:00', 0.5, 6.33333, NULL, '2021-08-31 03:17:57', NULL, NULL, NULL, NULL, NULL, 17),
(126, '2021-08-26 01:37:18.887921', '2021-08-30 23:17:58.000000', NULL, '24-08-2021', '07:15', '19:00', 1, 10.75, NULL, '2021-08-31 03:17:57', NULL, NULL, NULL, NULL, NULL, 17),
(127, '2021-08-26 02:31:17.650495', '2021-08-26 02:33:51.000000', NULL, '01-08-2021', '09:00', '10:00', 0, 1, NULL, NULL, NULL, NULL, NULL, NULL, NULL, 22),
(128, '2021-08-26 02:32:12.747281', '2021-08-26 02:32:12.747281', NULL, '02-08-2021', '09:00', '18:00', 1, 8, NULL, NULL, NULL, NULL, NULL, NULL, NULL, 22),
(129, '2021-08-26 02:32:52.834877', '2021-08-26 02:34:28.000000', NULL, '03-08-2021', '09:00', '17:00', 1, 7, NULL, NULL, NULL, NULL, NULL, NULL, NULL, 22),
(130, '2021-08-26 02:34:47.238626', '2021-08-26 02:34:47.238626', NULL, '04-08-2021', '09:00', '18:00', 1, 8, NULL, NULL, NULL, NULL, NULL, NULL, NULL, 22),
(131, '2021-08-26 02:35:16.176564', '2021-08-26 02:35:16.176564', NULL, '05-08-2021', '09:00', '18:00', 1, 8, NULL, NULL, NULL, NULL, NULL, NULL, NULL, 22),
(132, '2021-08-26 02:35:33.422232', '2021-08-26 02:35:33.422232', NULL, '06-08-2021', '09:00', '18:00', 1, 8, NULL, NULL, NULL, NULL, NULL, NULL, NULL, 22),
(133, '2021-08-26 02:42:22.457105', '2021-08-26 02:42:22.457105', NULL, '09-08-2021', '09:00', '18:00', 1, 8, NULL, NULL, NULL, NULL, NULL, NULL, NULL, 22),
(134, '2021-08-26 02:42:48.383014', '2021-08-26 02:42:48.383014', NULL, '10-08-2021', '09:00', '18:00', 1, 8, NULL, NULL, NULL, NULL, NULL, NULL, NULL, 22),
(135, '2021-08-26 02:43:19.593105', '2021-08-26 02:43:19.593105', NULL, '11-08-2021', '09:00', '18:00', 1, 8, NULL, NULL, NULL, NULL, NULL, NULL, NULL, 22),
(136, '2021-08-26 02:43:47.019776', '2021-08-26 02:43:47.019776', NULL, '12-08-2021', '09:00', '18:00', 1, 8, NULL, NULL, NULL, NULL, NULL, NULL, NULL, 22),
(137, '2021-08-26 02:46:22.034121', '2021-08-26 02:46:22.034121', NULL, '13-08-2021', '09:00', '18:00', 1, 8, NULL, NULL, NULL, NULL, NULL, NULL, NULL, 22),
(138, '2021-08-26 02:46:58.881613', '2021-08-26 02:46:58.881613', NULL, '16-08-2021', '09:00', '18:00', 1, 8, NULL, NULL, NULL, NULL, NULL, NULL, NULL, 22),
(139, '2021-08-26 02:47:52.381924', '2021-08-26 02:47:52.381924', NULL, '17-08-2021', '09:00', '18:00', 1, 8, NULL, NULL, NULL, NULL, NULL, NULL, NULL, 22),
(140, '2021-08-26 02:49:43.407660', '2021-08-26 02:49:43.407660', NULL, '18-08-2021', '09:00', '18:00', 1, 8, NULL, NULL, NULL, NULL, NULL, NULL, NULL, 22),
(141, '2021-08-26 02:52:53.044393', '2021-08-26 02:52:53.044393', NULL, '19-08-2021', '09:00', '18:00', 1, 8, NULL, NULL, NULL, NULL, NULL, NULL, NULL, 22),
(142, '2021-08-26 02:53:11.035146', '2021-08-26 02:53:11.035146', NULL, '20-08-2021', '09:00', '18:00', 1, 8, NULL, NULL, NULL, NULL, NULL, NULL, NULL, 22),
(143, '2021-08-26 02:53:46.567684', '2021-08-26 02:53:46.567684', NULL, '23-08-2021', '09:00', '18:00', 1, 8, NULL, NULL, NULL, NULL, NULL, NULL, NULL, 22),
(144, '2021-08-26 02:54:01.950789', '2021-08-26 02:54:01.950789', NULL, '24-08-2021', '09:00', '18:00', 1, 8, NULL, NULL, NULL, NULL, NULL, NULL, NULL, 22),
(145, '2021-08-26 02:54:40.075092', '2021-08-26 02:54:40.075092', NULL, '25-08-2021', '09:00', '18:00', 1, 8, NULL, NULL, NULL, NULL, NULL, NULL, NULL, 22),
(146, '2021-08-26 02:55:05.867038', '2021-08-26 02:55:05.867038', NULL, '26-08-2021', '09:00', '18:00', 1, 8, NULL, NULL, NULL, NULL, NULL, NULL, NULL, 22),
(147, '2021-08-26 02:55:31.497730', '2021-08-26 02:55:31.497730', NULL, '27-08-2021', '09:00', '18:00', 1, 8, NULL, NULL, NULL, NULL, NULL, NULL, NULL, 22),
(148, '2021-08-26 02:55:48.375444', '2021-08-26 02:55:48.375444', NULL, '30-08-2021', '09:00', '18:00', 1, 8, NULL, NULL, NULL, NULL, NULL, NULL, NULL, 22),
(149, '2021-08-26 02:56:07.478754', '2021-08-26 02:56:07.478754', NULL, '31-08-2021', '09:00', '18:00', 1, 8, NULL, NULL, NULL, NULL, NULL, NULL, NULL, 22),
(150, '2021-08-26 20:59:40.882374', '2021-08-30 23:17:58.000000', NULL, '27-08-2021', '09:00', '13:30', 0.5, 4, NULL, '2021-08-31 03:17:57', NULL, NULL, NULL, NULL, NULL, 17),
(151, '2021-08-26 22:14:01.176472', '2021-08-31 01:36:16.000000', NULL, '24-08-2021', '10:00', '10:30', 0, 0.5, NULL, '2021-08-31 05:36:16', NULL, NULL, NULL, NULL, NULL, 8),
(152, '2021-08-26 22:14:42.160721', '2021-08-31 01:36:20.000000', NULL, '24-08-2021', '07:30', '16:00', 1, 7.5, NULL, '2021-08-31 05:36:20', NULL, NULL, NULL, NULL, NULL, 14),
(153, '2021-08-26 22:15:08.839865', '2021-08-31 01:36:20.000000', NULL, '23-08-2021', '07:30', '16:00', 0.5, 8, NULL, '2021-08-31 05:36:20', NULL, NULL, NULL, NULL, NULL, 14),
(154, '2021-08-26 22:15:36.969416', '2021-08-31 01:36:16.000000', NULL, '26-08-2021', '10:00', '11:00', 0, 1, NULL, '2021-08-31 05:36:16', NULL, NULL, NULL, NULL, NULL, 8),
(155, '2021-08-26 22:15:59.949129', '2021-08-31 01:36:20.000000', NULL, '26-08-2021', '07:30', '16:00', 1, 7.5, NULL, '2021-08-31 05:36:20', NULL, NULL, NULL, NULL, NULL, 14),
(156, '2021-08-26 22:17:49.042417', '2021-08-31 01:36:21.000000', NULL, '27-08-2021', '07:30', '16:00', 0.5, 8, NULL, '2021-08-31 05:36:20', NULL, NULL, NULL, NULL, NULL, 14),
(157, '2021-08-26 22:18:06.209037', '2021-08-31 01:36:21.000000', NULL, '25-08-2021', '07:30', '16:00', 0.5, 8, NULL, '2021-08-31 05:36:20', NULL, NULL, NULL, NULL, NULL, 14),
(158, '2021-08-27 02:15:34.054434', '2021-08-27 02:16:21.000000', NULL, '23-08-2021', '08:30', '17:00', 1, 7.5, NULL, NULL, NULL, NULL, NULL, NULL, NULL, 20),
(159, '2021-08-27 02:16:45.618311', '2021-08-27 02:16:45.618311', NULL, '24-08-2021', '08:30', '17:15', 0.75, 8, NULL, NULL, NULL, NULL, NULL, NULL, NULL, 20),
(160, '2021-08-27 02:17:13.846667', '2021-08-27 02:17:13.846667', NULL, '25-08-2021', '08:30', '17:00', 0.75, 7.75, NULL, NULL, NULL, NULL, NULL, NULL, NULL, 20),
(161, '2021-08-27 02:17:37.628164', '2021-08-27 02:17:37.628164', NULL, '26-08-2021', '09:00', '17:30', 0.75, 7.75, NULL, NULL, NULL, NULL, NULL, NULL, NULL, 20),
(162, '2021-08-27 02:19:31.053802', '2021-08-27 02:19:31.053802', NULL, '27-08-2021', '08:30', '16:30', 0.75, 7.25, NULL, NULL, NULL, NULL, NULL, NULL, NULL, 20),
(163, '2021-08-29 19:05:11.684222', '2021-09-01 19:13:20.000000', NULL, '02-08-2021', '07:30', '17:00', 0.5, 9, NULL, '2021-09-01 23:13:20', NULL, NULL, NULL, NULL, NULL, 23),
(164, '2021-08-29 19:13:04.776599', '2021-09-01 19:13:20.000000', NULL, '03-08-2021', '07:30', '17:00', 0.5, 9, NULL, '2021-09-01 23:13:20', NULL, NULL, NULL, NULL, NULL, 23),
(165, '2021-08-30 22:54:32.244469', '2021-08-30 23:17:58.000000', NULL, '31-08-2021', '09:00', '15:00', 0.5, 5.5, NULL, '2021-08-31 03:17:57', NULL, NULL, NULL, NULL, NULL, 17),
(166, '2021-08-31 00:35:42.492885', '2021-08-31 00:37:09.000000', NULL, '31-08-2021', '14:35', '14:35', 0, 0, NULL, '2021-08-31 04:36:58', '2021-08-31', NULL, NULL, NULL, NULL, 19),
(167, '2021-08-31 00:36:19.770790', '2021-08-31 00:37:09.000000', NULL, '26-08-2021', '10:00', '11:00', 0, 1, NULL, '2021-08-31 04:36:58', '2021-08-31', NULL, NULL, NULL, NULL, 19),
(168, '2021-08-31 01:32:43.266089', '2021-08-31 01:36:16.000000', NULL, '30-08-2021', '13:30', '16:00', 0, 2.5, NULL, '2021-08-31 05:36:16', NULL, NULL, NULL, NULL, NULL, 8),
(169, '2021-08-31 01:33:01.867536', '2021-08-31 01:36:21.000000', NULL, '30-08-2021', '07:30', '16:00', 3, 5.5, NULL, '2021-08-31 05:36:20', NULL, NULL, NULL, NULL, NULL, 14),
(170, '2021-08-31 01:33:33.914733', '2021-08-31 01:36:21.000000', NULL, '31-08-2021', '07:30', '16:00', 0.5, 8, NULL, '2021-08-31 05:36:20', NULL, NULL, NULL, NULL, NULL, 14),
(171, '2021-08-31 18:01:16.763516', '2021-09-01 19:13:20.000000', NULL, '04-08-2021', '07:30', '17:00', 0.5, 9, NULL, '2021-09-01 23:13:20', NULL, NULL, NULL, NULL, NULL, 23),
(172, '2021-08-31 21:34:06.820002', '2021-09-01 19:13:20.000000', NULL, '05-08-2021', '07:30', '17:00', 0.5, 9, NULL, '2021-09-01 23:13:20', NULL, NULL, NULL, NULL, NULL, 23),
(173, '2021-08-31 21:34:54.477171', '2021-09-01 19:13:21.000000', NULL, '06-08-2021', '08:00', '12:00', 0, 4, NULL, '2021-09-01 23:13:20', NULL, NULL, NULL, NULL, NULL, 23),
(174, '2021-08-31 21:37:03.361297', '2021-09-01 19:13:21.000000', NULL, '09-08-2021', '08:00', '17:30', 0.5, 9, NULL, '2021-09-01 23:13:20', NULL, NULL, NULL, NULL, NULL, 23),
(175, '2021-08-31 21:37:48.184422', '2021-09-01 19:13:21.000000', NULL, '10-08-2021', '08:00', '17:30', 0.5, 9, NULL, '2021-09-01 23:13:20', NULL, NULL, NULL, NULL, NULL, 23),
(176, '2021-08-31 21:39:03.071267', '2021-09-01 19:13:21.000000', NULL, '11-08-2021', '07:30', '17:00', 0.5, 9, NULL, '2021-09-01 23:13:20', NULL, NULL, NULL, NULL, NULL, 23),
(177, '2021-08-31 21:40:08.730166', '2021-09-01 19:13:21.000000', NULL, '12-08-2021', '07:30', '14:00', 0.5, 6, NULL, '2021-09-01 23:13:20', NULL, NULL, NULL, NULL, NULL, 23),
(178, '2021-08-31 21:41:35.251342', '2021-09-01 19:13:21.000000', NULL, '13-08-2021', '08:00', '15:00', 0, 7, NULL, '2021-09-01 23:13:20', NULL, NULL, NULL, NULL, NULL, 23),
(179, '2021-08-31 22:08:54.448071', '2021-09-01 19:13:21.000000', NULL, '16-08-2021', '07:30', '17:00', 0.5, 9, NULL, '2021-09-01 23:13:20', NULL, NULL, NULL, NULL, NULL, 23),
(180, '2021-08-31 22:09:31.667663', '2021-09-01 19:13:21.000000', NULL, '17-08-2021', '07:30', '17:00', 0.5, 9, NULL, '2021-09-01 23:13:20', NULL, NULL, NULL, NULL, NULL, 23),
(181, '2021-08-31 22:09:55.646240', '2021-09-01 19:13:21.000000', NULL, '18-08-2021', '07:30', '17:00', 0.5, 9, NULL, '2021-09-01 23:13:20', NULL, NULL, NULL, NULL, NULL, 23),
(182, '2021-08-31 22:10:19.125860', '2021-09-01 19:13:21.000000', NULL, '19-08-2021', '07:30', '17:00', 0.5, 9, NULL, '2021-09-01 23:13:20', NULL, NULL, NULL, NULL, NULL, 23),
(183, '2021-08-31 22:11:18.796679', '2021-09-01 19:13:21.000000', NULL, '20-08-2021', '08:00', '12:00', 0, 4, NULL, '2021-09-01 23:13:20', NULL, NULL, NULL, NULL, NULL, 23),
(184, '2021-08-31 22:14:59.192053', '2021-09-01 19:13:21.000000', NULL, '23-08-2021', '07:30', '17:00', 0.5, 9, NULL, '2021-09-01 23:13:20', NULL, NULL, NULL, NULL, NULL, 23),
(185, '2021-08-31 22:18:36.272182', '2021-09-01 19:13:21.000000', NULL, '24-08-2021', '07:30', '17:00', 0.5, 9, NULL, '2021-09-01 23:13:20', NULL, NULL, NULL, NULL, NULL, 23),
(186, '2021-08-31 22:19:04.917253', '2021-09-01 19:13:21.000000', NULL, '25-08-2021', '07:30', '17:00', 0.5, 9, NULL, '2021-09-01 23:13:20', NULL, NULL, NULL, NULL, NULL, 23),
(187, '2021-08-31 22:19:29.476805', '2021-09-01 19:13:21.000000', NULL, '26-08-2021', '07:30', '17:00', 0.5, 9, NULL, '2021-09-01 23:13:20', NULL, NULL, NULL, NULL, NULL, 23),
(188, '2021-08-31 22:19:43.375751', '2021-09-01 19:13:21.000000', NULL, '27-08-2021', '08:00', '12:00', 0, 4, NULL, '2021-09-01 23:13:20', NULL, NULL, NULL, NULL, NULL, 23),
(189, '2021-08-31 22:20:07.566457', '2021-09-01 19:13:21.000000', NULL, '30-08-2021', '07:30', '17:00', 0.5, 9, NULL, '2021-09-01 23:13:20', NULL, NULL, NULL, NULL, NULL, 23),
(190, '2021-08-31 22:20:25.582465', '2021-09-01 19:13:21.000000', NULL, '31-08-2021', '07:30', '17:00', 0.5, 9, NULL, '2021-09-01 23:13:20', NULL, NULL, NULL, NULL, NULL, 23),
(191, '2021-09-02 20:05:20.929446', '2021-10-04 23:56:16.000000', NULL, '03-09-2021', '11:30', '12:00', 0, 0.5, NULL, '2021-09-30 23:02:42', '2021-10-05', NULL, NULL, NULL, NULL, 24),
(192, '2021-09-02 20:05:48.595139', '2021-10-04 23:55:55.000000', NULL, '01-09-2021', '07:30', '16:00', 0.5, 8, NULL, '2021-09-30 23:02:44', '2021-10-05', NULL, NULL, NULL, NULL, 25),
(193, '2021-09-02 20:06:08.846546', '2021-10-04 23:55:55.000000', NULL, '02-09-2021', '07:30', '16:00', 0.5, 8, NULL, '2021-09-30 23:02:44', '2021-10-05', NULL, NULL, NULL, NULL, 25),
(194, '2021-09-02 20:07:02.302281', '2021-10-04 23:55:55.000000', NULL, '03-09-2021', '07:30', '16:00', 1, 7.5, NULL, '2021-09-30 23:02:44', '2021-10-05', NULL, NULL, NULL, NULL, 25),
(195, '2021-09-06 00:56:19.253245', '2021-09-30 22:36:26.000000', NULL, '01-09-2021', '10:00', '15:00', 0, 5, NULL, '2021-10-01 02:36:26', NULL, NULL, NULL, NULL, NULL, 26),
(196, '2021-09-06 00:58:07.355143', '2021-09-30 22:36:26.000000', NULL, '02-09-2021', '09:00', '15:30', 0.5, 6, NULL, '2021-10-01 02:36:26', NULL, NULL, NULL, NULL, NULL, 26),
(197, '2021-09-06 00:59:29.588553', '2021-09-30 22:36:26.000000', NULL, '03-09-2021', '11:30', '16:30', 0, 5, NULL, '2021-10-01 02:36:26', NULL, NULL, NULL, NULL, NULL, 26),
(198, '2021-09-08 23:39:44.319413', '2021-10-04 23:55:26.000000', NULL, '01-09-2021', '08:00', '17:00', 1, 8, NULL, '2021-09-30 10:24:06', '2021-10-05', NULL, NULL, NULL, NULL, 27),
(199, '2021-09-08 23:40:11.024962', '2021-10-04 23:55:26.000000', NULL, '02-09-2021', '08:00', '16:00', 0.5, 7.5, NULL, '2021-09-30 10:24:06', '2021-10-05', NULL, NULL, NULL, NULL, 27),
(200, '2021-09-08 23:40:51.605245', '2021-10-04 23:55:26.000000', NULL, '06-09-2021', '08:00', '16:30', 1, 7.5, NULL, '2021-09-30 10:24:06', '2021-10-05', NULL, NULL, NULL, NULL, 27),
(201, '2021-09-08 23:44:13.984376', '2021-10-04 23:55:26.000000', NULL, '07-09-2021', '08:00', '16:00', 0.5, 7.5, NULL, '2021-09-30 10:24:06', '2021-10-05', NULL, NULL, NULL, NULL, 27),
(202, '2021-09-08 23:45:08.899183', '2021-10-04 23:55:26.000000', NULL, '08-09-2021', '08:00', '16:00', 2, 6, '1LM meeting in afternoon', '2021-09-30 10:24:06', '2021-10-05', NULL, NULL, NULL, NULL, 27),
(203, '2021-09-08 23:45:35.487595', '2021-10-04 23:55:26.000000', NULL, '09-09-2021', '08:00', '16:30', 0.5, 8, NULL, '2021-09-30 10:24:06', '2021-10-05', NULL, NULL, NULL, NULL, 27),
(204, '2021-09-13 01:08:36.156189', '2021-10-04 23:56:16.000000', NULL, '06-09-2021', '15:00', '16:30', 0, 1.5, NULL, '2021-09-30 23:02:42', '2021-10-05', NULL, NULL, NULL, NULL, 24),
(205, '2021-09-13 01:09:53.710057', '2021-10-04 23:56:16.000000', NULL, '07-09-2021', '14:00', '15:00', 0, 1, NULL, '2021-09-30 23:02:42', '2021-10-05', NULL, NULL, NULL, NULL, 24),
(206, '2021-09-13 01:10:27.364425', '2021-10-04 23:56:16.000000', NULL, '08-09-2021', '15:30', '16:30', 0, 1, NULL, '2021-09-30 23:02:42', '2021-10-05', NULL, NULL, NULL, NULL, 24),
(207, '2021-09-13 01:10:49.019639', '2021-10-04 23:56:16.000000', NULL, '09-09-2021', '10:00', '10:30', 0, 0.5, NULL, '2021-09-30 23:02:42', '2021-10-05', NULL, NULL, NULL, NULL, 24),
(208, '2021-09-13 01:11:15.125646', '2021-10-04 23:55:55.000000', NULL, '06-09-2021', '07:30', '16:00', 1.5, 7, NULL, '2021-09-30 23:02:44', '2021-10-05', NULL, NULL, NULL, NULL, 25),
(209, '2021-09-13 01:11:39.034383', '2021-10-04 23:55:55.000000', NULL, '07-09-2021', '07:30', '16:00', 1.5, 7, NULL, '2021-09-30 23:02:44', '2021-10-05', NULL, NULL, NULL, NULL, 25),
(210, '2021-09-13 01:12:04.199282', '2021-10-04 23:55:55.000000', NULL, '08-09-2021', '07:30', '16:00', 1, 7.5, NULL, '2021-09-30 23:02:44', '2021-10-05', NULL, NULL, NULL, NULL, 25),
(211, '2021-09-13 01:12:26.869361', '2021-10-04 23:55:55.000000', NULL, '09-09-2021', '07:30', '16:00', 1, 7.5, NULL, '2021-09-30 23:02:44', '2021-10-05', NULL, NULL, NULL, NULL, 25),
(212, '2021-09-13 19:04:51.363463', '2021-09-13 19:04:51.363463', NULL, '01-09-2021', '08:00', '17:00', 0, 9, NULL, NULL, NULL, NULL, NULL, NULL, NULL, 29),
(213, '2021-09-13 23:51:39.260780', '2021-10-04 23:54:32.000000', NULL, '01-09-2021', '08:30', '17:15', 0.5, 8.25, NULL, '2021-10-01 05:51:03', '2021-10-05', NULL, NULL, NULL, NULL, 30),
(214, '2021-09-13 23:52:01.932688', '2021-10-04 23:54:32.000000', NULL, '02-09-2021', '08:30', '17:15', 0.5, 8.25, NULL, '2021-10-01 05:51:03', '2021-10-05', NULL, NULL, NULL, NULL, 30),
(215, '2021-09-13 23:53:16.129851', '2021-10-04 23:54:33.000000', NULL, '03-09-2021', '08:45', '16:30', 0.5, 7.25, NULL, '2021-10-01 05:51:03', '2021-10-05', NULL, NULL, NULL, NULL, 30),
(216, '2021-09-13 23:55:58.079194', '2021-10-04 23:54:33.000000', NULL, '06-09-2021', '08:45', '17:00', 0.5, 7.75, NULL, '2021-10-01 05:51:03', '2021-10-05', NULL, NULL, NULL, NULL, 30),
(217, '2021-09-19 19:20:05.495311', '2021-10-04 23:54:33.000000', NULL, '17-09-2021', '09:00', '16:30', 0.5, 7, NULL, '2021-10-01 05:51:03', '2021-10-05', NULL, NULL, NULL, NULL, 30),
(218, '2021-09-19 19:21:15.310653', '2021-10-04 23:54:33.000000', NULL, '16-09-2021', '09:00', '17:00', 0.5, 7.5, NULL, '2021-10-01 05:51:03', '2021-10-05', NULL, NULL, NULL, NULL, 30),
(219, '2021-09-19 19:21:43.287709', '2021-10-04 23:54:33.000000', NULL, '15-09-2021', '08:45', '17:30', 0.5, 8.25, NULL, '2021-10-01 05:51:03', '2021-10-05', NULL, NULL, NULL, NULL, 30),
(220, '2021-09-19 19:22:49.590037', '2021-10-04 23:54:33.000000', NULL, '14-09-2021', '08:45', '17:15', 0.5, 8, NULL, '2021-10-01 05:51:03', '2021-10-05', NULL, NULL, NULL, NULL, 30),
(221, '2021-09-19 19:23:29.739280', '2021-10-04 23:54:33.000000', NULL, '13-09-2021', '08:45', '17:00', 0.5, 7.75, NULL, '2021-10-01 05:51:03', '2021-10-05', NULL, NULL, NULL, NULL, 30),
(222, '2021-09-19 19:24:14.055522', '2021-10-04 23:54:33.000000', NULL, '07-09-2021', '08:45', '17:15', 0.5, 8, NULL, '2021-10-01 05:51:03', '2021-10-05', NULL, NULL, NULL, NULL, 30),
(223, '2021-09-19 19:25:32.271327', '2021-10-04 23:54:33.000000', NULL, '08-09-2021', '09:00', '17:30', 0.5, 8, NULL, '2021-10-01 05:51:03', '2021-10-05', NULL, NULL, NULL, NULL, 30),
(224, '2021-09-19 19:26:01.091903', '2021-10-04 23:54:33.000000', NULL, '09-09-2021', '08:45', '17:15', 0.5, 8, NULL, '2021-10-01 05:51:03', '2021-10-05', NULL, NULL, NULL, NULL, 30),
(225, '2021-09-19 19:26:34.991147', '2021-10-04 23:54:33.000000', NULL, '10-09-2021', '08:45', '16:45', 0.5, 7.5, NULL, '2021-10-01 05:51:03', '2021-10-05', NULL, NULL, NULL, NULL, 30),
(226, '2021-09-20 21:49:25.556377', '2021-10-04 23:55:26.000000', NULL, '13-09-2021', '08:00', '16:00', 0.5, 7.5, NULL, '2021-09-30 10:24:06', '2021-10-05', NULL, NULL, NULL, NULL, 27),
(227, '2021-09-20 21:49:54.262969', '2021-10-04 23:55:26.000000', NULL, '14-09-2021', '08:00', '16:00', 4, 4, NULL, '2021-09-30 10:24:06', '2021-10-05', NULL, NULL, NULL, NULL, 27),
(228, '2021-09-20 21:51:06.926732', '2021-10-04 23:55:26.000000', NULL, '15-09-2021', '08:00', '16:00', 2, 6, NULL, '2021-09-30 10:24:06', '2021-10-05', NULL, NULL, NULL, NULL, 27),
(229, '2021-09-20 21:51:39.419721', '2021-10-04 23:55:26.000000', NULL, '16-09-2021', '08:00', '16:00', 4, 4, NULL, '2021-09-30 10:24:06', '2021-10-05', NULL, NULL, NULL, NULL, 27),
(230, '2021-09-20 21:52:01.645835', '2021-10-04 23:55:26.000000', NULL, '20-09-2021', '08:00', '16:00', 0.5, 7.5, NULL, '2021-09-30 10:24:06', '2021-10-05', NULL, NULL, NULL, NULL, 27),
(231, '2021-09-22 00:08:21.001053', '2021-09-30 22:36:26.000000', NULL, '06-09-2021', '11:30', '17:00', 0, 5.5, NULL, '2021-10-01 02:36:26', NULL, NULL, NULL, NULL, NULL, 26),
(232, '2021-09-22 00:08:51.915118', '2021-09-30 22:36:26.000000', NULL, '07-09-2021', '10:00', '15:00', 0.5, 4.5, NULL, '2021-10-01 02:36:26', NULL, NULL, NULL, NULL, NULL, 26),
(233, '2021-09-22 00:09:31.587766', '2021-09-30 22:36:26.000000', NULL, '08-09-2021', '09:00', '15:30', 0.5, 6, NULL, '2021-10-01 02:36:26', NULL, NULL, NULL, NULL, NULL, 26),
(234, '2021-09-22 00:10:08.868772', '2021-09-30 22:36:26.000000', NULL, '09-09-2021', '09:00', '17:20', 1.5, 6.83333, NULL, '2021-10-01 02:36:26', NULL, NULL, NULL, NULL, NULL, 26),
(235, '2021-09-22 00:10:30.696763', '2021-09-30 22:36:26.000000', NULL, '10-09-2021', '10:00', '14:00', 0, 4, NULL, '2021-10-01 02:36:26', NULL, NULL, NULL, NULL, NULL, 26),
(236, '2021-09-22 00:20:27.408574', '2021-09-30 22:36:26.000000', NULL, '13-09-2021', '12:00', '17:00', 0, 5, NULL, '2021-10-01 02:36:26', NULL, NULL, NULL, NULL, NULL, 26),
(237, '2021-09-22 00:21:27.743906', '2021-09-30 22:36:26.000000', NULL, '14-09-2021', '08:25', '16:30', 0.5, 7.58333, NULL, '2021-10-01 02:36:26', NULL, NULL, NULL, NULL, NULL, 26),
(238, '2021-09-22 00:22:02.576690', '2021-09-30 22:36:27.000000', NULL, '15-09-2021', '08:25', '18:30', 1, 9.08333, NULL, '2021-10-01 02:36:26', NULL, NULL, NULL, NULL, NULL, 26),
(239, '2021-09-22 01:52:19.789991', '2021-10-04 23:55:55.000000', NULL, '13-09-2021', '07:30', '16:00', 0.5, 8, NULL, '2021-09-30 23:02:44', '2021-10-05', NULL, NULL, NULL, NULL, 25),
(240, '2021-09-22 01:52:57.171617', '2021-10-04 23:55:55.000000', NULL, '14-09-2021', '07:30', '16:00', 1.5, 7, NULL, '2021-09-30 23:02:44', '2021-10-05', NULL, NULL, NULL, NULL, 25),
(241, '2021-09-22 01:53:18.311635', '2021-10-04 23:55:55.000000', NULL, '15-09-2021', '07:30', '16:00', 0.5, 8, NULL, '2021-09-30 23:02:44', '2021-10-05', NULL, NULL, NULL, NULL, 25),
(242, '2021-09-22 01:53:35.413530', '2021-10-04 23:55:55.000000', NULL, '16-09-2021', '07:30', '16:00', 0.5, 8, NULL, '2021-09-30 23:02:44', '2021-10-05', NULL, NULL, NULL, NULL, 25),
(243, '2021-09-22 01:53:57.176739', '2021-10-04 23:55:55.000000', NULL, '17-09-2021', '07:30', '16:00', 0.5, 8, NULL, '2021-09-30 23:02:44', '2021-10-05', NULL, NULL, NULL, NULL, 25),
(244, '2021-09-22 01:54:48.431551', '2021-10-04 23:56:16.000000', NULL, '14-09-2021', '16:00', '17:00', 0, 1, NULL, '2021-09-30 23:02:42', '2021-10-05', NULL, NULL, NULL, NULL, 24),
(245, '2021-09-22 01:55:26.537085', '2021-10-04 23:56:16.000000', NULL, '20-09-2021', '09:00', '10:00', 0, 1, NULL, '2021-09-30 23:02:42', '2021-10-05', NULL, NULL, NULL, NULL, 24),
(246, '2021-09-22 01:56:10.413386', '2021-10-04 23:55:55.000000', NULL, '20-09-2021', '07:30', '16:30', 1, 8, NULL, '2021-09-30 23:02:44', '2021-10-05', NULL, NULL, NULL, NULL, 25),
(247, '2021-09-23 01:59:13.703617', '2021-10-04 23:55:26.000000', NULL, '21-09-2021', '08:00', '16:00', 0.5, 7.5, NULL, '2021-09-30 10:24:06', '2021-10-05', NULL, NULL, NULL, NULL, 27),
(248, '2021-09-23 02:00:29.376199', '2021-10-04 23:55:26.000000', NULL, '22-09-2021', '08:00', '16:30', 0.5, 8, NULL, '2021-09-30 10:24:06', '2021-10-05', NULL, NULL, NULL, NULL, 27),
(249, '2021-09-23 02:02:23.551381', '2021-10-04 23:55:26.000000', NULL, '23-09-2021', '08:30', '16:30', 1, 7, NULL, '2021-09-30 10:24:06', '2021-10-05', NULL, NULL, NULL, NULL, 27),
(250, '2021-09-24 01:44:05.066201', '2021-10-04 23:55:55.000000', NULL, '21-09-2021', '07:30', '16:00', 0.5, 8, NULL, '2021-09-30 23:02:44', '2021-10-05', NULL, NULL, NULL, NULL, 25),
(251, '2021-09-24 01:44:22.295387', '2021-10-04 23:55:55.000000', NULL, '22-09-2021', '07:30', '16:00', 0.5, 8, NULL, '2021-09-30 23:02:44', '2021-10-05', NULL, NULL, NULL, NULL, 25),
(252, '2021-09-24 01:44:40.520882', '2021-10-04 23:55:56.000000', NULL, '23-09-2021', '07:30', '16:00', 0.5, 8, NULL, '2021-09-30 23:02:44', '2021-10-05', NULL, NULL, NULL, NULL, 25),
(253, '2021-09-24 01:45:00.819010', '2021-10-04 23:56:16.000000', NULL, '23-09-2021', '10:30', '11:00', 0, 0.5, NULL, '2021-09-30 23:02:42', '2021-10-05', NULL, NULL, NULL, NULL, 24),
(254, '2021-09-24 01:45:20.771356', '2021-10-04 23:55:56.000000', NULL, '24-09-2021', '07:30', '16:00', 0.5, 8, NULL, '2021-09-30 23:02:44', '2021-10-05', NULL, NULL, NULL, NULL, 25),
(255, '2021-09-26 05:16:30.681978', '2021-09-26 05:16:30.681978', NULL, '01-09-2021', '09:00', '17:00', 1, 7, 'Finance', NULL, NULL, NULL, NULL, NULL, NULL, 31),
(256, '2021-09-27 18:00:17.393532', '2021-10-04 23:54:01.000000', NULL, '01-09-2021', '07:30', '17:30', 0.5, 9.5, NULL, '2021-09-30 00:47:00', '2021-10-05', NULL, NULL, NULL, NULL, 36),
(257, '2021-09-27 18:00:59.943629', '2021-10-04 23:54:01.000000', NULL, '02-09-2021', '07:30', '17:30', 0.5, 9.5, NULL, '2021-09-30 00:47:00', '2021-10-05', NULL, NULL, NULL, NULL, 36),
(258, '2021-09-27 18:02:12.925708', '2021-10-04 23:54:01.000000', NULL, '03-09-2021', '08:00', '12:00', 0, 4, NULL, '2021-09-30 00:47:00', '2021-10-05', NULL, NULL, NULL, NULL, 36),
(259, '2021-09-27 18:04:48.716355', '2021-10-04 23:54:01.000000', NULL, '06-09-2021', '07:30', '17:30', 0.5, 9.5, NULL, '2021-09-30 00:47:00', '2021-10-05', NULL, NULL, NULL, NULL, 36),
(260, '2021-09-27 18:05:25.933832', '2021-10-04 23:54:01.000000', NULL, '07-09-2021', '08:00', '17:30', 0.5, 9, NULL, '2021-09-30 00:47:00', '2021-10-05', NULL, NULL, NULL, NULL, 36),
(261, '2021-09-27 18:12:18.270801', '2021-10-04 23:54:01.000000', NULL, '08-09-2021', '07:30', '17:30', 0.5, 9.5, NULL, '2021-09-30 00:47:00', '2021-10-05', NULL, NULL, NULL, NULL, 36),
(262, '2021-09-27 18:12:40.783622', '2021-10-04 23:54:01.000000', NULL, '09-09-2021', '07:30', '17:30', 0.5, 9.5, NULL, '2021-09-30 00:47:00', '2021-10-05', NULL, NULL, NULL, NULL, 36),
(263, '2021-09-27 18:14:59.895263', '2021-10-04 23:54:01.000000', NULL, '10-09-2021', '08:00', '10:30', 0, 2.5, NULL, '2021-09-30 00:47:00', '2021-10-05', NULL, NULL, NULL, NULL, 36),
(264, '2021-09-27 18:15:40.933381', '2021-10-04 23:54:01.000000', NULL, '13-09-2021', '07:30', '17:30', 0.5, 9.5, NULL, '2021-09-30 00:47:00', '2021-10-05', NULL, NULL, NULL, NULL, 36),
(265, '2021-09-27 18:31:48.474815', '2021-09-27 18:31:48.474815', NULL, '02-09-2021', '09:00', '17:00', 0, 8, NULL, NULL, NULL, NULL, NULL, NULL, NULL, 31),
(266, '2021-09-27 18:32:29.023991', '2021-10-04 23:54:01.000000', NULL, '14-09-2021', '07:30', '17:00', 0.5, 9, NULL, '2021-09-30 00:47:00', '2021-10-05', NULL, NULL, NULL, NULL, 36),
(267, '2021-09-27 18:32:33.688756', '2021-09-27 18:32:33.688756', NULL, '03-09-2021', '07:00', '09:00', 0, 2, NULL, NULL, NULL, NULL, NULL, NULL, NULL, 31),
(268, '2021-09-27 18:32:48.719107', '2021-10-04 23:54:01.000000', NULL, '15-09-2021', '07:30', '17:00', 0.5, 9, NULL, '2021-09-30 00:47:00', '2021-10-05', NULL, NULL, NULL, NULL, 36),
(269, '2021-09-27 18:33:07.291328', '2021-10-04 23:54:02.000000', NULL, '16-09-2021', '07:30', '17:00', 0.5, 9, NULL, '2021-09-30 00:47:00', '2021-10-05', NULL, NULL, NULL, NULL, 36),
(270, '2021-09-27 18:33:31.918250', '2021-10-04 23:54:02.000000', NULL, '17-09-2021', '08:30', '11:30', 0, 3, NULL, '2021-09-30 00:47:00', '2021-10-05', NULL, NULL, NULL, NULL, 36),
(271, '2021-09-27 18:33:34.305253', '2021-09-27 18:33:34.305253', NULL, '04-09-2021', '07:00', '17:00', 1, 9, NULL, NULL, NULL, NULL, NULL, NULL, NULL, 31),
(272, '2021-09-27 18:35:12.274840', '2021-10-04 23:54:02.000000', NULL, '20-09-2021', '07:30', '17:30', 1, 9, NULL, '2021-09-30 00:47:00', '2021-10-05', NULL, NULL, NULL, NULL, 36),
(273, '2021-09-27 18:35:29.396108', '2021-10-04 23:54:02.000000', NULL, '21-09-2021', '07:30', '17:00', 0.5, 9, NULL, '2021-09-30 00:47:00', '2021-10-05', NULL, NULL, NULL, NULL, 36),
(274, '2021-09-27 18:35:45.158462', '2021-10-04 23:54:02.000000', NULL, '22-09-2021', '07:30', '17:30', 0.5, 9.5, NULL, '2021-09-30 00:47:00', '2021-10-05', NULL, NULL, NULL, NULL, 36),
(275, '2021-09-27 18:36:08.058402', '2021-10-04 23:54:02.000000', NULL, '23-09-2021', '07:30', '16:30', 1, 8, NULL, '2021-09-30 00:47:00', '2021-10-05', NULL, NULL, NULL, NULL, 36),
(276, '2021-09-27 18:36:41.550869', '2021-10-04 23:54:02.000000', NULL, '24-09-2021', '07:30', '11:00', 0, 3.5, NULL, '2021-09-30 00:47:00', '2021-10-05', NULL, NULL, NULL, NULL, 36),
(277, '2021-09-27 18:37:19.978710', '2021-10-04 23:54:02.000000', NULL, '27-09-2021', '07:30', '17:30', 0.5, 9.5, NULL, '2021-09-30 00:47:00', '2021-10-05', NULL, NULL, NULL, NULL, 36),
(278, '2021-09-27 18:37:40.343190', '2021-10-04 23:54:02.000000', NULL, '28-09-2021', '07:30', '17:30', 0.5, 9.5, NULL, '2021-09-30 00:47:00', '2021-10-05', NULL, NULL, NULL, NULL, 36),
(279, '2021-09-28 20:02:46.063853', '2021-09-28 20:02:46.063853', NULL, '02-09-2021', '07:05', '11:06', 1, 3.01667, NULL, NULL, NULL, NULL, NULL, NULL, NULL, 29),
(280, '2021-09-28 21:59:34.760006', '2021-09-29 01:15:21.000000', NULL, '01-09-2021', '09:00', '17:00', 0, 8, NULL, '2021-09-29 02:10:27', '2021-09-29', NULL, NULL, NULL, NULL, 37),
(281, '2021-09-28 21:59:57.490710', '2021-09-29 01:15:21.000000', NULL, '02-09-2021', '09:00', '17:00', 0, 8, NULL, '2021-09-29 02:10:27', '2021-09-29', NULL, NULL, NULL, NULL, 37),
(282, '2021-09-28 22:00:15.221149', '2021-09-29 01:15:21.000000', NULL, '03-09-2021', '09:00', '17:00', 0, 8, NULL, '2021-09-29 02:10:27', '2021-09-29', NULL, NULL, NULL, NULL, 37),
(283, '2021-09-28 22:00:41.575518', '2021-09-29 01:15:21.000000', NULL, '06-09-2021', '09:00', '17:00', 0, 8, NULL, '2021-09-29 02:10:27', '2021-09-29', NULL, NULL, NULL, NULL, 37),
(284, '2021-09-28 22:01:05.427630', '2021-09-29 01:15:21.000000', NULL, '07-09-2021', '09:00', '17:00', 0, 8, NULL, '2021-09-29 02:10:27', '2021-09-29', NULL, NULL, NULL, NULL, 37),
(285, '2021-09-28 22:01:34.289707', '2021-09-29 01:15:21.000000', NULL, '08-09-2021', '09:00', '17:00', 0, 8, NULL, '2021-09-29 02:10:27', '2021-09-29', NULL, NULL, NULL, NULL, 37),
(286, '2021-09-28 22:01:51.639314', '2021-09-29 01:15:21.000000', NULL, '09-09-2021', '09:00', '17:00', 0, 8, NULL, '2021-09-29 02:10:27', '2021-09-29', NULL, NULL, NULL, NULL, 37);
INSERT INTO `timesheet_entries` (`id`, `created_at`, `updated_at`, `deleted_at`, `date`, `start_time`, `end_time`, `break_hours`, `actual_hours`, `notes`, `submitted_at`, `approved_at`, `rejected_at`, `submitted_by`, `approved_by`, `rejected_by`, `milestone_entry_id`) VALUES
(287, '2021-09-28 22:02:09.698216', '2021-09-29 01:15:21.000000', NULL, '10-09-2021', '09:00', '17:00', 0, 8, NULL, '2021-09-29 02:10:27', '2021-09-29', NULL, NULL, NULL, NULL, 37),
(288, '2021-09-28 22:03:12.888084', '2021-09-29 01:15:21.000000', NULL, '13-09-2021', '09:00', '17:00', 0, 8, NULL, '2021-09-29 02:10:27', '2021-09-29', NULL, NULL, NULL, NULL, 37),
(289, '2021-09-28 22:03:31.281383', '2021-09-29 01:15:22.000000', NULL, '14-09-2021', '09:00', '17:00', 0, 8, NULL, '2021-09-29 02:10:27', '2021-09-29', NULL, NULL, NULL, NULL, 37),
(290, '2021-09-28 22:03:47.528259', '2021-09-29 01:15:22.000000', NULL, '15-09-2021', '09:00', '17:00', 0, 8, NULL, '2021-09-29 02:10:27', '2021-09-29', NULL, NULL, NULL, NULL, 37),
(291, '2021-09-28 22:04:06.138254', '2021-09-29 01:15:22.000000', NULL, '16-09-2021', '09:00', '17:00', 0, 8, NULL, '2021-09-29 02:10:27', '2021-09-29', NULL, NULL, NULL, NULL, 37),
(292, '2021-09-28 22:04:22.753851', '2021-09-29 01:15:22.000000', NULL, '17-09-2021', '09:00', '17:00', 0, 8, NULL, '2021-09-29 02:10:27', '2021-09-29', NULL, NULL, NULL, NULL, 37),
(293, '2021-09-28 22:04:47.483340', '2021-09-29 01:15:22.000000', NULL, '20-09-2021', '09:00', '17:00', 0, 8, NULL, '2021-09-29 02:10:27', '2021-09-29', NULL, NULL, NULL, NULL, 37),
(294, '2021-09-28 22:06:11.893063', '2021-09-29 01:15:22.000000', NULL, '21-09-2021', '09:00', '17:00', 0, 8, NULL, '2021-09-29 02:10:27', '2021-09-29', NULL, NULL, NULL, NULL, 37),
(295, '2021-09-28 22:06:30.926187', '2021-09-29 01:15:22.000000', NULL, '22-09-2021', '09:00', '17:00', 0, 8, NULL, '2021-09-29 02:10:27', '2021-09-29', NULL, NULL, NULL, NULL, 37),
(296, '2021-09-28 22:06:45.154961', '2021-09-29 01:15:22.000000', NULL, '23-09-2021', '09:00', '17:00', 0, 8, NULL, '2021-09-29 02:10:27', '2021-09-29', NULL, NULL, NULL, NULL, 37),
(297, '2021-09-28 22:07:10.101407', '2021-09-29 01:15:22.000000', NULL, '24-09-2021', '09:00', '17:00', 0, 8, NULL, '2021-09-29 02:10:27', '2021-09-29', NULL, NULL, NULL, NULL, 37),
(298, '2021-09-28 22:07:32.652831', '2021-09-29 01:15:22.000000', NULL, '27-09-2021', '09:00', '17:00', 0, 8, NULL, '2021-09-29 02:10:27', '2021-09-29', NULL, NULL, NULL, NULL, 37),
(299, '2021-09-28 22:07:48.601749', '2021-09-29 01:15:22.000000', NULL, '28-09-2021', '09:00', '17:00', 0, 8, NULL, '2021-09-29 02:10:27', '2021-09-29', NULL, NULL, NULL, NULL, 37),
(300, '2021-09-28 22:08:16.002854', '2021-09-29 01:15:22.000000', NULL, '29-09-2021', '09:00', '17:00', 0, 8, NULL, '2021-09-29 02:10:27', '2021-09-29', NULL, NULL, NULL, NULL, 37),
(301, '2021-09-28 22:08:31.090827', '2021-09-29 01:15:22.000000', NULL, '30-09-2021', '09:00', '17:00', 0, 8, NULL, '2021-09-29 02:10:27', '2021-09-29', NULL, NULL, NULL, NULL, 37),
(302, '2021-09-28 22:09:35.831937', '2021-10-31 22:54:05.000000', NULL, '01-10-2021', '09:00', '17:00', 0, 8, NULL, '2021-11-01 02:54:04', NULL, NULL, NULL, NULL, NULL, 38),
(303, '2021-09-29 20:18:35.126039', '2021-10-04 23:54:02.000000', NULL, '29-09-2021', '07:30', '16:00', 0.5, 8, NULL, '2021-09-30 00:47:00', '2021-10-05', NULL, NULL, NULL, NULL, 36),
(304, '2021-09-29 20:19:11.592639', '2021-10-04 23:54:02.000000', NULL, '30-09-2021', '08:00', '15:00', 0.5, 6.5, NULL, '2021-09-30 00:47:00', '2021-10-05', NULL, NULL, NULL, NULL, 36),
(305, '2021-09-30 06:21:33.253397', '2021-10-04 23:55:26.000000', NULL, '28-09-2021', '08:00', '16:30', 1, 7.5, NULL, '2021-09-30 10:24:06', '2021-10-05', NULL, NULL, NULL, NULL, 27),
(306, '2021-09-30 06:22:47.635714', '2021-10-04 23:55:26.000000', NULL, '29-09-2021', '09:00', '17:00', 1.5, 6.5, NULL, '2021-09-30 10:24:06', '2021-10-05', NULL, NULL, NULL, NULL, 27),
(307, '2021-09-30 06:23:25.878812', '2021-10-04 23:55:26.000000', NULL, '30-09-2021', '08:30', '16:30', 0.5, 7.5, NULL, '2021-09-30 10:24:06', '2021-10-05', NULL, NULL, NULL, NULL, 27),
(308, '2021-09-30 19:00:53.450810', '2021-10-04 23:55:56.000000', NULL, '27-09-2021', '07:30', '16:00', 0.5, 8, NULL, '2021-09-30 23:02:44', '2021-10-05', NULL, NULL, NULL, NULL, 25),
(309, '2021-09-30 19:01:09.856387', '2021-10-04 23:55:56.000000', NULL, '28-09-2021', '07:30', '16:00', 0.5, 8, NULL, '2021-09-30 23:02:44', '2021-10-05', NULL, NULL, NULL, NULL, 25),
(310, '2021-09-30 19:01:27.211855', '2021-10-04 23:55:56.000000', NULL, '29-09-2021', '07:30', '16:00', 0.5, 8, NULL, '2021-09-30 23:02:44', '2021-10-05', NULL, NULL, NULL, NULL, 25),
(311, '2021-09-30 19:01:46.600085', '2021-10-04 23:55:56.000000', NULL, '30-09-2021', '07:30', '16:00', 0.5, 8, NULL, '2021-09-30 23:02:44', '2021-10-05', NULL, NULL, NULL, NULL, 25),
(312, '2021-09-30 19:02:06.287607', '2021-10-04 23:56:17.000000', NULL, '30-09-2021', '11:30', '12:00', 0, 0.5, NULL, '2021-09-30 23:02:42', '2021-10-05', NULL, NULL, NULL, NULL, 24),
(313, '2021-09-30 22:29:21.525220', '2021-09-30 22:36:27.000000', NULL, '16-09-2021', '09:00', '14:00', 0, 5, NULL, '2021-10-01 02:36:26', NULL, NULL, NULL, NULL, NULL, 26),
(314, '2021-09-30 22:29:40.611743', '2021-09-30 22:36:27.000000', NULL, '17-09-2021', '09:00', '15:00', 0.5, 5.5, NULL, '2021-10-01 02:36:26', NULL, NULL, NULL, NULL, NULL, 26),
(315, '2021-09-30 22:30:14.205278', '2021-09-30 22:36:27.000000', NULL, '20-09-2021', '09:00', '15:00', 0.45, 5.55, NULL, '2021-10-01 02:36:26', NULL, NULL, NULL, NULL, NULL, 26),
(316, '2021-09-30 22:30:41.849639', '2021-09-30 22:36:27.000000', NULL, '21-09-2021', '14:00', '17:00', 0, 3, NULL, '2021-10-01 02:36:26', NULL, NULL, NULL, NULL, NULL, 26),
(317, '2021-09-30 22:31:12.548535', '2021-09-30 22:36:27.000000', NULL, '22-09-2021', '10:00', '16:30', 0.45, 6.05, NULL, '2021-10-01 02:36:26', NULL, NULL, NULL, NULL, NULL, 26),
(318, '2021-09-30 22:31:45.168996', '2021-09-30 22:36:27.000000', NULL, '23-09-2021', '12:00', '17:15', 0, 5.25, NULL, '2021-10-01 02:36:26', NULL, NULL, NULL, NULL, NULL, 26),
(319, '2021-09-30 22:32:17.202806', '2021-09-30 22:36:27.000000', NULL, '24-09-2021', '10:00', '16:00', 1.5, 4.5, NULL, '2021-10-01 02:36:26', NULL, NULL, NULL, NULL, NULL, 26),
(320, '2021-09-30 22:33:03.839598', '2021-09-30 22:36:27.000000', NULL, '27-09-2021', '10:00', '14:00', 0, 4, NULL, '2021-10-01 02:36:26', NULL, NULL, NULL, NULL, NULL, 26),
(321, '2021-09-30 22:33:45.723370', '2021-09-30 22:36:27.000000', NULL, '28-09-2021', '14:00', '14:45', 0, 0.75, NULL, '2021-10-01 02:36:26', NULL, NULL, NULL, NULL, NULL, 26),
(322, '2021-09-30 22:34:12.201373', '2021-09-30 22:36:27.000000', NULL, '29-09-2021', '11:00', '17:00', 0.45, 5.55, NULL, '2021-10-01 02:36:26', NULL, NULL, NULL, NULL, NULL, 26),
(323, '2021-09-30 22:34:32.492752', '2021-09-30 22:36:27.000000', NULL, '30-09-2021', '09:00', '16:00', 0.5, 6.5, NULL, '2021-10-01 02:36:26', NULL, NULL, NULL, NULL, NULL, 26),
(324, '2021-10-01 01:42:00.576773', '2021-10-04 23:54:33.000000', NULL, '20-09-2021', '09:00', '17:00', 0, 8, NULL, '2021-10-01 05:51:03', '2021-10-05', NULL, NULL, NULL, NULL, 30),
(325, '2021-10-01 01:44:16.856378', '2021-10-04 23:54:33.000000', NULL, '21-09-2021', '09:00', '16:45', 0, 7.75, NULL, '2021-10-01 05:51:03', '2021-10-05', NULL, NULL, NULL, NULL, 30),
(326, '2021-10-01 01:45:28.022051', '2021-10-04 23:54:33.000000', NULL, '23-09-2021', '09:00', '17:00', 0, 8, NULL, '2021-10-01 05:51:03', '2021-10-05', NULL, NULL, NULL, NULL, 30),
(327, '2021-10-01 01:47:37.170225', '2021-10-04 23:54:33.000000', NULL, '24-09-2021', '09:00', '16:15', 0, 7.25, NULL, '2021-10-01 05:51:03', '2021-10-05', NULL, NULL, NULL, NULL, 30),
(328, '2021-10-01 01:48:05.136154', '2021-10-04 23:54:33.000000', NULL, '27-09-2021', '09:00', '16:45', 0, 7.75, NULL, '2021-10-01 05:51:03', '2021-10-05', NULL, NULL, NULL, NULL, 30),
(329, '2021-10-01 01:48:22.840389', '2021-10-04 23:54:33.000000', NULL, '28-09-2021', '09:00', '16:45', 0, 7.75, NULL, '2021-10-01 05:51:03', '2021-10-05', NULL, NULL, NULL, NULL, 30),
(330, '2021-10-01 01:48:53.582524', '2021-10-04 23:54:33.000000', NULL, '29-09-2021', '09:00', '17:00', 0, 8, NULL, '2021-10-01 05:51:03', '2021-10-05', NULL, NULL, NULL, NULL, 30),
(331, '2021-10-01 01:49:21.026630', '2021-10-04 23:54:33.000000', NULL, '30-09-2021', '09:00', '16:45', 0, 7.75, NULL, '2021-10-01 05:51:03', '2021-10-05', NULL, NULL, NULL, NULL, 30),
(332, '2021-10-06 19:16:55.760322', '2021-10-06 19:22:49.000000', NULL, '14-09-2021', '09:00', '13:30', 0, 4.5, NULL, '2021-10-06 23:22:42', '2021-10-06', NULL, NULL, NULL, NULL, 40),
(333, '2021-10-06 19:18:09.763056', '2021-10-06 19:22:50.000000', NULL, '20-09-2021', '11:00', '12:30', 0, 1.5, NULL, '2021-10-06 23:22:42', '2021-10-06', NULL, NULL, NULL, NULL, 40),
(334, '2021-10-06 19:19:16.935894', '2021-10-06 19:22:50.000000', NULL, '29-09-2021', '11:00', '12:30', 0, 1.5, NULL, '2021-10-06 23:22:42', '2021-10-06', NULL, NULL, NULL, NULL, 40),
(335, '2021-10-06 19:20:43.855910', '2021-10-06 19:22:50.000000', NULL, '08-09-2021', '12:00', '14:00', 0, 2, NULL, '2021-10-06 23:22:42', '2021-10-06', NULL, NULL, NULL, NULL, 40),
(336, '2021-10-06 19:21:50.028660', '2021-10-06 19:22:50.000000', NULL, '15-09-2021', '10:00', '11:00', 0, 1, NULL, '2021-10-06 23:22:42', '2021-10-06', NULL, NULL, NULL, NULL, 40),
(337, '2021-10-10 20:18:51.547153', '2021-11-02 20:34:32.000000', NULL, '01-10-2021', '09:00', '14:00', 0.5, 4.5, NULL, '2021-11-01 01:04:46', '2021-11-03', NULL, NULL, NULL, NULL, 41),
(338, '2021-10-10 20:19:22.053120', '2021-11-02 20:34:32.000000', NULL, '05-10-2021', '09:00', '15:30', 0.5, 6, NULL, '2021-11-01 01:04:46', '2021-11-03', NULL, NULL, NULL, NULL, 41),
(339, '2021-10-10 20:19:52.217138', '2021-11-02 20:34:33.000000', NULL, '06-10-2021', '09:00', '16:00', 1, 6, NULL, '2021-11-01 01:04:46', '2021-11-03', NULL, NULL, NULL, NULL, 41),
(340, '2021-10-10 20:20:15.210544', '2021-11-02 20:34:33.000000', NULL, '07-10-2021', '10:00', '16:00', 0.5, 5.5, NULL, '2021-11-01 01:04:46', '2021-11-03', NULL, NULL, NULL, NULL, 41),
(341, '2021-10-10 20:20:36.362246', '2021-11-02 20:34:33.000000', NULL, '08-10-2021', '09:00', '17:30', 1, 7.5, NULL, '2021-11-01 01:04:46', '2021-11-03', NULL, NULL, NULL, NULL, 41),
(342, '2021-10-10 20:21:03.786199', '2021-11-02 20:34:33.000000', NULL, '11-10-2021', '08:30', '15:45', 0.5, 6.75, NULL, '2021-11-01 01:04:46', '2021-11-03', NULL, NULL, NULL, NULL, 41),
(343, '2021-10-12 00:13:31.657956', '2021-10-28 18:37:01.000000', NULL, '05-10-2021', '08:30', '16:30', 0.5, 7.5, NULL, '2021-10-28 22:37:01', NULL, NULL, NULL, NULL, NULL, 42),
(344, '2021-10-12 00:15:05.395267', '2021-10-28 18:37:01.000000', NULL, '06-10-2021', '08:00', '16:30', 1, 7.5, NULL, '2021-10-28 22:37:01', NULL, NULL, NULL, NULL, NULL, 42),
(345, '2021-10-12 00:15:34.493903', '2021-10-28 18:37:01.000000', NULL, '07-10-2021', '08:00', '16:00', 1, 7, NULL, '2021-10-28 22:37:01', NULL, NULL, NULL, NULL, NULL, 42),
(346, '2021-10-12 00:16:00.265827', '2021-10-28 18:37:01.000000', NULL, '11-10-2021', '08:00', '16:00', 1, 7, NULL, '2021-10-28 22:37:01', NULL, NULL, NULL, NULL, NULL, 42),
(347, '2021-10-12 17:53:19.959276', '2021-11-02 20:20:39.000000', NULL, '01-10-2021', '07:30', '16:00', 0.5, 8, NULL, '2021-10-31 21:52:21', '2021-11-03', NULL, NULL, NULL, NULL, 43),
(348, '2021-10-12 17:53:47.347798', '2021-11-02 20:20:39.000000', NULL, '04-10-2021', '07:30', '16:00', 8.5, 0, NULL, '2021-10-31 21:52:21', '2021-11-03', NULL, NULL, NULL, NULL, 43),
(349, '2021-10-12 17:54:54.650485', '2021-11-02 20:20:39.000000', NULL, '05-10-2021', '07:30', '16:00', 0.5, 8, NULL, '2021-10-31 21:52:21', '2021-11-03', NULL, NULL, NULL, NULL, 43),
(350, '2021-10-12 17:55:16.372114', '2021-11-02 20:20:46.000000', NULL, '05-10-2021', '10:00', '10:30', 0, 0.5, NULL, '2021-10-31 21:52:19', '2021-11-03', NULL, NULL, NULL, NULL, 44),
(351, '2021-10-12 17:55:38.149386', '2021-11-02 20:20:39.000000', NULL, '06-10-2021', '07:30', '16:00', 0.5, 8, NULL, '2021-10-31 21:52:21', '2021-11-03', NULL, NULL, NULL, NULL, 43),
(352, '2021-10-12 17:55:56.339877', '2021-11-02 20:20:39.000000', NULL, '07-10-2021', '07:30', '16:00', 1, 7.5, NULL, '2021-10-31 21:52:21', '2021-11-03', NULL, NULL, NULL, NULL, 43),
(353, '2021-10-12 17:56:28.429995', '2021-11-02 20:20:46.000000', NULL, '07-10-2021', '10:30', '11:00', 0, 0.5, NULL, '2021-10-31 21:52:19', '2021-11-03', NULL, NULL, NULL, NULL, 44),
(354, '2021-10-12 17:56:45.970050', '2021-11-02 20:20:39.000000', NULL, '08-10-2021', '07:30', '16:00', 0.5, 8, NULL, '2021-10-31 21:52:21', '2021-11-03', NULL, NULL, NULL, NULL, 43),
(355, '2021-10-13 02:06:40.807982', '2021-11-03 23:00:11.000000', NULL, '01-10-2021', '09:00', '16:45', 0, 7.75, NULL, '2021-11-04 03:00:11', NULL, NULL, NULL, NULL, NULL, 45),
(356, '2021-10-13 02:07:18.467567', '2021-11-03 23:00:11.000000', NULL, '05-10-2021', '09:00', '16:30', 0, 7.5, NULL, '2021-11-04 03:00:11', NULL, NULL, NULL, NULL, NULL, 45),
(357, '2021-10-13 02:07:43.224902', '2021-11-03 23:00:11.000000', NULL, '06-10-2021', '09:00', '16:45', 0, 7.75, NULL, '2021-11-04 03:00:11', NULL, NULL, NULL, NULL, NULL, 45),
(358, '2021-10-13 02:08:07.214771', '2021-11-03 23:00:11.000000', NULL, '07-10-2021', '09:00', '16:45', 0, 7.75, NULL, '2021-11-04 03:00:11', NULL, NULL, NULL, NULL, NULL, 45),
(359, '2021-10-13 02:08:32.293167', '2021-11-03 23:00:11.000000', NULL, '08-10-2021', '09:00', '16:15', 0, 7.25, NULL, '2021-11-04 03:00:11', NULL, NULL, NULL, NULL, NULL, 45),
(360, '2021-10-14 00:06:23.166974', '2021-11-02 20:34:33.000000', NULL, '13-10-2021', '09:00', '16:00', 0.5, 6.5, NULL, '2021-11-01 01:04:46', '2021-11-03', NULL, NULL, NULL, NULL, 41),
(361, '2021-10-14 00:06:39.877806', '2021-11-02 20:34:33.000000', NULL, '14-10-2021', '10:00', '14:00', 0, 4, NULL, '2021-11-01 01:04:46', '2021-11-03', NULL, NULL, NULL, NULL, 41),
(362, '2021-10-18 22:34:44.436995', '2021-11-02 20:08:24.000000', NULL, '01-10-2021', '09:00', '11:00', 0, 2, NULL, '2021-11-01 03:10:48', '2021-11-03', NULL, NULL, NULL, NULL, 47),
(363, '2021-10-18 22:35:29.011414', '2021-11-02 20:08:24.000000', NULL, '05-10-2021', '07:30', '17:00', 0.5, 9, NULL, '2021-11-01 03:10:48', '2021-11-03', NULL, NULL, NULL, NULL, 47),
(364, '2021-10-18 22:36:20.259736', '2021-11-02 20:08:24.000000', NULL, '06-10-2021', '07:30', '17:30', 0.5, 9.5, NULL, '2021-11-01 03:10:48', '2021-11-03', NULL, NULL, NULL, NULL, 47),
(365, '2021-10-18 22:36:44.520004', '2021-11-02 20:08:24.000000', NULL, '07-10-2021', '07:30', '17:30', 0.5, 9.5, NULL, '2021-11-01 03:10:48', '2021-11-03', NULL, NULL, NULL, NULL, 47),
(366, '2021-10-18 22:40:56.398504', '2021-11-02 20:08:24.000000', NULL, '08-10-2021', '08:00', '12:00', 0, 4, NULL, '2021-11-01 03:10:48', '2021-11-03', NULL, NULL, NULL, NULL, 47),
(367, '2021-10-18 22:41:25.271226', '2021-11-02 20:08:24.000000', NULL, '11-10-2021', '08:00', '17:30', 0.5, 9, NULL, '2021-11-01 03:10:48', '2021-11-03', NULL, NULL, NULL, NULL, 47),
(368, '2021-10-18 22:41:49.429931', '2021-11-02 20:08:24.000000', NULL, '12-10-2021', '07:30', '17:00', 0.5, 9, NULL, '2021-11-01 03:10:48', '2021-11-03', NULL, NULL, NULL, NULL, 47),
(369, '2021-10-18 22:42:15.895058', '2021-11-02 20:08:24.000000', NULL, '13-10-2021', '07:30', '17:30', 0.5, 9.5, NULL, '2021-11-01 03:10:48', '2021-11-03', NULL, NULL, NULL, NULL, 47),
(370, '2021-10-18 22:42:40.552124', '2021-11-02 20:08:24.000000', NULL, '14-10-2021', '08:00', '17:30', 0.5, 9, NULL, '2021-11-01 03:10:48', '2021-11-03', NULL, NULL, NULL, NULL, 47),
(371, '2021-10-18 22:43:23.342669', '2021-11-02 20:08:24.000000', NULL, '15-10-2021', '13:00', '15:30', 0, 2.5, NULL, '2021-11-01 03:10:48', '2021-11-03', NULL, NULL, NULL, NULL, 47),
(372, '2021-10-18 22:44:20.680285', '2021-11-02 20:08:24.000000', NULL, '18-10-2021', '07:30', '17:00', 0.5, 9, NULL, '2021-11-01 03:10:48', '2021-11-03', NULL, NULL, NULL, NULL, 47),
(373, '2021-10-19 00:45:06.492197', '2021-11-02 20:34:33.000000', NULL, '19-10-2021', '08:30', '16:00', 0.5, 7, NULL, '2021-11-01 01:04:46', '2021-11-03', NULL, NULL, NULL, NULL, 41),
(374, '2021-10-19 00:45:31.368731', '2021-11-02 20:34:33.000000', NULL, '18-10-2021', '10:30', '16:00', 0.5, 5, NULL, '2021-11-01 01:04:46', '2021-11-03', NULL, NULL, NULL, NULL, 41),
(375, '2021-10-19 00:48:15.769806', '2021-11-02 20:34:33.000000', NULL, '15-10-2021', '11:00', '14:45', 0, 3.75, NULL, '2021-11-01 01:04:46', '2021-11-03', NULL, NULL, NULL, NULL, 41),
(376, '2021-10-20 22:15:31.880637', '2021-11-02 20:20:39.000000', NULL, '11-10-2021', '07:30', '16:00', 0.5, 8, NULL, '2021-10-31 21:52:21', '2021-11-03', NULL, NULL, NULL, NULL, 43),
(377, '2021-10-20 22:15:47.230458', '2021-11-02 20:20:39.000000', NULL, '12-10-2021', '07:30', '16:00', 0.5, 8, NULL, '2021-10-31 21:52:21', '2021-11-03', NULL, NULL, NULL, NULL, 43),
(378, '2021-10-20 22:16:04.903765', '2021-11-02 20:20:40.000000', NULL, '13-10-2021', '07:30', '16:00', 0.5, 8, NULL, '2021-10-31 21:52:21', '2021-11-03', NULL, NULL, NULL, NULL, 43),
(379, '2021-10-20 22:16:20.623816', '2021-11-02 20:20:40.000000', NULL, '14-10-2021', '07:30', '16:00', 1, 7.5, NULL, '2021-10-31 21:52:21', '2021-11-03', NULL, NULL, NULL, NULL, 43),
(380, '2021-10-20 22:16:38.043161', '2021-11-02 20:20:46.000000', NULL, '14-10-2021', '10:30', '11:00', 0, 0.5, NULL, '2021-10-31 21:52:19', '2021-11-03', NULL, NULL, NULL, NULL, 44),
(381, '2021-10-20 22:16:53.084434', '2021-11-02 20:20:40.000000', NULL, '15-10-2021', '07:30', '16:00', 0.5, 8, NULL, '2021-10-31 21:52:21', '2021-11-03', NULL, NULL, NULL, NULL, 43),
(382, '2021-10-20 22:17:10.493115', '2021-11-02 20:20:40.000000', NULL, '18-10-2021', '07:30', '16:00', 0.5, 8, NULL, '2021-10-31 21:52:21', '2021-11-03', NULL, NULL, NULL, NULL, 43),
(383, '2021-10-20 22:17:30.892366', '2021-11-02 20:20:40.000000', NULL, '19-10-2021', '07:30', '16:00', 0.5, 8, NULL, '2021-10-31 21:52:21', '2021-11-03', NULL, NULL, NULL, NULL, 43),
(384, '2021-10-20 22:17:46.654950', '2021-11-02 20:20:40.000000', NULL, '20-10-2021', '07:30', '16:00', 0.5, 8, NULL, '2021-10-31 21:52:21', '2021-11-03', NULL, NULL, NULL, NULL, 43),
(385, '2021-10-21 19:44:31.335971', '2021-10-31 22:54:02.000000', NULL, '04-10-2021', '09:00', '18:00', 1, 8, NULL, '2021-11-01 02:54:02', NULL, NULL, NULL, NULL, NULL, 48),
(386, '2021-10-21 19:45:43.275242', '2021-10-31 22:54:02.000000', NULL, '05-10-2021', '09:00', '18:00', 1, 8, NULL, '2021-11-01 02:54:02', NULL, NULL, NULL, NULL, NULL, 48),
(387, '2021-10-21 19:46:54.132833', '2021-10-31 22:54:02.000000', NULL, '06-10-2021', '09:00', '18:00', 1, 8, NULL, '2021-11-01 02:54:02', NULL, NULL, NULL, NULL, NULL, 48),
(388, '2021-10-21 19:47:31.199187', '2021-10-31 22:54:02.000000', NULL, '07-10-2021', '09:00', '18:00', 1, 8, NULL, '2021-11-01 02:54:02', NULL, NULL, NULL, NULL, NULL, 48),
(389, '2021-10-21 19:48:03.140582', '2021-10-31 22:54:02.000000', NULL, '08-10-2021', '09:00', '18:00', 1, 8, NULL, '2021-11-01 02:54:02', NULL, NULL, NULL, NULL, NULL, 48),
(390, '2021-10-21 19:48:45.139705', '2021-10-31 22:54:02.000000', NULL, '11-10-2021', '09:00', '18:00', 1, 8, NULL, '2021-11-01 02:54:02', NULL, NULL, NULL, NULL, NULL, 48),
(391, '2021-10-21 19:49:09.091892', '2021-10-31 22:54:02.000000', NULL, '12-10-2021', '09:00', '18:00', 1, 8, NULL, '2021-11-01 02:54:02', NULL, NULL, NULL, NULL, NULL, 48),
(392, '2021-10-21 19:49:33.672271', '2021-10-31 22:54:02.000000', NULL, '13-10-2021', '09:00', '18:00', 1, 8, NULL, '2021-11-01 02:54:02', NULL, NULL, NULL, NULL, NULL, 48),
(393, '2021-10-21 19:49:57.834430', '2021-10-31 22:54:02.000000', NULL, '14-10-2021', '09:00', '18:00', 1, 8, NULL, '2021-11-01 02:54:02', NULL, NULL, NULL, NULL, NULL, 48),
(394, '2021-10-21 19:50:17.286274', '2021-10-31 22:54:02.000000', NULL, '15-10-2021', '09:00', '18:00', 1, 8, NULL, '2021-11-01 02:54:02', NULL, NULL, NULL, NULL, NULL, 48),
(395, '2021-10-21 19:51:03.361964', '2021-10-31 22:54:02.000000', NULL, '18-10-2021', '09:00', '18:00', 1, 8, NULL, '2021-11-01 02:54:02', NULL, NULL, NULL, NULL, NULL, 48),
(396, '2021-10-21 19:51:27.949028', '2021-10-31 22:54:02.000000', NULL, '19-10-2021', '09:00', '18:00', 1, 8, NULL, '2021-11-01 02:54:02', NULL, NULL, NULL, NULL, NULL, 48),
(397, '2021-10-21 19:51:54.780109', '2021-10-31 22:54:03.000000', NULL, '20-10-2021', '09:00', '18:00', 1, 8, NULL, '2021-11-01 02:54:02', NULL, NULL, NULL, NULL, NULL, 48),
(398, '2021-10-21 19:52:14.440881', '2021-10-31 22:54:03.000000', NULL, '21-10-2021', '09:00', '18:00', 1, 8, NULL, '2021-11-01 02:54:02', NULL, NULL, NULL, NULL, NULL, 48),
(399, '2021-10-21 19:52:36.761731', '2021-10-31 22:54:03.000000', NULL, '22-10-2021', '09:00', '18:00', 1, 8, NULL, '2021-11-01 02:54:02', NULL, NULL, NULL, NULL, NULL, 48),
(400, '2021-10-22 00:42:36.593936', '2021-11-02 20:20:40.000000', NULL, '21-10-2021', '07:30', '16:00', 0.5, 8, NULL, '2021-10-31 21:52:21', '2021-11-03', NULL, NULL, NULL, NULL, 43),
(401, '2021-10-22 00:43:32.478044', '2021-11-02 20:20:40.000000', NULL, '22-10-2021', '07:30', '16:00', 0.5, 8, NULL, '2021-10-31 21:52:21', '2021-11-03', NULL, NULL, NULL, NULL, 43),
(402, '2021-10-22 00:43:50.685190', '2021-11-02 20:20:46.000000', NULL, '21-10-2021', '10:30', '11:00', 0, 0.5, NULL, '2021-10-31 21:52:19', '2021-11-03', NULL, NULL, NULL, NULL, 44),
(403, '2021-10-24 22:15:47.321878', '2021-11-03 23:00:11.000000', NULL, '18-10-2021', '09:00', '17:15', 0.5, 7.75, NULL, '2021-11-04 03:00:11', NULL, NULL, NULL, NULL, NULL, 45),
(404, '2021-10-25 05:19:32.636261', '2021-11-03 23:00:11.000000', NULL, '11-10-2021', '09:00', '17:00', 0.5, 7.5, NULL, '2021-11-04 03:00:11', NULL, NULL, NULL, NULL, NULL, 45),
(405, '2021-10-25 05:19:56.795151', '2021-11-03 23:00:11.000000', NULL, '12-10-2021', '09:00', '17:30', 0.5, 8, NULL, '2021-11-04 03:00:11', NULL, NULL, NULL, NULL, NULL, 45),
(406, '2021-10-25 05:20:20.117494', '2021-11-03 23:00:11.000000', NULL, '13-10-2021', '09:00', '17:15', 0.5, 7.75, NULL, '2021-11-04 03:00:11', NULL, NULL, NULL, NULL, NULL, 45),
(407, '2021-10-25 05:20:53.593282', '2021-11-03 23:00:11.000000', NULL, '14-10-2021', '09:00', '17:15', 0.5, 7.75, NULL, '2021-11-04 03:00:11', NULL, NULL, NULL, NULL, NULL, 45),
(408, '2021-10-25 05:22:25.641783', '2021-11-03 23:00:11.000000', NULL, '15-10-2021', '09:00', '16:30', 0.5, 7, NULL, '2021-11-04 03:00:11', NULL, NULL, NULL, NULL, NULL, 45),
(409, '2021-10-25 05:24:00.892317', '2021-11-03 23:00:11.000000', NULL, '19-10-2021', '09:00', '17:30', 0.5, 8, NULL, '2021-11-04 03:00:11', NULL, NULL, NULL, NULL, NULL, 45),
(410, '2021-10-25 05:24:53.980942', '2021-11-03 23:00:11.000000', NULL, '20-10-2021', '09:00', '17:15', 0.5, 7.75, NULL, '2021-11-04 03:00:11', NULL, NULL, NULL, NULL, NULL, 45),
(411, '2021-10-25 05:25:32.398895', '2021-11-03 23:00:11.000000', NULL, '21-10-2021', '09:00', '17:00', 0.5, 7.5, NULL, '2021-11-04 03:00:11', NULL, NULL, NULL, NULL, NULL, 45),
(412, '2021-10-25 05:26:27.272694', '2021-11-03 23:00:11.000000', NULL, '22-10-2021', '09:00', '16:30', 0.5, 7, NULL, '2021-11-04 03:00:11', NULL, NULL, NULL, NULL, NULL, 45),
(413, '2021-10-25 17:16:12.358493', '2021-11-02 20:20:40.000000', NULL, '25-10-2021', '07:30', '16:00', 0.5, 8, NULL, '2021-10-31 21:52:21', '2021-11-03', NULL, NULL, NULL, NULL, 43),
(414, '2021-10-25 17:16:32.478071', '2021-11-02 20:20:46.000000', NULL, '25-10-2021', '16:30', '17:00', 0, 0.5, NULL, '2021-10-31 21:52:19', '2021-11-03', NULL, NULL, NULL, NULL, 44),
(415, '2021-10-26 00:38:53.951029', '2021-11-02 20:20:40.000000', NULL, '26-10-2021', '07:30', '16:00', 2.5, 6, NULL, '2021-10-31 21:52:21', '2021-11-03', NULL, NULL, NULL, NULL, 43),
(416, '2021-10-26 00:39:22.898830', '2021-11-02 20:20:46.000000', NULL, '26-10-2021', '13:00', '14:00', 0, 1, NULL, '2021-10-31 21:52:19', '2021-11-03', NULL, NULL, NULL, NULL, 44),
(417, '2021-10-28 18:36:47.023019', '2021-10-28 18:37:02.000000', NULL, '27-10-2021', '08:30', '16:30', 0.5, 7.5, NULL, '2021-10-28 22:37:01', NULL, NULL, NULL, NULL, NULL, 42),
(418, '2021-10-29 22:32:18.108706', '2021-11-02 20:34:33.000000', NULL, '27-10-2021', '08:30', '18:00', 1, 8.5, NULL, '2021-11-01 01:04:46', '2021-11-03', NULL, NULL, NULL, NULL, 41),
(419, '2021-10-29 22:32:52.447926', '2021-11-02 20:34:33.000000', NULL, '26-10-2021', '13:00', '17:30', 0, 4.5, NULL, '2021-11-01 01:04:46', '2021-11-03', NULL, NULL, NULL, NULL, 41),
(420, '2021-10-29 22:33:12.933165', '2021-11-02 20:34:33.000000', NULL, '25-10-2021', '14:00', '17:00', 0, 3, NULL, '2021-11-01 01:04:46', '2021-11-03', NULL, NULL, NULL, NULL, 41),
(421, '2021-10-29 22:33:32.364165', '2021-11-02 20:34:33.000000', NULL, '28-10-2021', '09:00', '15:30', 0, 6.5, NULL, '2021-11-01 01:04:46', '2021-11-03', NULL, NULL, NULL, NULL, 41),
(422, '2021-10-29 22:33:47.536475', '2021-11-02 20:34:33.000000', NULL, '29-10-2021', '09:00', '14:00', 0, 5, NULL, '2021-11-01 01:04:46', '2021-11-03', NULL, NULL, NULL, NULL, 41),
(423, '2021-10-29 22:40:19.873721', '2021-11-02 20:34:33.000000', NULL, '21-10-2021', '09:00', '13:30', 0, 4.5, NULL, '2021-11-01 01:04:46', '2021-11-03', NULL, NULL, NULL, NULL, 41),
(424, '2021-10-31 16:52:22.608354', '2021-11-02 20:08:24.000000', NULL, '19-10-2021', '07:30', '17:30', 0.5, 9.5, NULL, '2021-11-01 03:10:48', '2021-11-03', NULL, NULL, NULL, NULL, 47),
(425, '2021-10-31 16:52:43.519337', '2021-11-02 20:08:24.000000', NULL, '20-10-2021', '08:00', '17:00', 0.5, 8.5, NULL, '2021-11-01 03:10:48', '2021-11-03', NULL, NULL, NULL, NULL, 47),
(426, '2021-10-31 16:53:08.588746', '2021-11-02 20:08:24.000000', NULL, '21-10-2021', '07:30', '17:30', 0.5, 9.5, NULL, '2021-11-01 03:10:48', '2021-11-03', NULL, NULL, NULL, NULL, 47),
(427, '2021-10-31 16:54:15.278757', '2021-11-02 20:08:24.000000', NULL, '22-10-2021', '08:00', '09:30', 0, 1.5, NULL, '2021-11-01 03:10:48', '2021-11-03', NULL, NULL, NULL, NULL, 47),
(428, '2021-10-31 16:54:43.037733', '2021-11-02 20:08:24.000000', NULL, '25-10-2021', '07:30', '17:30', 0.5, 9.5, NULL, '2021-11-01 03:10:48', '2021-11-03', NULL, NULL, NULL, NULL, 47),
(429, '2021-10-31 16:55:00.860264', '2021-11-02 20:08:24.000000', NULL, '26-10-2021', '07:30', '17:30', 1, 9, NULL, '2021-11-01 03:10:48', '2021-11-03', NULL, NULL, NULL, NULL, 47),
(430, '2021-10-31 16:55:22.010886', '2021-11-02 20:08:24.000000', NULL, '27-10-2021', '07:30', '17:00', 0.5, 9, NULL, '2021-11-01 03:10:48', '2021-11-03', NULL, NULL, NULL, NULL, 47),
(431, '2021-10-31 16:55:48.328508', '2021-11-02 20:08:25.000000', NULL, '28-10-2021', '07:30', '17:30', 0.5, 9.5, NULL, '2021-11-01 03:10:48', '2021-11-03', NULL, NULL, NULL, NULL, 47),
(432, '2021-10-31 17:47:50.313936', '2021-11-02 20:20:40.000000', NULL, '27-10-2021', '07:30', '16:00', 0.5, 8, NULL, '2021-10-31 21:52:21', '2021-11-03', NULL, NULL, NULL, NULL, 43),
(433, '2021-10-31 17:48:07.453115', '2021-11-02 20:20:40.000000', NULL, '28-10-2021', '07:30', '16:00', 0.5, 8, NULL, '2021-10-31 21:52:21', '2021-11-03', NULL, NULL, NULL, NULL, 43),
(434, '2021-10-31 17:48:23.661592', '2021-11-02 20:20:40.000000', NULL, '29-10-2021', '07:30', '16:00', 0.5, 8, NULL, '2021-10-31 21:52:21', '2021-11-03', NULL, NULL, NULL, NULL, 43),
(435, '2021-10-31 18:10:45.992511', '2021-11-02 20:34:33.000000', NULL, '20-10-2021', '09:00', '13:00', 0, 4, NULL, '2021-11-01 01:04:46', '2021-11-03', NULL, NULL, NULL, NULL, 41),
(436, '2021-10-31 18:11:10.743145', '2021-11-02 20:34:33.000000', NULL, '22-10-2021', '12:00', '16:00', 0, 4, NULL, '2021-11-01 01:04:46', '2021-11-03', NULL, NULL, NULL, NULL, 41),
(437, '2021-10-31 19:21:21.736525', '2021-11-03 23:00:11.000000', NULL, '25-10-2021', '09:00', '17:15', 0.5, 7.75, NULL, '2021-11-04 03:00:11', NULL, NULL, NULL, NULL, NULL, 45),
(438, '2021-10-31 19:21:52.725776', '2021-11-03 23:00:11.000000', NULL, '26-10-2021', '09:00', '17:30', 0.5, 8, NULL, '2021-11-04 03:00:11', NULL, NULL, NULL, NULL, NULL, 45),
(439, '2021-10-31 19:22:24.805005', '2021-11-03 23:00:11.000000', NULL, '27-10-2021', '09:00', '16:15', 0.5, 6.75, NULL, '2021-11-04 03:00:11', NULL, NULL, NULL, NULL, NULL, 45),
(440, '2021-10-31 19:22:42.896969', '2021-11-03 23:00:11.000000', NULL, '28-10-2021', '09:00', '17:15', 0.5, 7.75, NULL, '2021-11-04 03:00:11', NULL, NULL, NULL, NULL, NULL, 45),
(441, '2021-10-31 19:23:00.859215', '2021-11-03 23:00:12.000000', NULL, '29-10-2021', '09:00', '16:45', 0.5, 7.25, NULL, '2021-11-04 03:00:11', NULL, NULL, NULL, NULL, NULL, 45),
(442, '2021-10-31 22:52:31.514253', '2021-10-31 22:54:03.000000', NULL, '25-10-2021', '08:00', '17:00', 1, 8, NULL, '2021-11-01 02:54:02', NULL, NULL, NULL, NULL, NULL, 48),
(443, '2021-10-31 22:52:57.935863', '2021-10-31 22:54:03.000000', NULL, '26-10-2021', '09:00', '18:00', 1, 8, NULL, '2021-11-01 02:54:02', NULL, NULL, NULL, NULL, NULL, 48),
(444, '2021-10-31 22:53:15.887050', '2021-10-31 22:54:03.000000', NULL, '27-10-2021', '09:00', '18:00', 1, 8, NULL, '2021-11-01 02:54:02', NULL, NULL, NULL, NULL, NULL, 48),
(445, '2021-10-31 22:53:36.040177', '2021-10-31 22:54:03.000000', NULL, '28-10-2021', '09:00', '18:00', 1, 8, NULL, '2021-11-01 02:54:02', NULL, NULL, NULL, NULL, NULL, 48),
(446, '2021-10-31 22:53:54.456119', '2021-10-31 22:54:03.000000', NULL, '29-10-2021', '09:00', '18:00', 1, 8, NULL, '2021-11-01 02:54:02', NULL, NULL, NULL, NULL, NULL, 48),
(447, '2021-11-02 19:42:13.819994', '2021-11-02 19:42:13.819994', NULL, '02-11-2021', '09:00', '17:30', 1, 7.5, NULL, NULL, NULL, NULL, NULL, NULL, NULL, 49),
(448, '2021-11-02 19:42:38.745509', '2021-11-02 19:42:38.745509', NULL, '03-11-2021', '08:30', '17:00', 1.5, 7, NULL, NULL, NULL, NULL, NULL, NULL, NULL, 49),
(449, '2021-11-02 19:43:23.602437', '2021-11-30 08:29:04.000000', NULL, '01-11-2021', '09:00', '09:00', 0, 0, NULL, NULL, NULL, NULL, NULL, NULL, NULL, 49),
(450, '2021-11-05 01:44:41.346916', '2021-11-05 01:44:41.346916', NULL, '01-11-2021', '09:00', '17:15', 0.5, 7.75, NULL, NULL, NULL, NULL, NULL, NULL, NULL, 50),
(451, '2021-11-05 01:45:23.492198', '2021-11-05 01:45:23.492198', NULL, '02-11-2021', '09:00', '17:00', 0.5, 7.5, NULL, NULL, NULL, NULL, NULL, NULL, NULL, 50),
(452, '2021-11-05 01:46:02.715916', '2021-11-05 01:46:02.715916', NULL, '03-11-2021', '09:00', '17:15', 0.5, 7.75, NULL, NULL, NULL, NULL, NULL, NULL, NULL, 50),
(453, '2021-11-05 01:46:27.396482', '2021-11-05 01:46:27.396482', NULL, '04-11-2021', '09:00', '17:15', 0.5, 7.75, NULL, NULL, NULL, NULL, NULL, NULL, NULL, 50),
(454, '2021-11-05 01:46:55.147816', '2021-11-05 01:46:55.147816', NULL, '05-11-2021', '09:00', '16:45', 0.5, 7.25, NULL, NULL, NULL, NULL, NULL, NULL, NULL, 50),
(455, '2021-11-07 17:42:30.320320', '2021-11-07 17:42:30.320320', NULL, '01-11-2021', '09:00', '17:30', 1, 7.5, 'Timesheet working well', NULL, NULL, NULL, NULL, NULL, NULL, 51),
(456, '2021-11-08 18:38:55.134940', '2021-11-08 18:38:55.134940', NULL, '02-11-2021', '09:00', '18:00', 2.5, 6.5, '1LM Meeting', NULL, NULL, NULL, NULL, NULL, NULL, 51),
(457, '2021-11-08 18:39:57.107913', '2021-11-08 18:39:57.107913', NULL, '03-11-2021', '09:00', '18:00', 0, 9, NULL, NULL, NULL, NULL, NULL, NULL, NULL, 51),
(459, '2021-11-08 20:34:51.729957', '2021-11-08 20:34:51.729957', NULL, '04-11-2021', '09:00', '18:00', 0, 9, NULL, NULL, NULL, NULL, NULL, NULL, NULL, 49),
(460, '2021-11-08 20:47:41.397771', '2021-11-08 20:47:41.397771', NULL, '01-11-2021', '09:00', '18:00', 0, 9, NULL, NULL, NULL, NULL, NULL, NULL, NULL, 52),
(461, '2021-11-09 15:47:41.812710', '2021-11-09 15:47:41.812710', NULL, '01-11-2021', '07:30', '16:00', 0.5, 8, NULL, NULL, NULL, NULL, NULL, NULL, NULL, 53),
(462, '2021-11-09 15:48:09.005491', '2021-11-09 15:48:09.005491', NULL, '02-11-2021', '07:30', '16:00', 0.5, 8, NULL, NULL, NULL, NULL, NULL, NULL, NULL, 53),
(463, '2021-11-09 15:48:33.216687', '2021-11-09 15:48:33.216687', NULL, '03-11-2021', '07:30', '16:00', 0.5, 8, NULL, NULL, NULL, NULL, NULL, NULL, NULL, 53),
(464, '2021-11-09 15:48:56.753964', '2021-11-09 15:48:56.753964', NULL, '04-11-2021', '07:30', '16:00', 1.5, 7, NULL, NULL, NULL, NULL, NULL, NULL, NULL, 53),
(465, '2021-11-09 15:49:16.178866', '2021-11-09 15:49:51.000000', NULL, '04-11-2021', '07:30', '16:00', 7.5, 1, NULL, NULL, NULL, NULL, NULL, NULL, NULL, 54),
(466, '2021-11-09 15:50:22.763449', '2021-11-09 15:50:22.763449', NULL, '05-11-2021', '07:30', '16:00', 0.5, 8, NULL, NULL, NULL, NULL, NULL, NULL, NULL, 53),
(467, '2021-11-09 21:41:57.595463', '2021-11-09 21:42:36.000000', NULL, '01-11-2021', '10:00', '19:00', 0, 9, NULL, NULL, NULL, NULL, NULL, NULL, NULL, 55),
(468, '2021-11-11 23:53:00.182577', '2021-11-11 23:53:21.000000', NULL, '08-11-2021', '09:00', '17:00', 0.25, 7.75, NULL, NULL, NULL, NULL, NULL, NULL, NULL, 50),
(469, '2021-11-11 23:53:39.744617', '2021-11-11 23:53:39.744617', NULL, '09-11-2021', '09:00', '17:00', 0.25, 7.75, NULL, NULL, NULL, NULL, NULL, NULL, NULL, 50),
(470, '2021-11-11 23:53:56.594303', '2021-11-11 23:54:36.000000', NULL, '10-11-2021', '09:00', '17:00', 0.25, 7.75, NULL, NULL, NULL, NULL, NULL, NULL, NULL, 50),
(471, '2021-11-11 23:56:13.070417', '2021-11-11 23:56:36.000000', NULL, '11-11-2021', '09:00', '17:00', 0.5, 7.5, NULL, NULL, NULL, NULL, NULL, NULL, NULL, 50),
(472, '2021-11-11 23:56:54.603963', '2021-11-11 23:57:12.000000', NULL, '12-11-2021', '09:00', '16:30', 0.5, 7, NULL, NULL, NULL, NULL, NULL, NULL, NULL, 50),
(473, '2021-11-12 00:04:20.491979', '2021-11-12 00:04:20.491979', NULL, '08-11-2021', '07:30', '16:00', 0.5, 8, NULL, NULL, NULL, NULL, NULL, NULL, NULL, 53),
(474, '2021-11-12 00:04:39.750327', '2021-11-12 00:04:39.750327', NULL, '09-11-2021', '07:30', '16:00', 0.5, 8, NULL, NULL, NULL, NULL, NULL, NULL, NULL, 53),
(475, '2021-11-12 00:05:07.005061', '2021-11-12 00:05:07.005061', NULL, '10-11-2021', '07:30', '16:00', 1, 7.5, NULL, NULL, NULL, NULL, NULL, NULL, NULL, 53),
(476, '2021-11-12 00:05:36.196884', '2021-11-12 00:05:36.196884', NULL, '10-11-2021', '10:00', '11:00', 0, 1, NULL, NULL, NULL, NULL, NULL, NULL, NULL, 54),
(477, '2021-11-12 00:06:03.502289', '2021-11-12 00:06:03.502289', NULL, '11-11-2021', '07:30', '16:00', 1.5, 7, NULL, NULL, NULL, NULL, NULL, NULL, NULL, 53),
(478, '2021-11-12 00:06:24.771361', '2021-11-12 00:06:24.771361', NULL, '11-11-2021', '10:00', '11:00', 0, 1, NULL, NULL, NULL, NULL, NULL, NULL, NULL, 54),
(479, '2021-11-12 00:06:44.093718', '2021-11-12 00:06:44.093718', NULL, '12-11-2021', '07:30', '16:00', 0.5, 8, NULL, NULL, NULL, NULL, NULL, NULL, NULL, 53),
(480, '2021-11-17 22:38:35.485931', '2021-11-17 22:38:35.485931', NULL, '15-11-2021', '07:30', '16:00', 0.5, 8, NULL, NULL, NULL, NULL, NULL, NULL, NULL, 53),
(481, '2021-11-17 22:38:52.546607', '2021-11-17 22:38:52.546607', NULL, '16-11-2021', '07:30', '16:00', 0.5, 8, NULL, NULL, NULL, NULL, NULL, NULL, NULL, 53),
(482, '2021-11-17 22:40:03.105225', '2021-11-26 00:01:34.000000', NULL, '17-11-2021', '07:30', '16:00', 1, 7.5, NULL, NULL, NULL, NULL, NULL, NULL, NULL, 53),
(483, '2021-11-17 22:40:21.095826', '2021-11-26 00:01:46.000000', NULL, '18-11-2021', '07:30', '16:00', 0.75, 7.75, NULL, NULL, NULL, NULL, NULL, NULL, NULL, 53),
(484, '2021-11-19 00:33:26.036079', '2021-11-19 00:33:39.000000', NULL, '15-11-2021', '09:00', '17:00', 0.25, 7.75, NULL, NULL, NULL, NULL, NULL, NULL, NULL, 50),
(485, '2021-11-19 00:33:56.739369', '2021-11-19 00:33:56.739369', NULL, '16-11-2021', '09:00', '17:00', 0.25, 7.75, NULL, NULL, NULL, NULL, NULL, NULL, NULL, 50),
(486, '2021-11-19 00:34:54.030043', '2021-11-19 00:35:04.000000', NULL, '17-11-2021', '09:00', '18:00', 0.5, 8.5, NULL, NULL, NULL, NULL, NULL, NULL, NULL, 50),
(487, '2021-11-19 00:35:47.167981', '2021-11-19 00:35:47.167981', NULL, '18-11-2021', '09:00', '17:00', 0.25, 7.75, NULL, NULL, NULL, NULL, NULL, NULL, NULL, 50),
(488, '2021-11-19 00:36:20.248504', '2021-11-19 00:36:33.000000', NULL, '19-11-2021', '09:00', '17:00', 1, 7, NULL, NULL, NULL, NULL, NULL, NULL, NULL, 50),
(490, '2021-11-21 19:27:39.879728', '2021-11-21 19:27:39.879728', NULL, '05-11-2021', '12:00', '19:00', 0, 7, NULL, NULL, NULL, NULL, NULL, NULL, NULL, 51),
(493, '2021-11-21 22:18:41.704338', '2021-11-21 22:18:41.704338', NULL, '22-11-2021', '07:30', '16:00', 0.5, 8, NULL, NULL, NULL, NULL, NULL, NULL, NULL, 53),
(494, '2021-11-25 21:07:46.596991', '2021-11-25 21:07:46.596991', NULL, '01-11-2021', '09:00', '18:00', 1, 8, NULL, NULL, NULL, NULL, NULL, NULL, NULL, 57),
(495, '2021-11-25 21:07:55.919011', '2021-11-25 21:07:55.919011', NULL, '02-11-2021', '09:00', '18:00', 1, 8, NULL, NULL, NULL, NULL, NULL, NULL, NULL, 57),
(496, '2021-11-25 21:08:06.744847', '2021-11-25 21:08:06.744847', NULL, '03-11-2021', '09:00', '18:00', 1, 8, NULL, NULL, NULL, NULL, NULL, NULL, NULL, 57),
(497, '2021-11-25 21:08:14.948959', '2021-11-25 21:08:14.948959', NULL, '04-11-2021', '09:00', '18:00', 1, 8, NULL, NULL, NULL, NULL, NULL, NULL, NULL, 57),
(498, '2021-11-25 21:08:33.369115', '2021-11-25 21:08:50.000000', NULL, '05-11-2021', '09:00', '18:00', 1, 8, NULL, NULL, NULL, NULL, NULL, NULL, NULL, 57),
(499, '2021-11-25 21:09:02.265890', '2021-11-25 21:09:02.265890', NULL, '08-11-2021', '09:00', '18:00', 1, 8, NULL, NULL, NULL, NULL, NULL, NULL, NULL, 57),
(500, '2021-11-25 21:09:09.646221', '2021-11-25 21:09:09.646221', NULL, '09-11-2021', '09:00', '18:00', 1, 8, NULL, NULL, NULL, NULL, NULL, NULL, NULL, 57),
(501, '2021-11-25 21:09:21.709408', '2021-11-25 21:09:21.709408', NULL, '10-11-2021', '09:00', '18:00', 1, 8, NULL, NULL, NULL, NULL, NULL, NULL, NULL, 57),
(502, '2021-11-25 21:09:36.064152', '2021-11-25 21:09:36.064152', NULL, '11-11-2021', '09:00', '18:00', 1, 8, NULL, NULL, NULL, NULL, NULL, NULL, NULL, 57),
(503, '2021-11-25 21:09:48.370098', '2021-11-25 21:09:48.370098', NULL, '12-11-2021', '09:00', '18:00', 1, 8, NULL, NULL, NULL, NULL, NULL, NULL, NULL, 57),
(504, '2021-11-25 21:09:58.788446', '2021-11-25 21:09:58.788446', NULL, '15-11-2021', '09:00', '18:00', 1, 8, NULL, NULL, NULL, NULL, NULL, NULL, NULL, 57),
(505, '2021-11-25 21:10:08.351723', '2021-11-25 21:10:08.351723', NULL, '16-11-2021', '09:00', '18:00', 1, 8, NULL, NULL, NULL, NULL, NULL, NULL, NULL, 57),
(506, '2021-11-25 21:10:16.930513', '2021-11-25 21:10:16.930513', NULL, '17-11-2021', '09:00', '18:00', 1, 8, NULL, NULL, NULL, NULL, NULL, NULL, NULL, 57),
(507, '2021-11-25 21:10:27.139749', '2021-11-25 21:10:27.139749', NULL, '18-11-2021', '09:00', '18:00', 0, 9, NULL, NULL, NULL, NULL, NULL, NULL, NULL, 57),
(508, '2021-11-25 21:10:35.734435', '2021-11-25 21:10:35.734435', NULL, '19-11-2021', '09:00', '18:00', 1, 8, NULL, NULL, NULL, NULL, NULL, NULL, NULL, 57),
(509, '2021-11-25 21:10:45.806971', '2021-11-25 21:10:45.806971', NULL, '22-11-2021', '09:00', '18:00', 1, 8, NULL, NULL, NULL, NULL, NULL, NULL, NULL, 57),
(510, '2021-11-25 21:10:53.143588', '2021-11-25 21:10:53.143588', NULL, '23-11-2021', '09:00', '18:00', 1, 8, NULL, NULL, NULL, NULL, NULL, NULL, NULL, 57),
(511, '2021-11-25 21:11:01.461678', '2021-11-25 21:11:01.461678', NULL, '24-11-2021', '09:00', '18:00', 1, 8, NULL, NULL, NULL, NULL, NULL, NULL, NULL, 57),
(512, '2021-11-25 21:11:08.306791', '2021-11-25 21:11:08.306791', NULL, '25-11-2021', '09:00', '18:00', 1, 8, NULL, NULL, NULL, NULL, NULL, NULL, NULL, 57),
(513, '2021-11-26 00:02:04.837223', '2021-11-26 00:02:04.837223', NULL, '19-11-2021', '07:30', '16:00', 0.5, 8, NULL, NULL, NULL, NULL, NULL, NULL, NULL, 53),
(514, '2021-11-26 00:03:50.023396', '2021-11-26 00:03:50.023396', NULL, '23-11-2021', '07:30', '16:00', 0.5, 8, NULL, NULL, NULL, NULL, NULL, NULL, NULL, 53),
(515, '2021-11-26 00:04:15.750052', '2021-11-26 00:04:15.750052', NULL, '24-11-2021', '07:30', '16:00', 1.5, 7, NULL, NULL, NULL, NULL, NULL, NULL, NULL, 53),
(516, '2021-11-26 00:04:46.445995', '2021-11-26 00:04:46.445995', NULL, '25-11-2021', '07:30', '16:00', 0.75, 7.75, NULL, NULL, NULL, NULL, NULL, NULL, NULL, 53),
(517, '2021-11-26 00:05:04.323921', '2021-11-26 00:05:04.323921', NULL, '26-11-2021', '07:30', '16:00', 1.5, 7, NULL, NULL, NULL, NULL, NULL, NULL, NULL, 53),
(518, '2021-11-26 00:05:25.877326', '2021-11-26 00:05:25.877326', NULL, '26-11-2021', '09:00', '10:00', 0, 1, NULL, NULL, NULL, NULL, NULL, NULL, NULL, 54),
(519, '2021-11-26 00:05:59.395378', '2021-11-26 00:05:59.395378', NULL, '25-11-2021', '08:30', '09:30', 0, 1, NULL, NULL, NULL, NULL, NULL, NULL, NULL, 54),
(520, '2021-11-26 00:06:22.747399', '2021-11-26 00:06:22.747399', NULL, '24-11-2021', '12:00', '12:45', 0, 0.75, NULL, NULL, NULL, NULL, NULL, NULL, NULL, 54),
(521, '2021-11-26 00:14:44.603429', '2021-11-26 00:15:36.000000', NULL, '22-11-2021', '09:00', '17:00', 0.25, 7.75, NULL, NULL, NULL, NULL, NULL, NULL, NULL, 50),
(522, '2021-11-26 00:15:20.693073', '2021-11-26 00:15:20.693073', NULL, '23-11-2021', '09:00', '17:00', 0.25, 7.75, NULL, NULL, NULL, NULL, NULL, NULL, NULL, 50),
(523, '2021-11-26 00:15:51.254257', '2021-11-26 00:15:51.254257', NULL, '24-11-2021', '09:00', '17:15', 0.25, 8, NULL, NULL, NULL, NULL, NULL, NULL, NULL, 50),
(524, '2021-11-26 00:16:27.092305', '2021-11-26 00:16:27.092305', NULL, '25-11-2021', '09:00', '17:00', 0.25, 7.75, NULL, NULL, NULL, NULL, NULL, NULL, NULL, 50),
(525, '2021-11-26 00:17:09.249213', '2021-11-26 00:17:52.000000', NULL, '26-11-2021', '09:00', '16:30', 0.5, 7, NULL, NULL, NULL, NULL, NULL, NULL, NULL, 50),
(526, '2021-11-27 00:35:57.118089', '2021-12-02 20:14:32.000000', NULL, '01-11-2021', '07:30', '17:30', 0.5, 9.5, NULL, '2021-12-03 00:24:21', '2021-12-03', NULL, NULL, NULL, NULL, 58),
(527, '2021-11-27 00:37:04.481440', '2021-12-02 20:14:32.000000', NULL, '02-11-2021', '07:30', '17:30', 0.5, 9.5, NULL, '2021-12-03 00:24:21', '2021-12-03', NULL, NULL, NULL, NULL, 58),
(528, '2021-11-27 00:37:21.405733', '2021-12-02 20:14:32.000000', NULL, '03-11-2021', '07:30', '17:30', 0.5, 9.5, NULL, '2021-12-03 00:24:21', '2021-12-03', NULL, NULL, NULL, NULL, 58),
(529, '2021-11-27 00:37:43.105281', '2021-12-02 20:14:32.000000', NULL, '04-11-2021', '07:30', '17:00', 0.5, 9, NULL, '2021-12-03 00:24:21', '2021-12-03', NULL, NULL, NULL, NULL, 58),
(530, '2021-11-27 00:38:05.630037', '2021-12-02 20:14:32.000000', NULL, '05-11-2021', '14:00', '16:00', 0, 2, NULL, '2021-12-03 00:24:21', '2021-12-03', NULL, NULL, NULL, NULL, 58),
(531, '2021-11-27 00:43:57.812794', '2021-12-02 20:14:32.000000', NULL, '08-11-2021', '07:30', '17:30', 0.5, 9.5, NULL, '2021-12-03 00:24:21', '2021-12-03', NULL, NULL, NULL, NULL, 58),
(532, '2021-11-27 00:44:13.103453', '2021-12-02 20:14:32.000000', NULL, '09-11-2021', '07:30', '17:30', 0.5, 9.5, NULL, '2021-12-03 00:24:21', '2021-12-03', NULL, NULL, NULL, NULL, 58),
(533, '2021-11-27 00:44:31.677202', '2021-12-02 20:14:32.000000', NULL, '10-11-2021', '07:30', '17:00', 0.5, 9, NULL, '2021-12-03 00:24:21', '2021-12-03', NULL, NULL, NULL, NULL, 58),
(534, '2021-11-27 00:45:33.929161', '2021-12-02 20:14:32.000000', NULL, '11-11-2021', '07:30', '16:00', 0.5, 8, NULL, '2021-12-03 00:24:21', '2021-12-03', NULL, NULL, NULL, NULL, 58),
(535, '2021-11-27 00:46:09.206448', '2021-12-02 20:14:32.000000', NULL, '12-11-2021', '11:00', '13:00', 0, 2, NULL, '2021-12-03 00:24:21', '2021-12-03', NULL, NULL, NULL, NULL, 58),
(536, '2021-11-27 00:46:35.419516', '2021-12-02 20:14:32.000000', NULL, '15-11-2021', '07:30', '17:30', 0.5, 9.5, NULL, '2021-12-03 00:24:21', '2021-12-03', NULL, NULL, NULL, NULL, 58),
(537, '2021-11-27 00:46:57.035735', '2021-12-02 20:14:32.000000', NULL, '16-11-2021', '07:30', '17:30', 0.5, 9.5, NULL, '2021-12-03 00:24:21', '2021-12-03', NULL, NULL, NULL, NULL, 58),
(538, '2021-11-27 00:47:23.929204', '2021-12-02 20:14:32.000000', NULL, '17-11-2021', '07:30', '17:30', 0.5, 9.5, NULL, '2021-12-03 00:24:21', '2021-12-03', NULL, NULL, NULL, NULL, 58),
(539, '2021-11-27 00:47:59.362421', '2021-12-02 20:14:32.000000', NULL, '18-11-2021', '07:30', '17:30', 0.5, 9.5, NULL, '2021-12-03 00:24:21', '2021-12-03', NULL, NULL, NULL, NULL, 58),
(540, '2021-11-27 00:48:39.378881', '2021-12-02 20:14:33.000000', NULL, '22-11-2021', '07:30', '17:30', 0.5, 9.5, NULL, '2021-12-03 00:24:21', '2021-12-03', NULL, NULL, NULL, NULL, 58),
(541, '2021-11-27 00:49:01.604762', '2021-12-02 20:14:33.000000', NULL, '23-11-2021', '07:30', '17:00', 0.5, 9, NULL, '2021-12-03 00:24:21', '2021-12-03', NULL, NULL, NULL, NULL, 58),
(542, '2021-11-27 00:49:40.868844', '2021-12-02 20:14:33.000000', NULL, '24-11-2021', '08:00', '17:30', 0.5, 9, NULL, '2021-12-03 00:24:21', '2021-12-03', NULL, NULL, NULL, NULL, 58),
(543, '2021-11-27 00:50:02.931363', '2021-12-02 20:14:33.000000', NULL, '25-11-2021', '07:30', '17:30', 0.5, 9.5, NULL, '2021-12-03 00:24:21', '2021-12-03', NULL, NULL, NULL, NULL, 58),
(544, '2021-11-27 00:50:22.064115', '2021-12-02 20:14:33.000000', NULL, '26-11-2021', '09:00', '11:00', 0, 2, NULL, '2021-12-03 00:24:21', '2021-12-03', NULL, NULL, NULL, NULL, 58),
(545, '2021-11-29 18:30:51.425948', '2021-11-29 18:30:51.425948', NULL, '29-11-2021', '07:30', '16:00', 1, 7.5, NULL, NULL, NULL, NULL, NULL, NULL, NULL, 53),
(546, '2021-11-29 18:31:27.513783', '2021-11-29 18:31:27.513783', NULL, '29-11-2021', '09:00', '09:30', 0, 0.5, NULL, NULL, NULL, NULL, NULL, NULL, NULL, 54),
(547, '2021-11-29 18:31:54.668294', '2021-11-29 18:31:54.668294', NULL, '30-11-2021', '07:30', '16:00', 0.5, 8, NULL, NULL, NULL, NULL, NULL, NULL, NULL, 53),
(548, '2021-11-29 21:14:01.560890', '2021-11-29 21:14:01.560890', NULL, '01-11-2021', '08:45', '16:45', 0.5, 7.5, NULL, NULL, NULL, NULL, NULL, NULL, NULL, 59),
(549, '2021-11-29 21:14:31.089455', '2021-11-29 21:14:31.089455', NULL, '03-11-2021', '08:30', '16:30', 0.5, 7.5, NULL, NULL, NULL, NULL, NULL, NULL, NULL, 59),
(550, '2021-11-29 21:15:17.942776', '2021-11-29 21:15:17.942776', NULL, '08-11-2021', '10:00', '17:30', 0.5, 7, NULL, NULL, NULL, NULL, NULL, NULL, NULL, 59),
(551, '2021-11-29 21:15:49.896233', '2021-11-29 21:15:49.896233', NULL, '10-11-2021', '08:00', '17:00', 2, 7, NULL, NULL, NULL, NULL, NULL, NULL, NULL, 59),
(552, '2021-11-29 21:16:28.705741', '2021-11-29 21:16:28.705741', NULL, '23-11-2021', '08:00', '14:00', 0, 6, NULL, NULL, NULL, NULL, NULL, NULL, NULL, 59),
(553, '2021-11-29 21:17:05.981081', '2021-11-29 21:17:23.000000', NULL, '24-11-2021', '08:00', '14:00', 0, 6, NULL, NULL, NULL, NULL, NULL, NULL, NULL, 59),
(554, '2021-11-29 21:17:54.598998', '2021-11-29 21:17:54.598998', NULL, '25-11-2021', '08:30', '16:30', 0.5, 7.5, NULL, NULL, NULL, NULL, NULL, NULL, NULL, 59),
(555, '2021-11-29 21:18:26.101085', '2021-11-29 21:18:26.101085', NULL, '29-11-2021', '09:30', '17:30', 2, 6, NULL, NULL, NULL, NULL, NULL, NULL, NULL, 59),
(556, '2021-11-29 21:18:56.480060', '2021-11-29 21:18:56.480060', NULL, '30-11-2021', '09:30', '17:30', 0.5, 7.5, NULL, NULL, NULL, NULL, NULL, NULL, NULL, 59),
(557, '2021-11-30 05:40:38.043598', '2021-12-02 20:14:33.000000', NULL, '29-11-2021', '08:00', '17:00', 1, 8, NULL, '2021-12-03 00:24:21', '2021-12-03', NULL, NULL, NULL, NULL, 58),
(558, '2021-11-30 05:41:06.460544', '2021-12-02 20:14:33.000000', NULL, '30-11-2021', '07:30', '17:30', 1, 9, NULL, '2021-12-03 00:24:21', '2021-12-03', NULL, NULL, NULL, NULL, 58),
(559, '2021-11-30 06:46:23.996303', '2021-11-30 06:47:07.000000', NULL, '29-11-2021', '09:00', '17:00', 0.25, 7.75, NULL, NULL, NULL, NULL, NULL, NULL, NULL, 50),
(560, '2021-11-30 06:46:43.557992', '2021-11-30 06:46:43.557992', NULL, '30-11-2021', '09:00', '17:00', 0.75, 7.25, NULL, NULL, NULL, NULL, NULL, NULL, NULL, 50),
(561, '2021-11-30 08:17:20.776417', '2021-11-30 08:17:20.776417', NULL, '30-11-2021', '09:00', '12:00', 0, 3, NULL, NULL, NULL, NULL, NULL, NULL, NULL, 49),
(562, '2021-11-30 08:17:48.489131', '2021-11-30 08:17:48.489131', NULL, '29-11-2021', '12:00', '16:00', 0, 4, NULL, NULL, NULL, NULL, NULL, NULL, NULL, 49),
(563, '2021-11-30 08:19:50.862663', '2021-11-30 08:19:50.862663', NULL, '25-11-2021', '08:30', '16:00', 0, 7.5, NULL, NULL, NULL, NULL, NULL, NULL, NULL, 49),
(564, '2021-11-30 08:20:10.930923', '2021-11-30 08:20:10.930923', NULL, '24-11-2021', '09:00', '16:00', 2, 5, NULL, NULL, NULL, NULL, NULL, NULL, NULL, 49),
(565, '2021-11-30 08:21:03.875490', '2021-11-30 08:21:03.875490', NULL, '23-11-2021', '09:00', '17:00', 2, 6, NULL, NULL, NULL, NULL, NULL, NULL, NULL, 49),
(566, '2021-11-30 08:22:05.210356', '2021-11-30 08:22:05.210356', NULL, '22-11-2021', '12:30', '16:00', 0, 3.5, NULL, NULL, NULL, NULL, NULL, NULL, NULL, 49),
(567, '2021-11-30 08:22:46.268731', '2021-11-30 08:22:46.268731', NULL, '18-11-2021', '09:00', '18:00', 1, 8, NULL, NULL, NULL, NULL, NULL, NULL, NULL, 49),
(568, '2021-11-30 08:23:11.079192', '2021-11-30 08:23:11.079192', NULL, '19-11-2021', '08:45', '13:00', 0, 4.25, NULL, NULL, NULL, NULL, NULL, NULL, NULL, 49),
(569, '2021-11-30 08:23:46.069434', '2021-11-30 08:25:08.000000', NULL, '16-11-2021', '10:00', '13:00', 0, 3, NULL, NULL, NULL, NULL, NULL, NULL, NULL, 49),
(570, '2021-11-30 08:24:50.940548', '2021-11-30 08:24:50.940548', NULL, '17-11-2021', '09:30', '16:00', 0.75, 5.75, NULL, NULL, NULL, NULL, NULL, NULL, NULL, 49),
(571, '2021-11-30 08:25:21.938999', '2021-11-30 08:25:21.938999', NULL, '15-11-2021', '13:00', '18:00', 0, 5, NULL, NULL, NULL, NULL, NULL, NULL, NULL, 49),
(572, '2021-11-30 08:26:23.161380', '2021-11-30 08:26:23.161380', NULL, '09-11-2021', '08:15', '17:00', 0.5, 8.25, NULL, NULL, NULL, NULL, NULL, NULL, NULL, 49),
(573, '2021-11-30 08:26:37.845435', '2021-11-30 08:27:17.000000', NULL, '10-11-2021', '12:00', '14:00', 0, 2, NULL, NULL, NULL, NULL, NULL, NULL, NULL, 49),
(574, '2021-11-30 08:29:40.076093', '2021-11-30 08:29:40.076093', NULL, '12-11-2021', '09:00', '15:00', 1, 5, NULL, NULL, NULL, NULL, NULL, NULL, NULL, 49),
(577, '2021-12-02 18:36:12.057069', '2021-12-02 18:36:12.057069', NULL, '29-11-2021', '09:30', '16:00', 2.5, 4, 'Initial handover and weekly synch meeting', NULL, NULL, NULL, NULL, NULL, NULL, 60),
(578, '2021-12-02 18:36:47.398500', '2021-12-02 18:37:09.000000', NULL, '30-11-2021', '09:00', '11:00', 0, 2, 'Engagement setup and handover with Rowan', NULL, NULL, NULL, NULL, NULL, NULL, 60);

-- --------------------------------------------------------

--
-- Table structure for table `timesheet_project_entries`
--

CREATE TABLE `timesheet_project_entries` (
  `id` int(11) NOT NULL,
  `created_at` datetime(6) NOT NULL DEFAULT current_timestamp(6),
  `updated_at` datetime(6) NOT NULL DEFAULT current_timestamp(6) ON UPDATE current_timestamp(6),
  `deleted_at` datetime(6) DEFAULT NULL,
  `timesheet_id` int(11) NOT NULL,
  `milestone_id` int(11) NOT NULL,
  `notes` varchar(255) DEFAULT NULL,
  `attachment` varchar(255) DEFAULT NULL
) ENGINE=InnoDB DEFAULT CHARSET=latin1;

--
-- Dumping data for table `timesheet_project_entries`
--

INSERT INTO `timesheet_project_entries` (`id`, `created_at`, `updated_at`, `deleted_at`, `timesheet_id`, `milestone_id`, `notes`, `attachment`) VALUES
(1, '2021-07-11 04:39:45.326338', '2021-07-11 04:39:45.326338', NULL, 1, 3, NULL, NULL),
(2, '2021-07-15 02:27:03.777177', '2021-07-15 02:27:03.777177', NULL, 2, 15, NULL, NULL),
(3, '2021-07-15 19:25:07.288326', '2021-07-15 19:25:07.288326', NULL, 3, 15, NULL, NULL),
(4, '2021-07-16 01:34:50.779963', '2021-07-16 01:34:50.779963', NULL, 4, 2, NULL, NULL),
(5, '2021-07-18 19:13:55.486788', '2021-07-18 19:13:55.486788', NULL, 5, 15, NULL, NULL),
(6, '2021-07-22 00:22:53.604423', '2021-07-22 00:22:53.604423', NULL, 6, 5, NULL, NULL),
(8, '2021-08-02 19:23:39.235296', '2021-08-02 19:23:39.235296', NULL, 8, 15, NULL, NULL),
(9, '2021-08-08 20:34:53.511511', '2021-08-08 20:34:53.511511', NULL, 9, 3, NULL, NULL),
(11, '2021-08-11 00:20:42.416393', '2021-08-11 00:20:42.416393', NULL, 11, 3, NULL, NULL),
(13, '2021-08-11 19:20:06.349229', '2021-08-11 19:20:06.349229', NULL, 9, 15, NULL, NULL),
(14, '2021-08-12 19:18:45.935241', '2021-08-12 19:18:45.935241', NULL, 8, 23, NULL, NULL),
(17, '2021-08-13 01:13:28.008602', '2021-08-13 01:13:28.008602', NULL, 14, 2, NULL, NULL),
(19, '2021-08-17 21:34:31.472185', '2021-08-17 21:34:31.472185', NULL, 16, 2, NULL, NULL),
(20, '2021-08-19 23:48:54.937429', '2021-08-19 23:48:54.937429', NULL, 17, 22, NULL, NULL),
(21, '2021-08-26 00:44:05.457932', '2021-08-26 00:44:05.457932', NULL, 18, 5, NULL, NULL),
(22, '2021-08-26 02:31:17.575511', '2021-08-26 02:31:17.575511', NULL, 19, 4, NULL, NULL),
(23, '2021-08-29 19:05:11.602761', '2021-08-29 19:05:11.602761', NULL, 20, 9, NULL, NULL),
(24, '2021-09-02 20:05:20.851533', '2021-09-02 20:05:20.851533', NULL, 21, 15, NULL, NULL),
(25, '2021-09-02 20:05:48.514496', '2021-09-02 20:05:48.514496', NULL, 21, 23, NULL, NULL),
(26, '2021-09-06 00:56:19.176666', '2021-09-06 00:56:19.176666', NULL, 22, 2, NULL, NULL),
(27, '2021-09-08 23:39:44.241008', '2021-09-08 23:39:44.241008', NULL, 23, 5, NULL, NULL),
(29, '2021-09-13 19:04:51.289224', '2021-09-13 19:04:51.289224', NULL, 25, 3, NULL, NULL),
(30, '2021-09-13 23:51:39.185794', '2021-09-13 23:51:39.185794', NULL, 26, 22, NULL, NULL),
(31, '2021-09-26 05:16:30.605526', '2021-10-01 19:48:40.000000', NULL, 27, 3, '', NULL),
(36, '2021-09-27 18:00:17.316753', '2021-09-27 18:00:17.316753', NULL, 32, 9, NULL, NULL),
(37, '2021-09-28 21:59:34.682851', '2021-09-28 21:59:34.682851', NULL, 33, 4, NULL, NULL),
(38, '2021-09-28 22:09:35.754413', '2021-09-28 22:09:35.754413', NULL, 34, 4, NULL, NULL),
(40, '2021-10-06 19:16:55.683690', '2021-10-06 19:16:55.683690', NULL, 36, 2, NULL, NULL),
(41, '2021-10-10 20:18:51.470099', '2021-10-10 20:18:51.470099', NULL, 37, 2, NULL, NULL),
(42, '2021-10-12 00:13:31.580395', '2021-10-12 00:13:31.580395', NULL, 38, 5, NULL, NULL),
(43, '2021-10-12 17:53:19.883530', '2021-10-12 17:53:19.883530', NULL, 39, 23, NULL, NULL),
(44, '2021-10-12 17:55:16.297935', '2021-10-12 17:55:16.297935', NULL, 39, 15, NULL, NULL),
(45, '2021-10-13 02:06:40.733914', '2021-10-13 02:06:40.733914', NULL, 40, 22, NULL, NULL),
(47, '2021-10-18 22:34:44.354305', '2021-10-18 22:34:44.354305', NULL, 42, 9, NULL, NULL),
(48, '2021-10-21 19:44:31.260197', '2021-10-21 19:44:31.260197', NULL, 34, 17, NULL, NULL),
(49, '2021-11-02 19:42:13.734110', '2021-11-02 19:42:13.734110', NULL, 43, 2, NULL, NULL),
(50, '2021-11-05 01:44:41.272158', '2021-11-05 01:44:41.272158', NULL, 44, 22, NULL, NULL),
(51, '2021-11-07 17:42:30.242283', '2021-11-07 17:42:30.242283', NULL, 45, 3, NULL, NULL),
(52, '2021-11-08 20:47:41.317089', '2021-11-08 20:47:41.317089', NULL, 43, 12, NULL, NULL),
(53, '2021-11-09 15:47:41.737868', '2021-11-09 15:47:41.737868', NULL, 46, 23, NULL, NULL),
(54, '2021-11-09 15:49:16.101709', '2021-11-09 15:49:16.101709', NULL, 46, 15, NULL, NULL),
(55, '2021-11-09 21:41:57.516876', '2021-11-09 21:41:57.516876', NULL, 43, 15, NULL, NULL),
(56, '2021-11-21 22:14:24.812206', '2021-11-21 22:14:24.812206', NULL, 47, 2, NULL, NULL),
(57, '2021-11-25 21:07:46.511950', '2021-11-25 21:07:46.511950', NULL, 48, 17, NULL, NULL),
(58, '2021-11-27 00:35:57.041489', '2021-11-27 00:35:57.041489', NULL, 49, 9, NULL, NULL),
(59, '2021-11-29 21:14:01.484579', '2021-11-29 21:14:01.484579', NULL, 50, 5, NULL, NULL),
(60, '2021-12-02 18:36:11.980353', '2021-12-02 18:36:11.980353', NULL, 47, 24, NULL, NULL);

-- --------------------------------------------------------

--
-- Table structure for table `time_off_policies`
--

CREATE TABLE `time_off_policies` (
  `id` int(11) NOT NULL,
  `created_at` datetime(6) NOT NULL DEFAULT current_timestamp(6),
  `updated_at` datetime(6) NOT NULL DEFAULT current_timestamp(6) ON UPDATE current_timestamp(6),
  `deleted_at` datetime(6) DEFAULT NULL,
  `label` varchar(255) NOT NULL
) ENGINE=InnoDB DEFAULT CHARSET=latin1;

-- --------------------------------------------------------

--
-- Table structure for table `time_off_policy_time_off_types`
--

CREATE TABLE `time_off_policy_time_off_types` (
  `id` int(11) NOT NULL,
  `created_at` datetime(6) NOT NULL DEFAULT current_timestamp(6),
  `updated_at` datetime(6) NOT NULL DEFAULT current_timestamp(6) ON UPDATE current_timestamp(6),
  `deleted_at` datetime(6) DEFAULT NULL,
  `time_off_policy_id` int(11) NOT NULL,
  `time_off_type_id` int(11) NOT NULL,
  `earn_hours` int(11) NOT NULL,
  `earn_every` enum('N','M','Y','EM','EY') NOT NULL,
  `reset_hours` int(11) NOT NULL,
  `reset_every` enum('N','M','Y','EM','EY') NOT NULL,
  `threshold` int(11) NOT NULL
) ENGINE=InnoDB DEFAULT CHARSET=latin1;

-- --------------------------------------------------------

--
-- Table structure for table `time_off_types`
--

CREATE TABLE `time_off_types` (
  `id` int(11) NOT NULL,
  `created_at` datetime(6) NOT NULL DEFAULT current_timestamp(6),
  `updated_at` datetime(6) NOT NULL DEFAULT current_timestamp(6) ON UPDATE current_timestamp(6),
  `deleted_at` datetime(6) DEFAULT NULL,
  `label` varchar(255) NOT NULL
) ENGINE=InnoDB DEFAULT CHARSET=latin1;

--
-- Indexes for dumped tables
--

--
-- Indexes for table `attachments`
--
ALTER TABLE `attachments`
  ADD PRIMARY KEY (`id`),
  ADD KEY `REL_ae331f0b5f7e58b06e42dfce84` (`file_id`) USING BTREE;

--
-- Indexes for table `bank_accounts`
--
ALTER TABLE `bank_accounts`
  ADD PRIMARY KEY (`id`),
  ADD KEY `FK_cc20105b139589c697648c925c3` (`organization_id`),
  ADD KEY `FK_54020e3939d0c5ba1291d417921` (`employee_id`);

--
-- Indexes for table `calendars`
--
ALTER TABLE `calendars`
  ADD PRIMARY KEY (`id`);

--
-- Indexes for table `calendar_holidays`
--
ALTER TABLE `calendar_holidays`
  ADD PRIMARY KEY (`id`),
  ADD KEY `FK_70ea83ba2ed4855b39d1a1bc6af` (`calendar_id`),
  ADD KEY `FK_348da17f1c1284cebd26fa9a626` (`holiday_type_id`);

--
-- Indexes for table `comments`
--
ALTER TABLE `comments`
  ADD PRIMARY KEY (`id`);

--
-- Indexes for table `contact_persons`
--
ALTER TABLE `contact_persons`
  ADD PRIMARY KEY (`id`),
  ADD KEY `FK_bf098a56e685c8a2416371c48d6` (`state_id`),
  ADD KEY `FK_c66166898d2c2effe847aa10cd8` (`clearance_sponsor_id`);

--
-- Indexes for table `contact_person_organizations`
--
ALTER TABLE `contact_person_organizations`
  ADD PRIMARY KEY (`id`),
  ADD KEY `FK_a92b0a8611370896910ca96bb4b` (`organization_id`),
  ADD KEY `FK_ac13c04d25a86dddf489fc58ad9` (`contact_person_id`);

--
-- Indexes for table `contact_person_standard_skill_standard_level`
--
ALTER TABLE `contact_person_standard_skill_standard_level`
  ADD PRIMARY KEY (`contactPersonsId`,`standardSkillStandardLevelsId`),
  ADD KEY `IDX_13419eb9942fd9a5ed7da64766` (`contactPersonsId`),
  ADD KEY `IDX_595209fce311d78badc6ade44e` (`standardSkillStandardLevelsId`);

--
-- Indexes for table `employees`
--
ALTER TABLE `employees`
  ADD PRIMARY KEY (`id`),
  ADD UNIQUE KEY `IDX_31358a1a133482b25fe81b021e` (`username`),
  ADD UNIQUE KEY `REL_1bc1da6628a26dad7e37b6f05c` (`contact_person_organization_id`),
  ADD KEY `FK_727d9c30d77d3a253177b2e918f` (`role_id`);

--
-- Indexes for table `employment_contracts`
--
ALTER TABLE `employment_contracts`
  ADD PRIMARY KEY (`id`),
  ADD UNIQUE KEY `REL_52ee2b73a4fcaf47bd6e5392de` (`file_id`),
  ADD KEY `FK_3a6fc0765b6b1a6676a3e0bf63c` (`employee_id`);

--
-- Indexes for table `files`
--
ALTER TABLE `files`
  ADD PRIMARY KEY (`id`);

--
-- Indexes for table `global_settings`
--
ALTER TABLE `global_settings`
  ADD PRIMARY KEY (`id`);

--
-- Indexes for table `global_variable_labels`
--
ALTER TABLE `global_variable_labels`
  ADD PRIMARY KEY (`id`);

--
-- Indexes for table `global_variable_values`
--
ALTER TABLE `global_variable_values`
  ADD PRIMARY KEY (`id`);

--
-- Indexes for table `holiday_types`
--
ALTER TABLE `holiday_types`
  ADD PRIMARY KEY (`id`);

--
-- Indexes for table `leases`
--
ALTER TABLE `leases`
  ADD PRIMARY KEY (`id`),
  ADD KEY `FK_523aa5808d4f206471cbeacb94b` (`employee_id`);

--
-- Indexes for table `migrations`
--
ALTER TABLE `migrations`
  ADD PRIMARY KEY (`id`);

--
-- Indexes for table `milestones`
--
ALTER TABLE `milestones`
  ADD PRIMARY KEY (`id`),
  ADD KEY `FK_2204463ea4c5c1872e1fb2b8ffb` (`project_id`);

--
-- Indexes for table `opportunities`
--
ALTER TABLE `opportunities`
  ADD PRIMARY KEY (`id`),
  ADD KEY `FK_28f38a65f9f4bdfacfac3db2412` (`linked_work_id`),
  ADD KEY `FK_bd0c6dbc38bfbc1e441e20b666c` (`organization_id`),
  ADD KEY `FK_d868bb2e5a98957d8654df3deef` (`panel_id`),
  ADD KEY `FK_3b99b877e6d79d6c2322a1f63d9` (`contact_person_id`),
  ADD KEY `FK_144cdf26704e3e9959228310c7f` (`won_by_id`),
  ADD KEY `FK_b688dce039e8bc989c9a17755ec` (`state_id`),
  ADD KEY `FK_0adb323b93898590d60578893fa` (`account_director_id`),
  ADD KEY `FK_cdf41621b4475aa672c0878f3bc` (`account_manager_id`),
  ADD KEY `FK_1b495148aa46ac6112dafb12667` (`opportunity_manager_id`),
  ADD KEY `FK_b7722b33917eb2d46bf2701513b` (`project_manager_id`);

--
-- Indexes for table `opportunity_resources`
--
ALTER TABLE `opportunity_resources`
  ADD PRIMARY KEY (`id`),
  ADD KEY `FK_7c6a39aaedb36e7c68cb789789d` (`panel_skill_id`),
  ADD KEY `FK_af66c23ca8241eb5c9cf660082d` (`panel_skill_standard_level_id`),
  ADD KEY `FK_fb6d65558a3f9b5b0483206284c` (`opportunity_id`),
  ADD KEY `FK_7645a19d0e63df80689844226d5` (`milestone_id`);

--
-- Indexes for table `opportunity_resource_allocations`
--
ALTER TABLE `opportunity_resource_allocations`
  ADD PRIMARY KEY (`id`),
  ADD KEY `FK_fb8480eb3c464cd05b29276fe2f` (`opportunity_resource_id`),
  ADD KEY `FK_9002ddbdfcb11a62423c1926204` (`contact_person_id`);

--
-- Indexes for table `organizations`
--
ALTER TABLE `organizations`
  ADD PRIMARY KEY (`id`),
  ADD KEY `FK_b2942c2abac6a57dffac221431f` (`parent_organization_id`),
  ADD KEY `FK_2c6dd7f1691fbb6a7c1be80530e` (`delegate_contact_person_id`);

--
-- Indexes for table `panels`
--
ALTER TABLE `panels`
  ADD PRIMARY KEY (`id`);

--
-- Indexes for table `panel_skills`
--
ALTER TABLE `panel_skills`
  ADD PRIMARY KEY (`id`),
  ADD KEY `FK_0c5a6931b5879ffc4190038d9b5` (`standard_skill_id`),
  ADD KEY `FK_a935f999ba61fbb6e699c474cfa` (`panel_id`);

--
-- Indexes for table `panel_skill_standard_levels`
--
ALTER TABLE `panel_skill_standard_levels`
  ADD PRIMARY KEY (`id`),
  ADD KEY `FK_13653078d3fb7433f1e5646dd77` (`panel_skill_id`),
  ADD KEY `FK_d1c70a2af2221b5dd8759c29a89` (`standard_level_id`);

--
-- Indexes for table `permissions`
--
ALTER TABLE `permissions`
  ADD PRIMARY KEY (`id`),
  ADD KEY `FK_f10931e7bb05a3b434642ed2797` (`role_id`);

--
-- Indexes for table `purchase_orders`
--
ALTER TABLE `purchase_orders`
  ADD PRIMARY KEY (`id`),
  ADD KEY `FK_360947677fea88151debc0783dd` (`project_id`);

--
-- Indexes for table `roles`
--
ALTER TABLE `roles`
  ADD PRIMARY KEY (`id`);

--
-- Indexes for table `samples`
--
ALTER TABLE `samples`
  ADD PRIMARY KEY (`id`);

--
-- Indexes for table `standard_levels`
--
ALTER TABLE `standard_levels`
  ADD PRIMARY KEY (`id`);

--
-- Indexes for table `standard_skills`
--
ALTER TABLE `standard_skills`
  ADD PRIMARY KEY (`id`);

--
-- Indexes for table `standard_skill_standard_levels`
--
ALTER TABLE `standard_skill_standard_levels`
  ADD PRIMARY KEY (`id`),
  ADD KEY `FK_ebeeb4b501e6926295a2b452b4b` (`standard_skill_id`),
  ADD KEY `FK_5515a8b76c3162bbdbebd368554` (`standard_level_id`);

--
-- Indexes for table `states`
--
ALTER TABLE `states`
  ADD PRIMARY KEY (`id`);

--
-- Indexes for table `timesheets`
--
ALTER TABLE `timesheets`
  ADD PRIMARY KEY (`id`),
  ADD KEY `FK_267f76d9fa5bc70e8a3a1680a02` (`employee_id`);

--
-- Indexes for table `timesheet_entries`
--
ALTER TABLE `timesheet_entries`
  ADD PRIMARY KEY (`id`),
  ADD KEY `FK_405f1765f53f77832da80eee85e` (`submitted_by`),
  ADD KEY `FK_e31b768c51b3e7958098cdd9849` (`approved_by`),
  ADD KEY `FK_ffa9f6eafabc43cc9689958244d` (`rejected_by`),
  ADD KEY `FK_82819a36799842b822255deff2e` (`milestone_entry_id`);

--
-- Indexes for table `timesheet_project_entries`
--
ALTER TABLE `timesheet_project_entries`
  ADD PRIMARY KEY (`id`),
  ADD KEY `FK_ae60468502a6304c69539fd3812` (`timesheet_id`),
  ADD KEY `FK_ebf62c9431ecd39da270ad70eed` (`milestone_id`);

--
-- Indexes for table `time_off_policies`
--
ALTER TABLE `time_off_policies`
  ADD PRIMARY KEY (`id`);

--
-- Indexes for table `time_off_policy_time_off_types`
--
ALTER TABLE `time_off_policy_time_off_types`
  ADD PRIMARY KEY (`id`),
  ADD KEY `FK_521609c3a872273ba155b3f222f` (`time_off_policy_id`),
  ADD KEY `FK_b27b20b1e0c035dfa3497404aec` (`time_off_type_id`);

--
-- Indexes for table `time_off_types`
--
ALTER TABLE `time_off_types`
  ADD PRIMARY KEY (`id`);

--
-- AUTO_INCREMENT for dumped tables
--

--
-- AUTO_INCREMENT for table `attachments`
--
ALTER TABLE `attachments`
  MODIFY `id` int(11) NOT NULL AUTO_INCREMENT, AUTO_INCREMENT=28;

--
-- AUTO_INCREMENT for table `bank_accounts`
--
ALTER TABLE `bank_accounts`
  MODIFY `id` int(11) NOT NULL AUTO_INCREMENT, AUTO_INCREMENT=98;

--
-- AUTO_INCREMENT for table `calendars`
--
ALTER TABLE `calendars`
  MODIFY `id` int(11) NOT NULL AUTO_INCREMENT;

--
-- AUTO_INCREMENT for table `calendar_holidays`
--
ALTER TABLE `calendar_holidays`
  MODIFY `id` int(11) NOT NULL AUTO_INCREMENT;

--
-- AUTO_INCREMENT for table `comments`
--
ALTER TABLE `comments`
  MODIFY `id` int(11) NOT NULL AUTO_INCREMENT, AUTO_INCREMENT=10;

--
-- AUTO_INCREMENT for table `contact_persons`
--
ALTER TABLE `contact_persons`
  MODIFY `id` int(11) NOT NULL AUTO_INCREMENT, AUTO_INCREMENT=84;

--
-- AUTO_INCREMENT for table `contact_person_organizations`
--
ALTER TABLE `contact_person_organizations`
  MODIFY `id` int(11) NOT NULL AUTO_INCREMENT, AUTO_INCREMENT=79;

--
-- AUTO_INCREMENT for table `employees`
--
ALTER TABLE `employees`
  MODIFY `id` int(11) NOT NULL AUTO_INCREMENT, AUTO_INCREMENT=17;

--
-- AUTO_INCREMENT for table `employment_contracts`
--
ALTER TABLE `employment_contracts`
  MODIFY `id` int(11) NOT NULL AUTO_INCREMENT, AUTO_INCREMENT=13;

--
-- AUTO_INCREMENT for table `files`
--
ALTER TABLE `files`
  MODIFY `id` int(11) NOT NULL AUTO_INCREMENT, AUTO_INCREMENT=32;

--
-- AUTO_INCREMENT for table `global_settings`
--
ALTER TABLE `global_settings`
  MODIFY `id` int(11) NOT NULL AUTO_INCREMENT, AUTO_INCREMENT=5;

--
-- AUTO_INCREMENT for table `global_variable_labels`
--
ALTER TABLE `global_variable_labels`
  MODIFY `id` int(11) NOT NULL AUTO_INCREMENT;

--
-- AUTO_INCREMENT for table `global_variable_values`
--
ALTER TABLE `global_variable_values`
  MODIFY `id` int(11) NOT NULL AUTO_INCREMENT;

--
-- AUTO_INCREMENT for table `holiday_types`
--
ALTER TABLE `holiday_types`
  MODIFY `id` int(11) NOT NULL AUTO_INCREMENT;

--
-- AUTO_INCREMENT for table `leases`
--
ALTER TABLE `leases`
  MODIFY `id` int(11) NOT NULL AUTO_INCREMENT;

--
-- AUTO_INCREMENT for table `migrations`
--
ALTER TABLE `migrations`
  MODIFY `id` int(11) NOT NULL AUTO_INCREMENT, AUTO_INCREMENT=4;

--
-- AUTO_INCREMENT for table `milestones`
--
ALTER TABLE `milestones`
  MODIFY `id` int(11) NOT NULL AUTO_INCREMENT, AUTO_INCREMENT=26;

--
-- AUTO_INCREMENT for table `opportunities`
--
ALTER TABLE `opportunities`
  MODIFY `id` int(11) NOT NULL AUTO_INCREMENT, AUTO_INCREMENT=26;

--
-- AUTO_INCREMENT for table `opportunity_resources`
--
ALTER TABLE `opportunity_resources`
  MODIFY `id` int(11) NOT NULL AUTO_INCREMENT, AUTO_INCREMENT=42;

--
-- AUTO_INCREMENT for table `opportunity_resource_allocations`
--
ALTER TABLE `opportunity_resource_allocations`
  MODIFY `id` int(11) NOT NULL AUTO_INCREMENT, AUTO_INCREMENT=34;

--
-- AUTO_INCREMENT for table `organizations`
--
ALTER TABLE `organizations`
  MODIFY `id` int(11) NOT NULL AUTO_INCREMENT, AUTO_INCREMENT=87;

--
-- AUTO_INCREMENT for table `panels`
--
ALTER TABLE `panels`
  MODIFY `id` int(11) NOT NULL AUTO_INCREMENT, AUTO_INCREMENT=5;

--
-- AUTO_INCREMENT for table `panel_skills`
--
ALTER TABLE `panel_skills`
  MODIFY `id` int(11) NOT NULL AUTO_INCREMENT, AUTO_INCREMENT=108;

--
-- AUTO_INCREMENT for table `panel_skill_standard_levels`
--
ALTER TABLE `panel_skill_standard_levels`
  MODIFY `id` int(11) NOT NULL AUTO_INCREMENT, AUTO_INCREMENT=381;

--
-- AUTO_INCREMENT for table `permissions`
--
ALTER TABLE `permissions`
  MODIFY `id` int(11) NOT NULL AUTO_INCREMENT, AUTO_INCREMENT=51;

--
-- AUTO_INCREMENT for table `purchase_orders`
--
ALTER TABLE `purchase_orders`
  MODIFY `id` int(11) NOT NULL AUTO_INCREMENT, AUTO_INCREMENT=5;

--
-- AUTO_INCREMENT for table `roles`
--
ALTER TABLE `roles`
  MODIFY `id` int(11) NOT NULL AUTO_INCREMENT, AUTO_INCREMENT=4;

--
-- AUTO_INCREMENT for table `samples`
--
ALTER TABLE `samples`
  MODIFY `id` int(11) NOT NULL AUTO_INCREMENT;

--
-- AUTO_INCREMENT for table `standard_levels`
--
ALTER TABLE `standard_levels`
  MODIFY `id` int(11) NOT NULL AUTO_INCREMENT, AUTO_INCREMENT=4;

--
-- AUTO_INCREMENT for table `standard_skills`
--
ALTER TABLE `standard_skills`
  MODIFY `id` int(11) NOT NULL AUTO_INCREMENT, AUTO_INCREMENT=31;

--
-- AUTO_INCREMENT for table `standard_skill_standard_levels`
--
ALTER TABLE `standard_skill_standard_levels`
  MODIFY `id` int(11) NOT NULL AUTO_INCREMENT, AUTO_INCREMENT=56;

--
-- AUTO_INCREMENT for table `states`
--
ALTER TABLE `states`
  MODIFY `id` int(11) NOT NULL AUTO_INCREMENT, AUTO_INCREMENT=9;

--
-- AUTO_INCREMENT for table `timesheets`
--
ALTER TABLE `timesheets`
  MODIFY `id` int(11) NOT NULL AUTO_INCREMENT, AUTO_INCREMENT=51;

--
-- AUTO_INCREMENT for table `timesheet_entries`
--
ALTER TABLE `timesheet_entries`
  MODIFY `id` int(11) NOT NULL AUTO_INCREMENT, AUTO_INCREMENT=579;

--
-- AUTO_INCREMENT for table `timesheet_project_entries`
--
ALTER TABLE `timesheet_project_entries`
  MODIFY `id` int(11) NOT NULL AUTO_INCREMENT, AUTO_INCREMENT=61;

--
-- AUTO_INCREMENT for table `time_off_policies`
--
ALTER TABLE `time_off_policies`
  MODIFY `id` int(11) NOT NULL AUTO_INCREMENT;

--
-- AUTO_INCREMENT for table `time_off_policy_time_off_types`
--
ALTER TABLE `time_off_policy_time_off_types`
  MODIFY `id` int(11) NOT NULL AUTO_INCREMENT;

--
-- AUTO_INCREMENT for table `time_off_types`
--
ALTER TABLE `time_off_types`
  MODIFY `id` int(11) NOT NULL AUTO_INCREMENT;

--
-- Constraints for dumped tables
--

--
-- Constraints for table `attachments`
--
ALTER TABLE `attachments`
  ADD CONSTRAINT `FK_ae331f0b5f7e58b06e42dfce847` FOREIGN KEY (`file_id`) REFERENCES `files` (`id`) ON DELETE NO ACTION ON UPDATE NO ACTION;

--
-- Constraints for table `bank_accounts`
--
ALTER TABLE `bank_accounts`
  ADD CONSTRAINT `FK_54020e3939d0c5ba1291d417921` FOREIGN KEY (`employee_id`) REFERENCES `employees` (`id`) ON DELETE NO ACTION ON UPDATE NO ACTION,
  ADD CONSTRAINT `FK_cc20105b139589c697648c925c3` FOREIGN KEY (`organization_id`) REFERENCES `organizations` (`id`) ON DELETE NO ACTION ON UPDATE NO ACTION;

--
-- Constraints for table `calendar_holidays`
--
ALTER TABLE `calendar_holidays`
  ADD CONSTRAINT `FK_348da17f1c1284cebd26fa9a626` FOREIGN KEY (`holiday_type_id`) REFERENCES `holiday_types` (`id`) ON DELETE NO ACTION ON UPDATE NO ACTION,
  ADD CONSTRAINT `FK_70ea83ba2ed4855b39d1a1bc6af` FOREIGN KEY (`calendar_id`) REFERENCES `calendars` (`id`) ON DELETE NO ACTION ON UPDATE NO ACTION;

--
-- Constraints for table `contact_persons`
--
ALTER TABLE `contact_persons`
  ADD CONSTRAINT `FK_bf098a56e685c8a2416371c48d6` FOREIGN KEY (`state_id`) REFERENCES `states` (`id`) ON DELETE NO ACTION ON UPDATE NO ACTION,
  ADD CONSTRAINT `FK_c66166898d2c2effe847aa10cd8` FOREIGN KEY (`clearance_sponsor_id`) REFERENCES `organizations` (`id`) ON DELETE NO ACTION ON UPDATE NO ACTION;

--
-- Constraints for table `contact_person_organizations`
--
ALTER TABLE `contact_person_organizations`
  ADD CONSTRAINT `FK_a92b0a8611370896910ca96bb4b` FOREIGN KEY (`organization_id`) REFERENCES `organizations` (`id`) ON DELETE NO ACTION ON UPDATE NO ACTION,
  ADD CONSTRAINT `FK_ac13c04d25a86dddf489fc58ad9` FOREIGN KEY (`contact_person_id`) REFERENCES `contact_persons` (`id`) ON DELETE NO ACTION ON UPDATE NO ACTION;

--
-- Constraints for table `contact_person_standard_skill_standard_level`
--
ALTER TABLE `contact_person_standard_skill_standard_level`
  ADD CONSTRAINT `FK_13419eb9942fd9a5ed7da64766c` FOREIGN KEY (`contactPersonsId`) REFERENCES `contact_persons` (`id`) ON DELETE CASCADE ON UPDATE NO ACTION,
  ADD CONSTRAINT `FK_595209fce311d78badc6ade44ee` FOREIGN KEY (`standardSkillStandardLevelsId`) REFERENCES `standard_skill_standard_levels` (`id`) ON DELETE CASCADE ON UPDATE NO ACTION;

--
-- Constraints for table `employees`
--
ALTER TABLE `employees`
  ADD CONSTRAINT `FK_1bc1da6628a26dad7e37b6f05c1` FOREIGN KEY (`contact_person_organization_id`) REFERENCES `contact_person_organizations` (`id`) ON DELETE NO ACTION ON UPDATE NO ACTION,
  ADD CONSTRAINT `FK_727d9c30d77d3a253177b2e918f` FOREIGN KEY (`role_id`) REFERENCES `roles` (`id`) ON DELETE NO ACTION ON UPDATE NO ACTION;

--
-- Constraints for table `employment_contracts`
--
ALTER TABLE `employment_contracts`
  ADD CONSTRAINT `FK_3a6fc0765b6b1a6676a3e0bf63c` FOREIGN KEY (`employee_id`) REFERENCES `employees` (`id`) ON DELETE NO ACTION ON UPDATE NO ACTION,
  ADD CONSTRAINT `FK_52ee2b73a4fcaf47bd6e5392de4` FOREIGN KEY (`file_id`) REFERENCES `files` (`id`) ON DELETE NO ACTION ON UPDATE NO ACTION;

--
-- Constraints for table `leases`
--
ALTER TABLE `leases`
  ADD CONSTRAINT `FK_523aa5808d4f206471cbeacb94b` FOREIGN KEY (`employee_id`) REFERENCES `employees` (`id`) ON DELETE NO ACTION ON UPDATE NO ACTION;

--
-- Constraints for table `milestones`
--
ALTER TABLE `milestones`
  ADD CONSTRAINT `FK_2204463ea4c5c1872e1fb2b8ffb` FOREIGN KEY (`project_id`) REFERENCES `opportunities` (`id`) ON DELETE NO ACTION ON UPDATE NO ACTION;

--
-- Constraints for table `opportunities`
--
ALTER TABLE `opportunities`
  ADD CONSTRAINT `FK_0adb323b93898590d60578893fa` FOREIGN KEY (`account_director_id`) REFERENCES `employees` (`id`) ON DELETE NO ACTION ON UPDATE NO ACTION,
  ADD CONSTRAINT `FK_144cdf26704e3e9959228310c7f` FOREIGN KEY (`won_by_id`) REFERENCES `organizations` (`id`) ON DELETE NO ACTION ON UPDATE NO ACTION,
  ADD CONSTRAINT `FK_1b495148aa46ac6112dafb12667` FOREIGN KEY (`opportunity_manager_id`) REFERENCES `employees` (`id`) ON DELETE NO ACTION ON UPDATE NO ACTION,
  ADD CONSTRAINT `FK_28f38a65f9f4bdfacfac3db2412` FOREIGN KEY (`linked_work_id`) REFERENCES `opportunities` (`id`) ON DELETE NO ACTION ON UPDATE NO ACTION,
  ADD CONSTRAINT `FK_3b99b877e6d79d6c2322a1f63d9` FOREIGN KEY (`contact_person_id`) REFERENCES `contact_persons` (`id`) ON DELETE NO ACTION ON UPDATE NO ACTION,
  ADD CONSTRAINT `FK_b688dce039e8bc989c9a17755ec` FOREIGN KEY (`state_id`) REFERENCES `states` (`id`) ON DELETE NO ACTION ON UPDATE NO ACTION,
  ADD CONSTRAINT `FK_b7722b33917eb2d46bf2701513b` FOREIGN KEY (`project_manager_id`) REFERENCES `employees` (`id`) ON DELETE NO ACTION ON UPDATE NO ACTION,
  ADD CONSTRAINT `FK_bd0c6dbc38bfbc1e441e20b666c` FOREIGN KEY (`organization_id`) REFERENCES `organizations` (`id`) ON DELETE NO ACTION ON UPDATE NO ACTION,
  ADD CONSTRAINT `FK_cdf41621b4475aa672c0878f3bc` FOREIGN KEY (`account_manager_id`) REFERENCES `employees` (`id`) ON DELETE NO ACTION ON UPDATE NO ACTION,
  ADD CONSTRAINT `FK_d868bb2e5a98957d8654df3deef` FOREIGN KEY (`panel_id`) REFERENCES `panels` (`id`) ON DELETE NO ACTION ON UPDATE NO ACTION;

--
-- Constraints for table `opportunity_resources`
--
ALTER TABLE `opportunity_resources`
  ADD CONSTRAINT `FK_7645a19d0e63df80689844226d5` FOREIGN KEY (`milestone_id`) REFERENCES `milestones` (`id`) ON DELETE NO ACTION ON UPDATE NO ACTION,
  ADD CONSTRAINT `FK_7c6a39aaedb36e7c68cb789789d` FOREIGN KEY (`panel_skill_id`) REFERENCES `panel_skills` (`id`) ON DELETE NO ACTION ON UPDATE NO ACTION,
  ADD CONSTRAINT `FK_af66c23ca8241eb5c9cf660082d` FOREIGN KEY (`panel_skill_standard_level_id`) REFERENCES `panel_skill_standard_levels` (`id`) ON DELETE NO ACTION ON UPDATE NO ACTION,
  ADD CONSTRAINT `FK_fb6d65558a3f9b5b0483206284c` FOREIGN KEY (`opportunity_id`) REFERENCES `opportunities` (`id`) ON DELETE NO ACTION ON UPDATE NO ACTION;

--
-- Constraints for table `opportunity_resource_allocations`
--
ALTER TABLE `opportunity_resource_allocations`
  ADD CONSTRAINT `FK_9002ddbdfcb11a62423c1926204` FOREIGN KEY (`contact_person_id`) REFERENCES `contact_persons` (`id`) ON DELETE NO ACTION ON UPDATE NO ACTION,
  ADD CONSTRAINT `FK_fb8480eb3c464cd05b29276fe2f` FOREIGN KEY (`opportunity_resource_id`) REFERENCES `opportunity_resources` (`id`) ON DELETE NO ACTION ON UPDATE NO ACTION;

--
-- Constraints for table `organizations`
--
ALTER TABLE `organizations`
  ADD CONSTRAINT `FK_2c6dd7f1691fbb6a7c1be80530e` FOREIGN KEY (`delegate_contact_person_id`) REFERENCES `contact_persons` (`id`) ON DELETE NO ACTION ON UPDATE NO ACTION,
  ADD CONSTRAINT `FK_b2942c2abac6a57dffac221431f` FOREIGN KEY (`parent_organization_id`) REFERENCES `organizations` (`id`) ON DELETE NO ACTION ON UPDATE NO ACTION;

--
-- Constraints for table `panel_skills`
--
ALTER TABLE `panel_skills`
  ADD CONSTRAINT `FK_0c5a6931b5879ffc4190038d9b5` FOREIGN KEY (`standard_skill_id`) REFERENCES `standard_skills` (`id`) ON DELETE NO ACTION ON UPDATE NO ACTION,
  ADD CONSTRAINT `FK_a935f999ba61fbb6e699c474cfa` FOREIGN KEY (`panel_id`) REFERENCES `panels` (`id`) ON DELETE NO ACTION ON UPDATE NO ACTION;

--
-- Constraints for table `panel_skill_standard_levels`
--
ALTER TABLE `panel_skill_standard_levels`
  ADD CONSTRAINT `FK_13653078d3fb7433f1e5646dd77` FOREIGN KEY (`panel_skill_id`) REFERENCES `panel_skills` (`id`) ON DELETE NO ACTION ON UPDATE NO ACTION,
  ADD CONSTRAINT `FK_d1c70a2af2221b5dd8759c29a89` FOREIGN KEY (`standard_level_id`) REFERENCES `standard_levels` (`id`) ON DELETE NO ACTION ON UPDATE NO ACTION;

--
-- Constraints for table `permissions`
--
ALTER TABLE `permissions`
  ADD CONSTRAINT `FK_f10931e7bb05a3b434642ed2797` FOREIGN KEY (`role_id`) REFERENCES `roles` (`id`) ON DELETE NO ACTION ON UPDATE NO ACTION;

--
-- Constraints for table `purchase_orders`
--
ALTER TABLE `purchase_orders`
  ADD CONSTRAINT `FK_360947677fea88151debc0783dd` FOREIGN KEY (`project_id`) REFERENCES `opportunities` (`id`) ON DELETE NO ACTION ON UPDATE NO ACTION;

--
-- Constraints for table `standard_skill_standard_levels`
--
ALTER TABLE `standard_skill_standard_levels`
  ADD CONSTRAINT `FK_5515a8b76c3162bbdbebd368554` FOREIGN KEY (`standard_level_id`) REFERENCES `standard_levels` (`id`) ON DELETE NO ACTION ON UPDATE NO ACTION,
  ADD CONSTRAINT `FK_ebeeb4b501e6926295a2b452b4b` FOREIGN KEY (`standard_skill_id`) REFERENCES `standard_skills` (`id`) ON DELETE NO ACTION ON UPDATE NO ACTION;

--
-- Constraints for table `timesheets`
--
ALTER TABLE `timesheets`
  ADD CONSTRAINT `FK_267f76d9fa5bc70e8a3a1680a02` FOREIGN KEY (`employee_id`) REFERENCES `employees` (`id`) ON DELETE NO ACTION ON UPDATE NO ACTION;

--
-- Constraints for table `timesheet_entries`
--
ALTER TABLE `timesheet_entries`
  ADD CONSTRAINT `FK_405f1765f53f77832da80eee85e` FOREIGN KEY (`submitted_by`) REFERENCES `employees` (`id`) ON DELETE NO ACTION ON UPDATE NO ACTION,
  ADD CONSTRAINT `FK_82819a36799842b822255deff2e` FOREIGN KEY (`milestone_entry_id`) REFERENCES `timesheet_project_entries` (`id`) ON DELETE NO ACTION ON UPDATE NO ACTION,
  ADD CONSTRAINT `FK_e31b768c51b3e7958098cdd9849` FOREIGN KEY (`approved_by`) REFERENCES `employees` (`id`) ON DELETE NO ACTION ON UPDATE NO ACTION,
  ADD CONSTRAINT `FK_ffa9f6eafabc43cc9689958244d` FOREIGN KEY (`rejected_by`) REFERENCES `employees` (`id`) ON DELETE NO ACTION ON UPDATE NO ACTION;

--
-- Constraints for table `timesheet_project_entries`
--
ALTER TABLE `timesheet_project_entries`
  ADD CONSTRAINT `FK_ae60468502a6304c69539fd3812` FOREIGN KEY (`timesheet_id`) REFERENCES `timesheets` (`id`) ON DELETE NO ACTION ON UPDATE NO ACTION,
  ADD CONSTRAINT `FK_ebf62c9431ecd39da270ad70eed` FOREIGN KEY (`milestone_id`) REFERENCES `milestones` (`id`) ON DELETE NO ACTION ON UPDATE NO ACTION;

--
-- Constraints for table `time_off_policy_time_off_types`
--
ALTER TABLE `time_off_policy_time_off_types`
  ADD CONSTRAINT `FK_521609c3a872273ba155b3f222f` FOREIGN KEY (`time_off_policy_id`) REFERENCES `time_off_policies` (`id`) ON DELETE NO ACTION ON UPDATE NO ACTION,
  ADD CONSTRAINT `FK_b27b20b1e0c035dfa3497404aec` FOREIGN KEY (`time_off_type_id`) REFERENCES `time_off_types` (`id`) ON DELETE NO ACTION ON UPDATE NO ACTION;
COMMIT;

/*!40101 SET CHARACTER_SET_CLIENT=@OLD_CHARACTER_SET_CLIENT */;
/*!40101 SET CHARACTER_SET_RESULTS=@OLD_CHARACTER_SET_RESULTS */;
/*!40101 SET COLLATION_CONNECTION=@OLD_COLLATION_CONNECTION */;
